id,subreddit,permalink,title,selftext,created_utc_formatted,created_utc,author,score,ups,downs,num_comments,upvote_ratio,author_fullname,subreddit_subscribers,total_awards_received,link_flair_text,over_18,locked,created_local_formatted,created_local,edited,selftext_length,downs_calculated
1ir4hdl,BDS,https://reddit.com/r/BDS/comments/1ir4hdl/please_donate_to_gaza_humanitarian_aid_ngos/,"Please donate to Gaza humanitarian aid NGOs listed here, rather than individual appeals","We have noticed thousands of individual appeals by Gazans for financial support on social media platforms including [r/BDS](https://www.reddit.com/r/BDS/). We understand the immense suffering they are experiencing. Anyone who wishes to support such appeals are free to do so. However, we have no way to authenticate these appeals to ensure they are legitimate.

Reddit's filter labels many of these posts as spam.  We do not approve any of these for posting to our sub, because doing so would flood the sub with them.  **The mods feel that donations to humanitarian aid NGOs provide widespread support to hundreds of thousands of Gazans, rather than the limited scope of supporting individuals or families.**

Here are some of these NGOs and we urge you to support them:

Anera (American Near East Refugee Aid): [https://support.anera.org/a/palestine-emergency](https://support.anera.org/a/palestine-emergency)

MAP (Medical Aid for Palestine): [https://www.map.org/our-work/](https://www.map.org/our-work/)

UNICEF: [https://www.unicef.org/emergencies/children-gaza-need-lifesaving-support](https://www.unicef.org/emergencies/children-gaza-need-lifesaving-support)

UNWRA (UNited Nations Relieft and Works Agency): [https://www.unrwa.org/](https://www.unrwa.org/)

MECA (Middle East Children's Alliance): [https://www.mecaforpeace.org/](https://www.mecaforpeace.org/)

Palestine Children's Relief Fund: [https://pcrf1.app.neoncrm.com/forms/gaza-relief](https://pcrf1.app.neoncrm.com/forms/gaza-relief)

Palestinian Red Crescent (ICRC affiliate): [https://www.palestinercs.org/en](https://www.palestinercs.org/en)

Islamic Relief: [https://irusa.org/middle-east/](https://irusa.org/middle-east/)

Doctors Without Borders: [https://www.doctorswithoutborders.org/what-we-do/where-we-work/palestine](https://www.doctorswithoutborders.org/what-we-do/where-we-work/palestine)

UN Crisis Relief: [https://crisisrelief.un.org/opt-crisis](https://crisisrelief.un.org/opt-crisis)

Defense for Children International-Palestine (DFCIP):

International Rescue Committee (IRC): [https://www.rescue.org/country/occupied-palestinian-territory-opt](https://www.rescue.org/country/occupied-palestinian-territory-opt)",2025-02-16 22:27:46,1739744866.0,richards1052,168,168,0,4,0.98,t2_11s8q,29822,0,Gaza,False,False,2025-02-16 22:27:46,1739744866.0,False,2199.0,3
1ilw898,BDS,https://reddit.com/r/BDS/comments/1ilw898/aid_for_gaza/,Aid for Gaza,"We have noticed thousands of individual appeals by Gazans for financial support on social media platforms including r/BDS.  We understand the immense suffering they are experiencing and welcome anyone who wishes to support such appeals. However, we feel that the best use of donations would be to humanitarian aid NGOs providing widespread support to hundreds of thousands of Gazans.

Here are some of these NGOs and we urge you to support them:

Anera (American Near East Refugee Aid): [https://support.anera.org/a/palestine-emergency](https://support.anera.org/a/palestine-emergency)

MAP (Medical Aid for Palestine): [https://www.map.org/our-work/](https://www.map.org/our-work/)

UNICEF: [https://www.unicef.org/emergencies/children-gaza-need-lifesaving-support](https://www.unicef.org/emergencies/children-gaza-need-lifesaving-support)

UNWRA (UNited Nations Relieft and Works Agency): [https://www.unrwa.org/](https://www.unrwa.org/)

MECA (Middle East Children's Alliance): [https://www.mecaforpeace.org/](https://www.mecaforpeace.org/)

Palestine Children's Relief Fund: [https://pcrf1.app.neoncrm.com/forms/gaza-relief](https://pcrf1.app.neoncrm.com/forms/gaza-relief)

Palestinian Red Crescent (ICRC affiliate): [https://www.palestinercs.org/en](https://www.palestinercs.org/en)

Islamic Relief: [https://irusa.org/middle-east/](https://irusa.org/middle-east/)

Doctors Without Borders: [https://www.doctorswithoutborders.org/what-we-do/where-we-work/palestine](https://www.doctorswithoutborders.org/what-we-do/where-we-work/palestine)

UN Crisis Relief: [https://crisisrelief.un.org/opt-crisis](https://crisisrelief.un.org/opt-crisis)

Defense for Children International-Palestine (DFCIP): 

International Rescue Committee (IRC): [https://www.rescue.org/country/occupied-palestinian-territory-opt](https://www.rescue.org/country/occupied-palestinian-territory-opt)",2025-02-10 03:58:08,1739156288.0,richards1052,92,92,0,0,1.0,t2_11s8q,29822,0,Gaza,False,False,2025-02-10 03:58:08,1739156288.0,False,1875.0,0
1qh4lum,BDS,https://reddit.com/r/BDS/comments/1qh4lum/tesco_uk_selling_israeli_avocados_with_misleading/,Tesco UK selling Israeli avocados with misleading origin labelling,"Tesco UK is selling avocados sourced from Israel, but the country of origin is not clearly stated on the fruit itself. The stickers and crate label only say “Non-EU”, which is vague and misleading. The only place “Origin: Israel” appears is on the small shelf price label at the bottom, which many shoppers will easily miss.

This makes it very easy for people to unknowingly buy Israeli produce. Please be aware and boycott these avocados in all Tesco UK stores, and check shelf labels carefully if you’re shopping there.",2026-01-19 14:48:57,1768830537.0,wild_orca,214,214,0,5,0.98,t2_7rlm7fjb,29822,0,Boycott,False,False,2026-01-19 14:48:57,1768830537.0,False,522.0,4
1qh7f4j,BDS,https://reddit.com/r/BDS/comments/1qh7f4j/venezuela_greenland_and_iran_key_takeaways_on_the/,"Venezuela, Greenland and Iran: Key takeaways — On the historic change in US policy, and what decolonial possibilities we must take advantage of","An article on [Al-Akhbar](https://www.al-akhbar.com/topics-opinions/876116/%D9%85%D9%86-%D9%81%D9%86%D8%B2%D9%88%D9%8A%D9%84%D8%A7-%D9%88%D8%BA%D8%B1%D9%8A%D9%86%D9%84%D8%A7%D9%86%D8%AF-%D8%A5%D9%84%D9%89-%D8%A5%D9%8A%D8%B1%D8%A7%D9%86--%D9%85%D8%B9%D8%A7%D9%84%D9%85-%D8%B9%D8%A7%D9%84%D9%85-%D8%AC%D8%AF%D9%8A%D8%AF), translated and published on [The De-Colonial Horizon](https://substack.com/home/post/p-185042770)

The recent weeks, just like the recent years, have been momentous, as the US administration abducted Venezuelan president Maduro, declared its intention to annex Greenland, and threatened to attack Iran then appeared to back off. What are some key takeaways that can help us grasp what is happening, and affect what the US administration is planning?

**First, it’s not just about Trump.** Although much of the attention has been centered on him and his unusual personality, one person seldom affects the political scene. Just like in any other state or administration, political scene is shaped by the balance of power imposed by capital and organized groups such as the media, lobbies or syndicates. Trump can maneuver, and choose certain groups’ interests over others, but only within these overall constraints. Focusing on his person can [shift away the attention](https://decolonialpraxis.substack.com/p/the-risk-of-treating-hitler-as-a) from the capitalist and colonial system that enabled his ascent to power and the major actors that are interested in —or even behind— the kind of decisions the US administration is taking.

Which brings us to the second point, that **it’s also not just about resources—actually, primarily not so.** Of course, the US administration is interested in putting its hand on other societies’ oil and precious metals. But there’s a reason why it is now targeting Venezuela and Greenland, two countries on the American continent, and it mentions it explicitly in its Nov 2025 [National Security Strategy](https://www.whitehouse.gov/wp-content/uploads/2025/12/2025-National-Security-Strategy.pdf). The strategy takes note of China’s growing economic hegemony and presents it as a threat to the US. It focuses on “reindustralizing the US” —hence the tariffs— and containing China.

This marks a turning point from its over thirty-years-old open-market policy, and, crucially, from soft power to hard power. Within this context, the document presents the Western Hemisphere as its primary theater and states that “the United States will reassert and enforce the Monroe Doctrine to restore American preeminence in the Western Hemisphere”. It leaves no doubt as to the fact that this means a “readjustment of our global military presence to address urgent threats in our Hemisphere”. This is the context in which the US is seeking to entrench its hegemony, first and foremost over the American continent.

**The US’s threat and use of violence are thus disrupting the world order.** This does not refer at all to the European imaginary that we live in an order of law and values—Societies in the Global South know very well we already live in a deeply violent world. The international institutions that the US administration is ignoring are actually [colonial institutions](https://decolonialpraxis.substack.com/p/freeing-the-world-from-colonial-institutions?utm_source=publication-search): For example, the US, Russia and China are not parties to the ICC, meaning that any country joining the ICC would be liable to it but would not be protected by it from war crimes by any of these three world powers. The colonial powers that set up the ICJ decided that it cannot enforce its decisions and that only the UN can—yet UN decisions are subject to approval by the five global power.

The world order we live in operates by this basic imperialist law: Global powers can do whatever they want, as long as the other global powers are OK with it. It was set up, not to protect weak societies from global powers, but to protect global powers from each other—to institute the negotiations between them, making sure the horrors they committed to each other in the [so-called world wars](https://decolonialpraxis.substack.com/p/discerning-colonial-terms) only happen to others. Accordingly, when Europe [complains](https://www.bbc.com/news/articles/c041n3ng03no) about Trump reshaping the world order, they are not referring to a global order of peace and justice, but to an order that allowed them to share hegemony with the US. This is the order they are attempting to save by sending troops to Greenland. And this is the order that the US administration is disrupting, and might even destroy. This antagonism with Europe is one we should study and make the best of in our struggle for a world order that is actually just.

This puts on political movements and citizens in the Global South the responsibility of **correctly understanding the political scene**. Recent events in particular have shown the limitations of oversimplistic analyses. For example, Maduro was not abducted because of his support for Palestine. In a [recent article](https://www.alaraby.co.uk/opinion/%D8%AA%D8%B1%D8%A7%D9%85%D8%A8-%D9%88%D9%85%D8%A7%D8%AF%D9%88%D8%B1%D9%88-%D9%88%D8%AF%D8%B1%D8%B3-%D9%81%D9%84%D8%B3%D8%B7%D9%8A%D9%86), Palestinian writer Hussam Abu Hamed speaks of this explanation as “a lazy one that ignores the fact that what happened is related to a declared set of goals of influence, power, and the rearrangement of the Latin American region, and is not related to a single issue. Turning Palestine into the ultimate cause obscures what is more important: that Washington is saying that it wants Venezuela as a manageable country. And here lies the danger for Palestine itself, when Palestine becomes the magic explanation for every coup or invasion, transforming it from a rights issue to a brand in the market of conflicts.”

Similar oversimplistic analyses have appeared in the context of the scene in Iran. Most were black or white, either unequivocally supporting the demonstrations as just ones in the face of an oppressive regimes or standing against them as foreign-backed against a regime targeted by Israel and the US. The reality is, however, more complicated than that. On one hand, the colony [openly stated](https://www.jpost.com/middle-east/iran-news/article-883524) its interference in the protests, so how could we claim otherwise? On the other hand, staunch anti-zionist movements such as Tudeh—whose fighters resisted the colony and were martyred alongside Palestinian fighters—declared their support of and participation in the demonstrations, so how could we be so quick to demonize them? The reality is that the people on the ground in Iran are diverse. Some support the return of the Shah-to-be and normalization with the colony. Some are socialists who revolted with the Islamists against the Shah and were then killed by the Islamists. Some are Mossad agents. Some are petty bourgeoisie who lost their capital and want it back under any regime. Some are women who are oppressed by religious rule and want secularism. Some are Kurds or Arabs who see an opportunity for self-rule and/or independence. Reality is colorful, and black-or-white dichotomies, though pleasant to our minds, fail to grasp what is happening. We cannot affect the political scene if we cannot understand it properly.

Which brings us to the concluding point: We must seek, not only to understand events, but to shape them. Most analyses of Venezuela, Greenland and Iran are stuck in observation mode, and therefore fail to escape theoretical “with/against” dichotomies. We must build the individual and organizational capacity to read the political scene accurately, analyze shifts in the balance of power, and then build the power to affect these shifts in favor of a liberatory and democratic political vision.",2026-01-19 16:37:21,1768837041.0,Level-Kiwi-3836,13,13,0,0,0.94,t2_1hlu7lllfw,29822,0,Discussion,False,False,2026-01-19 16:37:21,1768837041.0,False,7851.0,0
1qhdjtm,BDS,https://reddit.com/r/BDS/comments/1qhdjtm/international_airlines_best_of_the_worst/,International Airlines: Best of the Worst,Going to have to take international trips soon. Based on my research there’s just no way to do entirely ethically. But if you have advice on BOTW lmk.,2026-01-19 20:11:22,1768849882.0,90stvkid,5,5,0,0,1.0,t2_izb4qwjv,29822,0,Consumer,False,False,2026-01-19 20:11:22,1768849882.0,False,150.0,0
1qgiho9,BDS,https://reddit.com/r/BDS/comments/1qgiho9/this_is_supposed_to_happen_to_arabs_not_to_us/,"“This is supposed to happen to Arabs, not to us!”",,2026-01-18 20:53:08,1768765988.0,Tr0jan___,358,358,0,7,1.0,t2_ykt3x3780,29822,0,Meme!,False,False,2026-01-18 20:53:08,1768765988.0,False,,0
1qhein0,BDS,https://reddit.com/r/BDS/comments/1qhein0/haagen_dazs_belgian_chocolate_milkshake/,Haagen Dazs Belgian Chocolate MilkShake Replacement,Need an alt for shake in title. Some super rich elite tasting chocolate milkshake ,2026-01-19 20:45:48,1768851948.0,manofwater3615,4,4,0,0,1.0,t2_58xn2f,29822,0,Consumer,False,False,2026-01-19 20:45:48,1768851948.0,False,82.0,0
1qgvj71,BDS,https://reddit.com/r/BDS/comments/1qgvj71/why_it_deleted/,Why it deleted?,,2026-01-19 06:28:32,1768800512.0,blue_dottt,38,38,0,5,0.91,t2_sxh601qha,29822,0,ASK THE SUB,False,False,2026-01-19 06:28:32,1768800512.0,False,,3
1qgshm0,BDS,https://reddit.com/r/BDS/comments/1qgshm0/palestine_action_prison_hunger_strike_ends_after/,Palestine Action Prison Hunger Strike Ends After UK Rejects Contract for Israeli Arms Firm | One campaigner said the hunger strike “will be remembered as a landmark moment of pure defiance; an embarrassment for the British state.”,,2026-01-19 04:00:18,1768791618.0,TendieRetard,55,55,0,0,0.97,t2_2n8z65ke,29822,0,News,False,False,2026-01-19 04:00:18,1768791618.0,False,,1
1qgi6lf,BDS,https://reddit.com/r/BDS/comments/1qgi6lf/israeli_journalists_ido_amiaz_the_salukie_andrey/,Israeli journalists Ido Amiaz (The Salukie) &amp; Andrey X visit Nablus for Palestinian hospitality.,,2026-01-18 20:41:18,1768765278.0,ContentChecker,97,97,0,2,0.99,t2_jnrrge7y,29822,0,,False,False,2026-01-18 20:41:18,1768765278.0,False,,0
1qgoe04,BDS,https://reddit.com/r/BDS/comments/1qgoe04/wanted_to_share_re_coffee_maker/,Wanted to share Re: Coffee Maker,"I have been looking for a coffee maker alternative for drip. I wanted to share that I found Ovalware, which seems to be small co, with no direction ties to Israel. Wanted to share! ",2026-01-19 00:54:17,1768780457.0,90stvkid,12,12,0,0,1.0,t2_izb4qwjv,29822,0,Consumer,False,False,2026-01-19 00:54:17,1768780457.0,False,181.0,0
1qgcxkn,BDS,https://reddit.com/r/BDS/comments/1qgcxkn/he_is_absolute_scum/,He is absolute scum,,2026-01-18 17:25:13,1768753513.0,Tr0jan___,38,38,0,0,1.0,t2_ykt3x3780,29822,0,Hasbara,False,False,2026-01-18 17:25:13,1768753513.0,False,,0
1qghqxf,BDS,https://reddit.com/r/BDS/comments/1qghqxf/boycott_question/,Boycott question,,2026-01-18 20:24:24,1768764264.0,Reasonable-Image-938,7,7,0,0,1.0,t2_oq4v94mjk,29822,0,Consumer,False,False,2026-01-18 20:24:24,1768764264.0,False,,0
1qg4squ,BDS,https://reddit.com/r/BDS/comments/1qg4squ/is_buying_from_a_used_games_store_that_sells_new/,Is buying from a used games store that sells new products still going against the boycott?,,2026-01-18 11:00:40,1768730440.0,Firm_Paint8474,14,14,0,0,0.86,t2_bq9jk544x,29822,0,ASK THE SUB,False,False,2026-01-18 11:00:40,1768730440.0,False,,2
1qfvi53,BDS,https://reddit.com/r/BDS/comments/1qfvi53/kushnerwitkoff_gaza_and_the_new_world_order/,Kushner-Witkoff: Gaza and the New World Order,,2026-01-18 02:50:02,1768701002.0,richards1052,59,59,0,0,0.99,t2_11s8q,29822,0,Gaza,False,False,2026-01-18 02:50:02,1768701002.0,False,,0
1qfk3wf,BDS,https://reddit.com/r/BDS/comments/1qfk3wf/white_house_announced_the_gaza_board_of_peace_of/,"White House announced the Gaza ""board of peace"" of zionists and war criminals, with no palestinian representation.",,2026-01-17 19:01:37,1768672897.0,Ilovedia,188,188,0,3,1.0,t2_evdtgw8v,29822,0,Action Alert,False,False,2026-01-17 19:01:37,1768672897.0,False,,0
1qfo2xk,BDS,https://reddit.com/r/BDS/comments/1qfo2xk/israel_objects_to_white_houses_pick_of_leaders/,"Israel objects to White House’s pick of leaders for ‘board of peace’ | Israel said that some of the appointments were “not coordinated with Israel and were contrary to its policy”, without specifying who it objected to.",,2026-01-17 21:35:18,1768682118.0,newsspotter,62,62,0,8,0.98,t2_4e7f3195,29822,0,News,False,False,2026-01-17 21:35:18,1768682118.0,False,,1
1qepf04,BDS,https://reddit.com/r/BDS/comments/1qepf04/in_a_conversation_about_antisemitism_adl_ceo/,"In a conversation about antisemitism, ADL CEO Jonathan Greenblatt (who equates the Palestinian keffiyeh with a swastika) singles out Hasan Piker instead of Nick Fuentes.",,2026-01-16 20:19:31,1768591171.0,ContentChecker,179,179,0,3,1.0,t2_jnrrge7y,29822,0,,False,False,2026-01-16 20:19:31,1768591171.0,False,,0
1qekssr,BDS,https://reddit.com/r/BDS/comments/1qekssr/its_qusay_from_gaza_again_after_some_time_away_i/,It’s Qusay from Gaza again after some time away. I want to explain and share an update.,"Hey everyone,
This is Qusay posting again after being absent for a while.


First, I want to thank you genuinely. During the most difficult time my family and I went through, this community stood with us. Your support helped us survive when everything felt like it was falling apart. Because of that help, life stabilized a bit not easy, not safe, but stable enough to breathe. That’s why I stopped posting help links and went quiet.
During this time, I’ve also been volunteering at an Educational Point here. Teaching and supporting students in these conditions has had a deep emotional impact on me. It reminded me why education, work, and dignity matter so much especially when everything around us feels temporary. Volunteering didn’t fix our reality, but it gave me purpose and strength during a very heavy period.
But what I wanna say is that stability also brings responsibility back.


I’ve always helped my family with expenses, and once things were no longer in complete free fall, the need to work returned as it should. I didn’t want to keep asking for help when I knew I needed to try standing on my own again.
The problem is, I don’t even have a laptop.
I didn’t sell it.
I lost it when our home in the north of Gaza was destroyed. Along with that home went the tools I depended on to work and build my future.


Before everything collapsed, I worked online in translation sometimes and programming scripts the other time. It was a good source of income for me and my family. I was also learning Spanish to deepen my experience as a translator. That path mattered to me, and it’s still what I want to return to.
Since the ceasefire, I kept waiting for prices to normalize, hoping I could afford a laptop again and get back on track. But waiting has taken a lot. Trying to learn, freelance, or rebuild without a laptop and with limited internet is honestly almost impossible.
This post isn’t about survival anymore.
It’s about getting back to work.


All I’m asking for now is help to afford a laptop, so I can return to freelancing, support my family again, and continue rebuilding my life. I truly hope and mean it that this is the last time I ever have to ask for help here.
To everyone who supported me before: thank you for carrying us when we couldn’t stand. I hope the next time I post, it’s to share progress not a request.
Take care, all.
Qusay",2026-01-16 17:34:33,1768581273.0,Amr_Abu_Ouda,187,187,0,2,0.99,t2_4dsjiakm,29822,0,Gaza,False,False,2026-01-16 17:34:33,1768581273.0,False,2366.0,1
1qepx5d,BDS,https://reddit.com/r/BDS/comments/1qepx5d/adelaide_festival_board_retracts_their_decision/,"Adelaide Festival Board retracts their decision to ban Palestinian-Australian writer Randa Abdel-Fattah, inviting her back for next year's event &amp; apologizing to her ""unreservedly for the harm the Adelaide Festival Corporation has caused her.""",,2026-01-16 20:38:34,1768592314.0,ContentChecker,60,60,0,1,1.0,t2_jnrrge7y,29822,0,,False,False,2026-01-16 20:38:34,1768592314.0,False,,0
1qento2,BDS,https://reddit.com/r/BDS/comments/1qento2/bds_approved_antibacterial_soap/,BDS approved antibacterial soap,"Hi folks,

Trying to find some antibacterial soaps not on the BDS list. Dial’s owned by Henkel, softsoap from Colgate, dawn from p&amp;g and uline is gross for other reasons. I think the only one I’ve found was hibiclens but it’s pretty rough on my skin. Any other suggestions? ",2026-01-16 19:21:54,1768587714.0,WhichSideOfNoWhere,37,37,0,3,1.0,t2_1feib12g,29822,0,Consumer,False,False,2026-01-16 19:21:54,1768587714.0,False,278.0,0
1qehhej,BDS,https://reddit.com/r/BDS/comments/1qehhej/nerd_and_fantasy_bds_supporters_how_do_you_vet/,Nerd and Fantasy BDS supporters: How do you vet fantasy writers/books?,"What the title says- I usually Google every new author I discover, to check their politics before I download their books, but it's annoyingly tedious. Is there any kind of online list anywhere? Similar to this: [https://www.scribd.com/document/742791010/Is-Your-Fav-Author-a-Zionist](https://www.scribd.com/document/742791010/Is-Your-Fav-Author-a-Zionist)

  
But this list is also not exhaustive. I'm also looking for recommendations for writers of queer fantasy, if anyone has a specific author in mind. Thanks and never stop saying free Palestine! 
PS: for anyone else who wants to be an edgelord like the dude in comments, I'll just block you. I am not asking for anyone to educate me on BDS, to dissect what my politics are and if they're real or virtue-signalling, or to ""engage in discourse"" over what it means to not read certain authors. I have two very clear asks fam. Just scroll past if you can't help. If my post doesn't belong here, the mods will say so. Be cool, don't be Sean. ",2026-01-16 15:31:14,1768573874.0,GRS_89,41,41,0,10,0.95,t2_cxof3u1e,29822,0,ASK THE SUB,False,False,2026-01-16 15:31:14,1768573874.0,1768607955.0,993.0,2
1qdwm5l,BDS,https://reddit.com/r/BDS/comments/1qdwm5l/trying_to_survive_in_gaza_when_it_is_no_longer/,Trying to Survive in Gaza When It Is No Longer Safe. Please Hear Our Story.,"Hello everyone,

My name is Nada from Gaza. I am 18 years old. I recently finished high school and enrolled in university to study nursing. My dream was simple: to learn and help people.

Over the past two years, my family and I have endured a brutal genocidal war. We lived through conditions no human being should ever face, including constant fear, hunger, and displacement. I lost many of my relatives, including cousins, as well as several of my friends.

On top of that, we lost our home, the place that sheltered us, and with it all our memories. Nothing remains except anxiety and fear of the unknown, and our daily struggle has become securing basic necessities such as water and food.

Unfortunately, many people believe the war has ended, but it has not ended for us. Just today, I lost my friend and her entire family when their home was bombed by an F-16. We do not know when our turn will come.

In addition, my family and I are suffering from severe cold. We are living in a place that is unfit for both summer and winter, without real protection from the harsh conditions.

Please help my family in any way you can, even a small contribution or simply by sharing my story.

Your voice can make a difference and may save a life.

Donation link is in the comments.",2026-01-15 22:35:49,1768512949.0,Due_Sun9,302,302,0,5,1.0,t2_1nl1g4zbtk,29822,0,Gaza,False,False,2026-01-15 22:35:49,1768512949.0,False,1278.0,0
1qe92lc,BDS,https://reddit.com/r/BDS/comments/1qe92lc/strawberry_milkshake_similar_to_mcdonalds/,Strawberry Milkshake Similar to McDonald's,Which places have strawberry milkshakes that taste most similar to McDonald's? I want shakes that taste good but don't have strawberry fruit taste. ,2026-01-16 07:58:28,1768546708.0,manofwater3615,25,25,0,4,0.96,t2_58xn2f,29822,0,Consumer,False,False,2026-01-16 07:58:28,1768546708.0,False,148.0,1
1qe87m9,BDS,https://reddit.com/r/BDS/comments/1qe87m9/buying_a_car_uk/,Buying a car (UK),"Currently looking at buying a used car as mine is at the end of it’s life but I have a question.

I initially was looking at a Volvo, then I obviously found out about the stuff they’re doing and felt extremely put off. Now I’ve found a few other brands that aren’t so terrible but it left me thinking.

If I was to purchase, a Volvo for example, but obviously from a secondhand dealership e.g. Bristol street motors, do they still benefit in any way from my purchase or because it’s secondhand it makes no difference to their company?

Thank you in advance for any replies and even any insights or tips I should know while I’m still looking around!",2026-01-16 07:10:20,1768543820.0,CharlieSmith_27,14,14,0,1,1.0,t2_14w8fv,29822,0,Consumer,False,False,2026-01-16 07:10:20,1768543820.0,False,648.0,0
1qf6c4v,BDS,https://reddit.com/r/BDS/comments/1qf6c4v/should_i_boycott_breaking_bad_after_bill_burr/,Should I boycott Breaking Bad after Bill Burr participated in the Saudi Arabian comedy festival?,"Forgive me if this post is a bit stupid. I have only just started to really learn about the BDS movement, and there has been a question in my head that I’ve been thinking about for days.

So recently I’ve been watching (and throughly enjoying) Breaking Bad, and realised that Bill Burr was in the show. I was finishing up an episode of season 5 a few days ago and remembered Bill’s whole thing with the Saudi Arabia show and the things he said about the people rightly calling him out for it.

Now I’m sorry if this doesn’t have much to do with Israel, but I’ve heard that Saudi Arabia is linked to Israel as well. So is Boycotting the show (or at least the streaming service I’m watching it on which is Stan) the right thing to do? Should I just pirate the show?",2026-01-17 07:54:35,1768632875.0,redSpider2077,0,0,0,19,0.42,t2_5738ob6r,29822,0,Discussion,False,False,2026-01-17 07:54:35,1768632875.0,False,763.0,0
1qe1dwq,BDS,https://reddit.com/r/BDS/comments/1qe1dwq/so_what_running_shoe_brands_are_we_not_boycotting/,So what running shoe brands are we not boycotting?,"I bought some all birds but would like another pair of running shoes. apparently everything is on the list of boycott lol

  
i bought Saucony Hurricanes 24 but wondering if I should return. They also feel weird and look weird",2026-01-16 01:46:47,1768524407.0,BuyingDragonScimitar,31,31,0,3,0.96,t2_11emhdfsr1,29822,0,Discussion,False,False,2026-01-16 01:46:47,1768524407.0,False,226.0,1
1qds8pr,BDS,https://reddit.com/r/BDS/comments/1qds8pr/hochul_challenger_and_lieutenant_says_us_should/,Hochul challenger (and lieutenant) says US should halt arms sales to Israel,,2026-01-15 19:54:07,1768503247.0,FireProStan,87,87,0,0,1.0,t2_6dtxtqwk1,29822,0,News,False,False,2026-01-15 19:54:07,1768503247.0,False,,0
1qdquxc,BDS,https://reddit.com/r/BDS/comments/1qdquxc/saw_a_car_with_an_israeli_flag_here_in_sugar_land/,Saw a car with an Israeli flag here in sugar land Texas today,"it was a white ford explorer. pissed me off so much, but it’s obvious they are doing it to try to bait people. ",2026-01-15 19:04:29,1768500269.0,K9Imperium,76,76,0,3,0.97,t2_24bfgjvaeg,29822,0,Other,False,False,2026-01-15 19:04:29,1768500269.0,False,111.0,2
1qdzjkx,BDS,https://reddit.com/r/BDS/comments/1qdzjkx/hi_rjewsofconscience_im_rabbi_andy_kahn_reform/,"Hi /r/JewsofConscience, I'm Rabbi Andy Kahn, Reform Rabbi, renewer of the American Council for Judaism, leader in Rabbis4Ceasefire, and builder of the Jewish Diaspora Movement. AMA!",,2026-01-16 00:30:29,1768519829.0,ContentChecker,19,19,0,0,0.92,t2_jnrrge7y,29822,0,,False,False,2026-01-16 00:30:29,1768519829.0,False,,1
1qd5p7s,BDS,https://reddit.com/r/BDS/comments/1qd5p7s/irans_womens_chess_team_fined_29k_for_boycotting/,Iran's Women's Chess Team Fined 29k For Boycotting Israel,We can't afford Iran to fall to the Zionists!,2026-01-15 02:19:04,1768439944.0,YamFrosty6169,311,311,0,11,1.0,t2_1t2cqeenz2,29822,0,Boycott,False,False,2026-01-15 02:19:04,1768439944.0,False,45.0,0
1qdfvj8,BDS,https://reddit.com/r/BDS/comments/1qdfvj8/adelaide_festival_apologizes_to_cancelled/,Adelaide Festival Apologizes to Cancelled Palestinian Author,,2026-01-15 11:16:30,1768472190.0,richards1052,40,40,0,0,0.97,t2_11s8q,29822,0,BDS Victory!,False,False,2026-01-15 11:16:30,1768472190.0,False,,1
1qdavdd,BDS,https://reddit.com/r/BDS/comments/1qdavdd/where_is_my_ethical_social_media_when_will/,where is my ethical social media? when will someone build it 😩,"i just wanna keep in touch with friends and acquaintances online, without feeding my data into paIantir &amp; misc, the massacre technology + labour thieving invention gang /end rant ",2026-01-15 06:20:09,1768454409.0,reparationsNowToday,47,47,0,13,0.96,t2_16dyl94xmp,29822,0,Consumer,False,False,2026-01-15 06:20:09,1768454409.0,False,183.0,1
1qd9uy1,BDS,https://reddit.com/r/BDS/comments/1qd9uy1/netanyahus_cynical_embrace_of_irans_protesters/,Netanyahu’s cynical embrace of Iran’s protesters,,2026-01-15 05:29:40,1768451380.0,richards1052,52,52,0,0,0.98,t2_11s8q,29822,0,News,False,False,2026-01-15 05:29:40,1768451380.0,False,,1
1qd9go5,BDS,https://reddit.com/r/BDS/comments/1qd9go5/queens_palestine_protest_and_the_antisemitism/,Queens Palestine Protest and the Anti-Semitism Panic,,2026-01-15 05:10:36,1768450236.0,richards1052,35,35,0,0,1.0,t2_11s8q,29822,0,Gaza,False,False,2026-01-15 05:10:36,1768450236.0,False,,0
1qcubwh,BDS,https://reddit.com/r/BDS/comments/1qcubwh/european_citizens_initiative_demand_the_full/,European Citizens' Initiative - Demand the full suspension of the EU-Israel Association Agreement in view of Israel’s violations of human rights,,2026-01-14 18:59:36,1768413576.0,Glad_Opinion_6339,118,118,0,2,0.99,t2_csrzjejk,29822,0,Action Alert,False,False,2026-01-14 18:59:36,1768413576.0,False,,1
1qd65e7,BDS,https://reddit.com/r/BDS/comments/1qd65e7/wanting_to_switch_to_qobuz_but_local_files/,Wanting to switch to Qobuz but local files…,"I’m wanting to swap from Spotify and Qobuz came highly recommended by others. The problem is though that they lack a lot of the asian music I listen to. Finding out they don’t do local files honestly made me want to give up the idea.
I know I could use a third-party manager like Room but I can’t afford both subscriptions. 

I can’t go full my mp3 local either because I have way too much music to handle that. I used to do that before Spotify and it was many many hours of work, obsessive levels. 

So here are my options that I’d like some tips/opinions on:
1) Send in a BUNCH of request forms and hope for the best (Are they good about getting requests fulfilled? Specifically for “foreign” non-English music?) 
2) Use an mp3 app for local files only and Qobuz for everything else. 

Has anyone found a better solution? 
",2026-01-15 02:38:49,1768441129.0,angels-cry,14,14,0,0,1.0,t2_3otmsuv0,29822,0,ASK THE SUB,False,False,2026-01-15 02:38:49,1768441129.0,False,825.0,0
1qcwm3c,BDS,https://reddit.com/r/BDS/comments/1qcwm3c/need_help_with_shopping/,Need help with shopping,"So I am interested in getting new headphones but the problem is a lot of brands are on the boycott list so is steelseries on it because I have searched everywhere and I can't find answers. Also does Valve aka steam on the boycott list?

",2026-01-14 20:21:29,1768418489.0,iLikeDucks72,23,23,0,2,0.97,t2_ydk877n7u,29822,0,Consumer,False,False,2026-01-14 20:21:29,1768418489.0,False,237.0,0
1qd24f1,BDS,https://reddit.com/r/BDS/comments/1qd24f1/does_fanfiction_count_in_boycotts/,Does Fanfiction Count In Boycotts?,"I don’t know that much about boycotting other than not buying merch or other items from company or people who support Israel and the UAE or other genocides. Fanfiction doesn’t bring in any money, but it does somewhat promote pieces of media sympathetic to or owned by genocide supporters. For me personally, reading Fanfiction doesn’t make me want to buy the product. But that’s not the same for everyone. I just don’t want to contribute to anyone suffering.",2026-01-14 23:49:57,1768430997.0,Affectionate-Rent415,3,3,0,5,0.64,t2_pw6och170,29822,0,ASK THE SUB,False,False,2026-01-14 23:49:57,1768430997.0,False,458.0,1
1qcb73w,BDS,https://reddit.com/r/BDS/comments/1qcb73w/how_do_you_guys_reconcile_about_having_to_give_up/,How do you guys reconcile about having to give up comfort things?,"I have been having this debacle lately, knowing that I shouldn’t support certain brands because they support Israel, but I have also been pretty sad about it lately. Many of these things are part of my daily life, such as my love for Disney and other media companies. I was gonna get a build a bear for my graduation the cute graduation outfit but now I see that the stock holder comes from Israel just makes me sad. I like certain products, and before anyone says, I know that this is selfish, but I wonder what someone has done to overcome this feeling. I understand that the boycott is supposed to be uncomfortable. Still, it makes me feel so much sadness, like I just saw that there was an event for a brand that I enjoy, thinking about going when I realize they support the occupation, but also I wonder why all of these people have to be so trashy. The world feels so trashy and garbage. And I know it’s capitalistic oversight to be getting joy from these things but when it feels like the world is crashing down, I guess it gets really easy to rely on objects to make you happy or in this case experience so I wonder what do people do to help cope, especially if it’s a brand since you were a child and I got difficult childhood",2026-01-14 03:27:58,1768357678.0,CelestialCometDoll,51,51,0,15,0.89,t2_1bv2n5mbe7,29822,0,Consumer,False,False,2026-01-14 03:27:58,1768357678.0,False,1235.0,6
1qcgk7r,BDS,https://reddit.com/r/BDS/comments/1qcgk7r/buying_a_mobility_scooter_from_an_israeli_company/,Buying a mobility scooter from an Israeli company,"Hi. Please forgive if this is a stupid question…

I need to buy a mobility scooter. One of the top contenders for my situation is the Afiscooter C4. The company website says: The company is fully owned by KIBBUTZ AFIKIM, one of the largest kibbutzim in Israel and is located in the Jordan Valley in the north of the country.

I didn’t see the company on any boycott lists but they are an Israeli company. Is it against the BDS ideal to buy a scooter designed and originally manufactured in Israel but imported and sold by an American company?

Thank you. ",2026-01-14 07:59:18,1768373958.0,ChargeResponsible112,9,9,0,6,0.77,t2_3dw6u439,29822,0,ASK THE SUB,False,False,2026-01-14 07:59:18,1768373958.0,False,555.0,2
1qcca90,BDS,https://reddit.com/r/BDS/comments/1qcca90/language_learning_apps/,Language Learning apps?,Looking to learn Hindi/Tamil and i wanna know if there's an alt to Duolingo. Anyone know? Tysm!,2026-01-14 04:17:07,1768360627.0,SnooTomatoes1513,13,13,0,0,1.0,t2_5ruyatrj,29822,0,Consumer,False,False,2026-01-14 04:17:07,1768360627.0,False,95.0,0
1qc66nc,BDS,https://reddit.com/r/BDS/comments/1qc66nc/need_some_help_finding_a_retailer/,Need some help finding a retailer,So recently ive been looking for basically anywhere to buy Some blank DVDs for data preservation. I dont have anything near me without supporting the company's on the boycott. And I cant find any websites online that dont ship internationally and Israel. So any help would be appreciated! ,2026-01-13 23:52:59,1768344779.0,Firm_Paint8474,19,19,0,0,0.93,t2_bq9jk544x,29822,0,ASK THE SUB,False,False,2026-01-13 23:52:59,1768344779.0,False,289.0,1
1qaz7r3,BDS,https://reddit.com/r/BDS/comments/1qaz7r3/under_javier_milei_argentina_has_given_state/,"Under Javier Milei, Argentina has given state benefits to Israeli expats, while Patagonia has become a haven for ex-IDF soldiers fearing Gaza war crimes charges",,2026-01-12 17:18:01,1768234681.0,Tr0jan___,278,278,0,5,0.99,t2_ykt3x3780,29822,0,News,False,False,2026-01-12 17:18:01,1768234681.0,False,,2
1qaodjb,BDS,https://reddit.com/r/BDS/comments/1qaodjb/group_staged_a_diein_to_protest_investments_in/,"Group staged a ""die-in"" to protest investments in Elbit.",https://www.heraldscotland.com/news/25756510.pro-palestine-protestors-target-jp-morganchase-glasgow/,2026-01-12 08:14:01,1768202041.0,tortilla_avalanche,204,204,0,0,1.0,t2_tnl5d7ex6,29822,0,Action Alert,False,False,2026-01-12 08:14:01,1768202041.0,False,100.0,0
1qae79u,BDS,https://reddit.com/r/BDS/comments/1qae79u/bds_boycott_stickers/,BDS Boycott Stickers!,"I ordered these stickers off ebay and have started putting them up, mostly on Coca-Cola and Costa items and McDonald's ads.

I think it's a fun way to let others know about the boycott, and slightly thrilling because it feels like you're doing something wrong, but for all the right reasons.

I put one up recently on one of those self-serve Costa coffee machines in a place that I frequent regularly, and the next time I saw it, the machine was ""out of order"".

I can't prove that the sticker triggered it, but I'd like to think it made the owners of the establishment think twice about selling Costa on their premises. 

Has anyone else been using these types of stickers? ",2026-01-12 00:10:00,1768173000.0,tortilla_avalanche,525,525,0,15,1.0,t2_tnl5d7ex6,29822,0,Action Alert,False,False,2026-01-12 00:10:00,1768173000.0,False,675.0,0
1qawwnu,BDS,https://reddit.com/r/BDS/comments/1qawwnu/thoughts_on_handmade_palestine/,thoughts on Handmade Palestine?,,2026-01-12 15:51:57,1768229517.0,Kernowite,26,26,0,0,1.0,t2_a2teokqd,29822,0,Consumer,False,False,2026-01-12 15:51:57,1768229517.0,False,,0
1qawwdn,BDS,https://reddit.com/r/BDS/comments/1qawwdn/thoughts_on_handmade_palestine/,thoughts on Handmade Palestine?,"I cna't shake the feeling that it is a cover up for something else... maybe am becoming paranoid, but is it legit? it looks too neat...",2026-01-12 15:51:37,1768229497.0,Kernowite,13,13,0,2,0.79,t2_a2teokqd,29822,0,Consumer,False,False,2026-01-12 15:51:37,1768229497.0,False,135.0,3
1qapp0t,BDS,https://reddit.com/r/BDS/comments/1qapp0t/most_ethical_mystic_streaming_platform/,Most ethical mystic streaming platform?,"Does anyone know an ethical streaming service? I just switched everything to tidal to learn they are owned by Block Inc (formerly square I believe) which has ties to Israel. Seems like they pay artists the best and are the least of all evils but also evil and expensive.
It seems like Bandcamp doesn't have direct ties to Israel in terms of funding, unless you count allowing Israeli artists to post and promote their music there (can be geo blocked or avoided if so but I don't believe in collective punishment or personally listen to any Israeli artists to my knowledge anyways). The thing about Bandcamp is I don't think artists are paid at all by streams unless you purchase their albums.
But if anyone understands more about this let me know.",2026-01-12 09:37:31,1768207051.0,Relative-Narwhal-504,21,21,0,6,0.96,t2_1fvl3hgr55,29822,0,Consumer,False,False,2026-01-12 09:37:31,1768207051.0,False,747.0,0
1qae8vm,BDS,https://reddit.com/r/BDS/comments/1qae8vm/boycotting_spotify_alternatives/,Boycotting Spotify. Alternatives?,I have never paid for spotify premium and have been using their free plan for past few years. I want to stop using it completely. What are some alternatives I can use instead that have a good free plan? ,2026-01-12 00:11:52,1768173112.0,Brutally_Honest_Swan,98,98,0,30,0.99,t2_8tq9v4roy,29822,0,ASK THE SUB,False,False,2026-01-12 00:11:52,1768173112.0,False,203.0,0
1q9z4ob,BDS,https://reddit.com/r/BDS/comments/1q9z4ob/a_reminder_to_all_good_people_that_boycotting/,"A reminder to all good people that boycotting Coca Cola, Burger King, McDonald's, Pizza Hut, and Domino's Pizza is essential to putting pressure against the genocidal Israeli regime",,2026-01-11 14:17:54,1768137474.0,melow_shri,455,455,0,7,0.99,t2_lqq1qn73,29822,0,Boycott,False,False,2026-01-11 14:17:54,1768137474.0,False,,4
1qa30hp,BDS,https://reddit.com/r/BDS/comments/1qa30hp/palestine_will_be_freed/,Palestine will be freed!,,2026-01-11 17:03:09,1768147389.0,YamFrosty6169,190,190,0,0,0.98,t2_1t2cqeenz2,29822,0,Boycott,False,False,2026-01-11 17:03:09,1768147389.0,False,,3
1qaialq,BDS,https://reddit.com/r/BDS/comments/1qaialq/bdssafe_book_publishers/,BDS-safe book publishers,"Hello, I published a children's picture book on Amazon a few years ago but now I am wanting to remove it from their platform. Does anyone know of any BDS-compliant book publisher's in Canada that would be a good alternative? Thanks in advance!",2026-01-12 03:06:06,1768183566.0,Just_Treacle_611,26,26,0,0,1.0,t2_21ubexmblq,29822,0,Gaza,False,False,2026-01-12 03:06:06,1768183566.0,False,243.0,0
1qa9bpu,BDS,https://reddit.com/r/BDS/comments/1qa9bpu/reality_has_outpaced_the_conspiracy/,Reality has outpaced the conspiracy,,2026-01-11 20:59:12,1768161552.0,Tr0jan___,75,75,0,9,0.99,t2_ykt3x3780,29822,0,Meme!,False,False,2026-01-11 20:59:12,1768161552.0,False,,0
1qa0ucs,BDS,https://reddit.com/r/BDS/comments/1qa0ucs/celtics_fans_protesting_the_clubs_reported/,"Celtics Fans protesting the club’s reported signing of Jocelin Ta Bi, a winger from Maccabi Netanya",,2026-01-11 15:35:27,1768142127.0,Tr0jan___,174,174,0,1,0.99,t2_ykt3x3780,29822,0,Action Alert,False,False,2026-01-11 15:35:27,1768142127.0,False,,1
1qa0g8e,BDS,https://reddit.com/r/BDS/comments/1qa0g8e/a_zionist_and_a_white_supremacist/,'A Zionist And A White Supremacist',,2026-01-11 15:18:32,1768141112.0,Tr0jan___,116,116,0,0,0.99,t2_ykt3x3780,29822,0,Boycott,False,False,2026-01-11 15:18:32,1768141112.0,False,,1
1qabcch,BDS,https://reddit.com/r/BDS/comments/1qabcch/is_yellowjackets_worth_boycotting/,Is Yellowjackets worth boycotting?,"I know Juliette Lewis, Christina Ricci and Sophie Nelisse are Zionists but Liv Hewson and Sophie Thatcher aren’t. Is it bad if I watch and enjoy the show? ",2026-01-11 22:17:13,1768166233.0,[deleted],21,21,0,13,0.82,,29822,0,Boycott,False,False,2026-01-11 22:17:13,1768166233.0,False,155.0,4
1q9v772,BDS,https://reddit.com/r/BDS/comments/1q9v772/help/,help,"I live in Japan, I really don’t like it here, and I have been horribly uneducated and ignorant of this situation for the longest time, I still am very uneducated on many things, but I have been trying my best to my knowledge recently to do better in justice for Palestine to make it up for how ignorant i was, I have boycotted McDonalds, Starbucks, and Mattel (no more of their Jurassic world stuff for me, despite my recent hobby for it) for the past 2 or so months now, I was mostly comfortable with what I was receiving from my family as I heard from like a few online sources that most Japanese brands don’t support Israel, but now I’m made aware that maybe I should boycott Japanese brands because of Japan once again being closer to  Israel now, I have not consumed almost anything for the past month or so, I mostly just isolated myself at home and only ate stuff from FamilyMart, but now I’m being more aware of things and I’m really scared.

My PC is unfortunately Microsoft and I use Google, and I don’t know how to switch to any alternatives, I have had a hobby for collecting for the past 6 years for so, mostly for Godzilla figurines made mainly by Bandai, should I avoid them too? I feel a bit selfish to have a hobby of collecting as most companies I want stuff from are absolutely have records with Israel, I avoid Jazwares at all costs as much as I love FNAF, and I’m wary of watching the new movie coming out (in japan release times) because of the studio’s CEO’s ties with Israel. I wanted to watch it with my friends, but I’m thinking of not doing that either. 

TLDR: i feel like boycotting as much as I comfortably could, should I do so with most Japanese brands of my country such as Daiso, Bandai, restaurants like Saizeriya, etc.

(I was just made aware of Daiso’s Israel store while I wanted to buy some cheap supplies for a Chica cosplay, now I don’t know what to do)

my family and friends are unaware of the boycotts, my mom made me gift my close friends Starbucks giftcards that she bought, I really didn’t know what to do besides telling them I don’t eat or support Starbucks for multiple reasons, I wish I was more fluent in this language and I wish more people in this unfriendly Country were aware, and I wish I could tell them too. I’m not comfortable with approaching any of my hobbies in the meantime as I’m very wary of them, I feel horrible for this.

the only thing I approach now is buying things secondhand, I enjoy Stüssy products but I’m wary of any popular clothing brand  especially since they’re closely tied with Nikes, I just have them ordered secondhand on Mercari.

i’m sorry if this was uninformed, please correct me in anything, I’m trying my best to be more aware, I want as much possible feedback and sources. i want to be aware of possible alternatives with no records/concerns that I could access in Japan, mostly for my essentials, I’m still young and I haven’t gotten my own house yet, this is just to tell my mom of where I would go.",2026-01-11 10:33:05,1768123985.0,OmegaDGalaxyGoji777,89,89,0,20,0.98,t2_d3286sbf,29822,0,Consumer,False,False,2026-01-11 10:33:05,1768123985.0,False,2993.0,1
1qa6efm,BDS,https://reddit.com/r/BDS/comments/1qa6efm/tech_alternatives/,Tech Alternatives...,"Lots of love to all of  you, and alot of appreciation, from my field here are a few tech alternatives:
WhatsApp ------&gt;SimpleX
Search engine:
Google------&gt;Qwant
Browser:
Chrome ------&gt; Librewolf for PC, Ironfox for Android 
YouTube -----&gt;FreeTube for PC,LibreTube for Android 
Windows-----&gt;Ubuntu Linux
PlayStore-----&gt;FDroid
Google Maps-----&gt;C maps (FDroid)
Gmail------&gt; Proton mail
MS Office------&gt;Libre office
AI:
DeepSeek, Kimi,  ChatGLM,LibertAI
(First three are Chinese)

VPN:
Hide.me(based in Malaysia)
Proton VPN (based in Switzerland)

Take it on your own pace.
Keep it up
May god bless you all.
Peace Love and Logos
Free Palestine 🇵🇸 

",2026-01-11 19:10:26,1768155026.0,Life-Focus-3105,13,13,0,1,0.88,t2_141rzwbjnl,29822,0,Boycott,False,False,2026-01-11 19:10:26,1768155026.0,False,672.0,1
1qaba1u,BDS,https://reddit.com/r/BDS/comments/1qaba1u/hi_to_those_who_want_to_be_online_activists_but/,"Hi, to those who want to be online activists but have basically no following yet. Read this for a head start!","I am planning to transfer ownership of my instagram account, my life has gotten very busy lately and I will not be able to actively use this account that much and I am wondering if anyone who is willing to become the admin of my account! Please DM me if you’re interested \^\^",2026-01-11 22:14:45,1768166085.0,Dingus-the-Mingus,6,6,0,4,0.71,t2_ulw8fq8h,29822,0,Action Alert,False,False,2026-01-11 22:14:45,1768166085.0,False,276.0,2
1qa8b96,BDS,https://reddit.com/r/BDS/comments/1qa8b96/how_to_stop_funding_ice/,How to Stop Funding ICE!,,2026-01-11 20:20:47,1768159247.0,Fledgling_112896,7,7,0,0,0.78,t2_dtqezwmb,29822,0,News,False,False,2026-01-11 20:20:47,1768159247.0,False,,1
1q9prnl,BDS,https://reddit.com/r/BDS/comments/1q9prnl/israelbacked_settler_terrorists_supported_by_the/,"Israel-backed settler terrorists, supported by the military &amp; police, forcibly expel 26 Palestinian families, including 59 children, from Ras Ein al-Auja, accelerating ethnic cleansing in the Jordan Valley.",,2026-01-11 05:25:29,1768105529.0,ContentChecker,114,114,0,1,1.0,t2_jnrrge7y,29822,0,,False,False,2026-01-11 05:25:29,1768105529.0,False,,0
1q9oskn,BDS,https://reddit.com/r/BDS/comments/1q9oskn/ill_posted_it_here_again_remember_folks_we_need/,"I'll posted it here again. Remember folks, we need to boycott Japanese products as much as we could.",,2026-01-11 04:37:33,1768102653.0,Die_Hard_new3492,100,100,0,0,0.96,t2_1zwclkjw2o,29822,0,News,False,False,2026-01-11 04:37:33,1768102653.0,False,,4
1q90fg0,BDS,https://reddit.com/r/BDS/comments/1q90fg0/what_kind_of_japanese_goods_that_we_need_to/,What kind of Japanese goods that we need to boycott as well?,,2026-01-10 11:04:44,1768039484.0,Die_Hard_new3492,206,206,0,20,0.99,t2_1zwclkjw2o,29822,0,Boycott,False,False,2026-01-10 11:04:44,1768039484.0,False,,2
1q9381x,BDS,https://reddit.com/r/BDS/comments/1q9381x/ai_vibe_coding_base44/,"AI, vibe coding, Base44","Ok, we all know that we should STOP using AI. But let's be honest: people will continue to use it to save time, to do a lot of things they can't do otherwise. I just repeat ""IF you use it, try to use it for the right reasons, in a more sustainable way (maybe this needs an other post).   
  
Anyhow, I just came here to say that there are some AI tools to boycott more than others. Like Wix for website development, Base44 (acquired by Wix) for vibe coding.",2026-01-10 13:48:05,1768049285.0,Virtual_Ad_4734,31,31,0,4,0.94,t2_64jmyy24,29822,0,Boycott,False,False,2026-01-10 13:48:05,1768049285.0,False,457.0,1
1q8nmgh,BDS,https://reddit.com/r/BDS/comments/1q8nmgh/israels_secret_antiiran_media_campaign/,Israel’s Secret Anti-Iran Media Campaign,,2026-01-10 00:15:58,1768000558.0,richards1052,101,101,0,1,0.98,t2_11s8q,29822,0,Hasbara,False,False,2026-01-10 00:15:58,1768000558.0,False,,2
1q87e29,BDS,https://reddit.com/r/BDS/comments/1q87e29/megyn_kelly_is_calling_out_isreall_control_over/,Megyn Kelly is calling out Isreall control over America,,2026-01-09 13:49:00,1767962940.0,Tr0jan___,252,252,0,17,0.95,t2_ykt3x3780,29822,0,Other,False,False,2026-01-09 13:49:00,1767962940.0,False,,13
1q82lbg,BDS,https://reddit.com/r/BDS/comments/1q82lbg/the_wall_boycott_assistant_addon/,The Wall Boycott Assistant add-on,"This is a more specifically focused addon than the ""boycat"" one that was posted a year ago, and this one works on android (for Firefox at least). 

[The Wall Addon](https://the-wall.win/)

[https://addons.mozilla.org/en-US/firefox/addon/the-wall-boycott-assistant/](https://addons.mozilla.org/en-US/firefox/addon/the-wall-boycott-assistant/) 

[The wall - Boycott assistant - Microsoft Edge Addons](https://microsoftedge.microsoft.com/addons/detail/the-wall-boycott-assist/hohcmoejpohgbageiijhkiolfnfdcmgo)

[The wall - Boycott assistant - Chrome Web Store](https://chromewebstore.google.com/detail/the-wall-boycott-assistan/kocebhffdnlgdahkbfeopdokcoikipam)",2026-01-09 09:09:25,1767946165.0,barccy,43,43,0,1,1.0,t2_13y1ie,29822,0,Boycott,False,False,2026-01-09 09:09:25,1767946165.0,False,658.0,0
1q70app,BDS,https://reddit.com/r/BDS/comments/1q70app/israeli_influencer_morya_apple_mocks_the/,Israeli influencer Morya Apple mocks the Palestinian children in Gaza being starved by Israel and the US,,2026-01-08 03:59:41,1767841181.0,Ilovedia,267,267,0,11,0.99,t2_evdtgw8v,29822,0,Dehumanization ,False,False,2026-01-08 03:59:41,1767841181.0,False,,2
1q6z42a,BDS,https://reddit.com/r/BDS/comments/1q6z42a/an_appeal/,An appeal...,,2026-01-08 03:07:44,1767838064.0,Tr0jan___,220,220,0,13,1.0,t2_ykt3x3780,29822,0,Action Alert,False,False,2026-01-08 03:07:44,1767838064.0,False,,0
1q711a4,BDS,https://reddit.com/r/BDS/comments/1q711a4/are_there_ethical_bds_safe_investments/,Are there ethical bds safe investments?,"I'm 20 y/o and even tho i don't like capitalism i do need to work for a better life for me and my family. As a business major I've been learning a lot about investments in university and do perceive them as an easy way to save money for the future. However, one of my professors recommended to invest in Google and Nvidia, which are definitely a no because they are both plagued of zionists and are actively contributing to genocide. I was doing some research but couldn't really find much, are there high yield investments that are also bds safe or should I just put my money on a compound interest account?",2026-01-08 04:33:17,1767843197.0,SuccessfulOwl9919,50,50,0,12,0.95,t2_gnehf8fnw,29822,0,Discussion,False,False,2026-01-08 04:33:17,1767843197.0,False,608.0,2
1q6zdlq,BDS,https://reddit.com/r/BDS/comments/1q6zdlq/should_i_boycott_ikea/,Should I boycott Ikea?,If so why? Best if you could give some kind of proof but not like an 10yr article,2026-01-08 03:19:06,1767838746.0,mornunglake,37,37,0,8,0.93,t2_5ard3jui,29822,0,ASK THE SUB,False,False,2026-01-08 03:19:06,1767838746.0,False,81.0,2
1q6q7xs,BDS,https://reddit.com/r/BDS/comments/1q6q7xs/breads_bakery_employees_unionize_call_for_end_to/,"Breads Bakery employees unionize, call for end to Jewish Israeli owners’ ‘support for the genocide in Gaza’ - New York Jewish Week",,2026-01-07 21:11:34,1767816694.0,richards1052,91,91,0,0,0.95,t2_11s8q,29822,0,BDS Victory!,False,False,2026-01-07 21:11:34,1767816694.0,False,,4
1q6t4nt,BDS,https://reddit.com/r/BDS/comments/1q6t4nt/mcd_strawberry_shake/,McD Strawberry Shake,What is the closest thing to a McD strawberry shake?,2026-01-07 23:02:19,1767823339.0,manofwater3615,10,10,0,5,0.86,t2_58xn2f,29822,0,Consumer,False,False,2026-01-07 23:02:19,1767823339.0,False,52.0,1
1q668l4,BDS,https://reddit.com/r/BDS/comments/1q668l4/cola_alternatives_available_in_canada/,Cola alternatives available in Canada?,Dumped Cola and Pepsi 2 years ago for obvious reasons. But I wanna know if anyone has found a really good close alternative that's not too difficult to find? ,2026-01-07 05:53:43,1767761623.0,pixelatedprophecies,54,54,0,18,0.99,t2_akx8vxw,29822,0,ASK THE SUB,False,False,2026-01-07 05:53:43,1767761623.0,False,158.0,0
1q698jg,BDS,https://reddit.com/r/BDS/comments/1q698jg/vpn/,VPN,"Hello all, looking for a vpn.

Considering: 

Nord VPN (does it matter that it’s not anonymous sign up)

Proton VPN (good but with email also)

Mullvad (not so much info on this)

Surf shark 

Any other recommendations. 

Btw allegedly all of these VPNs have servers in Occupied Palestine. Does that mean we should not be using any of them? ",2026-01-07 08:39:27,1767771567.0,Unlikely-Sky6932,27,27,0,17,0.91,t2_edku3ngv,29822,0,ASK THE SUB,False,False,2026-01-07 08:39:27,1767771567.0,False,341.0,2
1q62l01,BDS,https://reddit.com/r/BDS/comments/1q62l01/us_banks/,US banks,"Hey guys, does anyone know of BDS-safe banks in the US? I currently have BofA (main), Capitol One, and Discover. I have recently started credit cards with them but haven’t activated Capitol One or Discover. I never had credit history and wanted to build up. Should I terminate my account with all of them? (I mean yes, of course, but I need an alternative.) Will this have a great effect on me applying to other banks? I’m young and learning this stuff out.

I know Wells Fargo, American Express, and Chase are a no-go on Disoccupied. Should I go for local credit unions? How reliable are they? How about online banks? I have heard of https://bank.green. Has anyone used it and found a safe bank?

I have found Huntington Bank as a safe option on Disoccupied and as a sustainable bank on bank.green. Has anyone used this bank? How is it? There are no physical branches in my state for this bank. Will that be a problem at all if I decide to go with them regardless? I get cash tips from my job, so I don’t know how I will transfer my money into an account, unless I keep it as cash.

It seems like a good option because it is Disoccupied &amp; bank.green approved. It’s also FDIC-insured which is great. The problem is that this bank is linked with Mastercard. Both Visa &amp; Mastercard support Israel &amp; it seems like all cards either from banks or credit unions use these two. I think there is no option for us in the US.

Ughhh, what can I do??? I’m asking this because I have looked at other posts on here regarding this issue &amp; I haven’t found much other than local credit unions. My problem is that if I move either out of state or the city and I bank with them, will that be inconvenient?

How about banks for High-Yield Savings Accounts (HYSA)? I would like to open an account as well. I see Ally (bank) as a good bank for HYSA but it’s listed as caution on Disoccupied. How should I go about this?

I’m sorry for the long post and never-ending questions but I would really like some answers. What can US citizens do to bank that is sustainable and BDS-safe?",2026-01-07 03:06:30,1767751590.0,veinsouls,36,36,0,2,0.97,t2_oplpcdrgq,29822,0,ASK THE SUB,False,False,2026-01-07 03:06:30,1767751590.0,False,2074.0,1
1q5jqb5,BDS,https://reddit.com/r/BDS/comments/1q5jqb5/today_in_1948_the_haganah_bombed_jerusalems/,"Today in 1948, the Haganah bombed Jerusalem's Semiramis Hotel, killing 26 &amp; injuring 60. Most victims were Palestinian Christians; Spain's vice-consul was killed. Britain condemned the attack. Historians conclude it incited the emptying of Qatamon, a prosperous, mostly Palestinian Christian town.",,2026-01-06 15:15:14,1767708914.0,ContentChecker,129,129,0,0,1.0,t2_jnrrge7y,29822,0,,False,False,2026-01-06 15:15:14,1767708914.0,False,,0
1q51krv,BDS,https://reddit.com/r/BDS/comments/1q51krv/nvidia_builds_second_home_in_israel/,"Nvidia builds ""second home"" in Israel","NVIDIA has confirmed it will establish a major new R&amp;D campus in Kiryat Tivon in northern Israel, calling the country a strategic ""second home"" for the company.",2026-01-06 00:18:29,1767655109.0,pimpin_n_stuff,465,465,0,18,0.99,t2_9xgjp,29822,0,Boycott,False,False,2026-01-06 00:18:29,1767655109.0,False,164.0,4
1q5ag0b,BDS,https://reddit.com/r/BDS/comments/1q5ag0b/would_you_date_someone_who_doesnt_boycott/,Would you date someone who doesn’t boycott?,"In talking to this really sweet guy and we really really like each other so far. However the only issue I have so far is that he does not boycott zionists, not even the few bds targets. Saying is already hard as fuck for me because I’m queer, pretty feminine as a guy, and also vegan and idk if I should raise my pretty low standards a bit higher and only date people who boycott. What would you guys do lol cause idk. Like I’m worried about him wanting for us to eat at a Zionist company or like, getting Zionist gifts on Christmas and stuff like that you know? I know I can’t force people to boycott but I just don’t want any awkward encounters later down the line and stuff",2026-01-06 06:50:20,1767678620.0,No-Trick-7397,115,115,0,60,0.93,t2_10oio8mjhd,29822,0,Discussion,False,False,2026-01-06 06:50:20,1767678620.0,False,676.0,8
1q4yyub,BDS,https://reddit.com/r/BDS/comments/1q4yyub/the_world_celebrates_a_new_year_but_my_familys/,"The world celebrates a new year, but my family’s dreams lie under the rubble. Please help us rebuild.","Hello everyone,
My name is Osama. I am 22 years old from Gaza, and I study pharmacy and biotechnology.

Not long ago, my life revolved around exams, lectures, and plans for graduation. I was supposed to be in my final year at university, preparing to become a pharmacist so I could support my family and build a stable future. That future was taken from me when the war erased everything I knew.

Our home was destroyed, my university no longer exists, and my city has been reduced to ruins. My family and I were forced to flee again and again under constant shelling and airstrikes, surviving moments where death felt terrifyingly close.

Today, survival is our only goal. Education has stopped, dreams are on hold, and the future is uncertain. We spend our days searching for clean water and food, living in fragile tents that cannot protect us from heat, cold, or fear. This has been our reality for the third year in a row.

While the rest of the world moves forward and plans for the future, time here feels frozen. In Gaza, there are no new beginnings, only loss, waiting, and deep uncertainty. Many days, it feels as though we have been forgotten.

Still, I refuse to let go of hope. I believe my years of study still matter, and that my family deserves a chance at life beyond mere survival. Today, I am asking for help because my family and I have no other way to survive. Any support, no matter how small, could help us stay alive and begin rebuilding what was taken from us.

Thank you for taking the time to read my story.
Donation link is in the comments.",2026-01-05 22:38:30,1767649110.0,dark00H,153,153,0,2,1.0,t2_1vqfew7uau,29822,0,Gaza,False,False,2026-01-05 22:38:30,1767649110.0,False,1568.0,0
1q4ntsr,BDS,https://reddit.com/r/BDS/comments/1q4ntsr/why_does_a_beauty_subreddit_have_this_censorship/,"Why does a beauty subreddit have this censorship, I wonder",,2026-01-05 15:57:54,1767625074.0,Altruistic_You9489,320,320,0,26,1.0,t2_7ww2gfdl,29822,0,Other,False,False,2026-01-05 15:57:54,1767625074.0,False,,0
1q5486i,BDS,https://reddit.com/r/BDS/comments/1q5486i/is_ea_on_the_boycott_list_and_if_so_are_there/,Is EA on the boycott list? And if so are there other ways to play their online games that dont involve an ea play subscription?,,2026-01-06 02:05:39,1767661539.0,Dingus-the-Mingus,34,34,0,9,1.0,t2_ulw8fq8h,29822,0,Consumer,False,False,2026-01-06 02:05:39,1767661539.0,False,,0
1q3yoor,BDS,https://reddit.com/r/BDS/comments/1q3yoor/buy_me_coffee_allows_donations_to_the_iof_who_are/,"Buy Me Coffee allows donations to the IOF, who are committing genocide, but bans people documenting videos of the IOF's genocide",,2026-01-04 20:14:42,1767554082.0,ContentChecker,236,236,0,0,1.0,t2_jnrrge7y,29822,0,,False,False,2026-01-04 20:14:42,1767554082.0,False,,0
1q3rmk9,BDS,https://reddit.com/r/BDS/comments/1q3rmk9/the_opposition_leader_in_venezuela_showing_where/,The opposition leader in Venezuela showing where her loyalty lies,,2026-01-04 15:43:50,1767537830.0,Tr0jan___,253,253,0,10,1.0,t2_ykt3x3780,29822,0,News,False,False,2026-01-04 15:43:50,1767537830.0,False,,0
1q3mz7q,BDS,https://reddit.com/r/BDS/comments/1q3mz7q/give_us_our_money_back/,Give us our money back‼️,,2026-01-04 11:45:35,1767523535.0,Nervous-Savings2251,118,118,0,1,1.0,t2_9134tno6,29822,0,Boycott,False,False,2026-01-04 11:45:35,1767523535.0,False,,0
1q3junx,BDS,https://reddit.com/r/BDS/comments/1q3junx/mayor_mamdani_says_he_called_trump_this_morning/,Mayor Mamdani says he called Trump this morning to voice his disagreement with the aggressions in Venezuela and capture of Maduro. I called the president and spoke with him directly to register my opposition to this act,,2026-01-04 08:35:43,1767512143.0,Tr0jan___,201,201,0,1,1.0,t2_ykt3x3780,29822,0,News,False,False,2026-01-04 08:35:43,1767512143.0,False,,0
1q3ocim,BDS,https://reddit.com/r/BDS/comments/1q3ocim/ethical_consumerism_makes_job_hunting_so_much/,Ethical consumerism makes job hunting so much harder,"I literally can not find a job that follows ethical consumerism, iykwim. I'm a junior in a few creative IT fields (graphic and web design and social media management) and all companies either use AI heavily, require Meta ads management, or something else. Anyone got some recommendations?",2026-01-04 13:05:27,1767528327.0,DesignerSkyline01,48,48,0,8,0.95,t2_1b1kvm7rd8,29822,0,Consumer,False,False,2026-01-04 13:05:27,1767528327.0,False,288.0,2
1q3mblk,BDS,https://reddit.com/r/BDS/comments/1q3mblk/israels_failed_assassination_attempt_against/,Israel’s Failed Assassination Attempt Against Iran’s Top Leadership,,2026-01-04 11:06:05,1767521165.0,richards1052,50,50,0,0,1.0,t2_11s8q,29822,0,Israeli Terror/Apartheid,False,False,2026-01-04 11:06:05,1767521165.0,False,,0
1q3bf9j,BDS,https://reddit.com/r/BDS/comments/1q3bf9j/asshole/,Asshole !!!! 🤬🤬🤬🤬,,2026-01-04 01:43:27,1767487407.0,Tr0jan___,153,153,0,4,0.99,t2_ykt3x3780,29822,0,News,False,False,2026-01-04 01:43:27,1767487407.0,False,,1
1q3r1q4,BDS,https://reddit.com/r/BDS/comments/1q3r1q4/does_buying_etfs_actually_support_the_companies/,Does buying ETF’s actually support the companies?,"I’m in the fortunate position of having a small amount of savings to invest. My income is low so I’d like to be as smart as possible with it for my future, but also obviously don’t want to actively support any BDS companies. I’m also new to investing so simple = good, I don’t wanna be managing individual stocks just yet. There also doesn’t seem to be any BDS ETF’s around. 

My understanding is that one buys the stock from another holder, and not from the companies themselves, so in that sense the company benefits very little from the buying. 

But it still doesn’t feel right and I don’t feel I understand enough to be able to make a decision, so I’m hoping someone can weigh in here with more knowledge about the best thing to do? I was thinking to just invest in the S&amp;P 500 or similar and donate a portion of the profits to relief efforts - does that make sense? What do other people do here?",2026-01-04 15:18:50,1767536330.0,Accomplished_Cry6108,12,12,0,3,1.0,t2_o6pzeohep,29822,0,Other,False,False,2026-01-04 15:18:50,1767536330.0,False,905.0,0
1q3mhb1,BDS,https://reddit.com/r/BDS/comments/1q3mhb1/i_have_a_question_which_phone_company_should_i/,I have a question which phone company should I buy as all of them support Israel.,"I usually buy used phones for my self and my family during the bycott but my nani wants a new phone and I can't do anything abt it so is there any alternative.
Android is owned by bill gates (google)
IOS is on the bycott list 
What are ur thoughts of this",2026-01-04 11:15:50,1767521750.0,SchemeBoth2169,24,24,0,11,1.0,t2_19at9jma74,29822,0,Boycott,False,False,2026-01-04 11:15:50,1767521750.0,False,255.0,0
1q3kae9,BDS,https://reddit.com/r/BDS/comments/1q3kae9/question_about_bds/,Question about BDS,"Hi, my friend gave me a really hard time about my brother going to Starbucks. Maybe this is a blind spot of mine, but I pointed out to my friend that the connection between Starbucks and Israel is much more tenuous than other companies, and it’s not on the BDS list, and perhaps if our boycotting mandate is so broad then it distracts from the companies that actually have operated in Israel or supported the IDF. My friend didn’t seem that interested in the details of Starbucks’ involvement - she just argued that since they are pro-Israel, they should be boycotted. I’m not sure this sits right with me.

What are your thoughts?",2026-01-04 09:01:55,1767513715.0,CraftyOpportunity646,17,17,0,18,0.73,t2_14spiltaoa,29822,0,ASK THE SUB,False,False,2026-01-04 09:01:55,1767513715.0,False,631.0,6
1q3cmau,BDS,https://reddit.com/r/BDS/comments/1q3cmau/should_i_boycott_argentina/,Should I boycott Argentina?,"I feel conflicted because Argentina officially recognizes Palestine and has historically been one of the most Pro-Palestinian countries. I'm fact, even in the early days of the genocide. Argentina consistently voted in favor of a ceasefire.This was until Javier Milei was elected president in 2024 and shifted the country towards Israel

However, my understanding is the most Argentines also have a negative view of Israel and they only voted for Milei for economic reasons. ",2026-01-04 02:36:25,1767490585.0,VolkswagenPanda,46,46,0,17,0.86,t2_1kehygh2f3,29822,0,Boycott,False,False,2026-01-04 02:36:25,1767490585.0,False,475.0,7
1q2wrlz,BDS,https://reddit.com/r/BDS/comments/1q2wrlz/databases_for_palestine_which_tracks_israels/,"Databases for Palestine, which tracks Israel's genocide in Gaza &amp; other crimes, has been de-platformed by 'Buy Me Coffee'.",,2026-01-03 16:04:11,1767452651.0,ContentChecker,177,177,0,3,1.0,t2_jnrrge7y,29822,0,,False,False,2026-01-03 16:04:11,1767452651.0,False,,0
1q37ked,BDS,https://reddit.com/r/BDS/comments/1q37ked/what_social_media_platform_to_use_that_is_ethical/,What social media platform to use that is ethical and still popular?,"
The more you learn about social media the more you realize how exactly hidden unethical being of it contributed to its popularity. It is so unethical, especially these days with the AI rise and pushing propaganda. So, which one to use, anti-AI if possible, that still has a lot of people? I don't want to lose my online friends. But I want to beat social media addiction. Reddit seems nice but I want something similar to Instagram and TikTok.",2026-01-03 23:02:49,1767477769.0,DesignerSkyline01,43,43,0,10,1.0,t2_1b1kvm7rd8,29822,0,Consumer,False,False,2026-01-03 23:02:49,1767477769.0,False,444.0,0
1q339v4,BDS,https://reddit.com/r/BDS/comments/1q339v4/new_york_state_senate_bill_s531_titled_the/,"New York State Senate Bill S531, titled the 'antisemitism vandalism act', would criminalize vandalism of pro-Israel public print",,2026-01-03 20:14:24,1767467664.0,ContentChecker,51,51,0,1,1.0,t2_jnrrge7y,29822,0,,False,False,2026-01-03 20:14:24,1767467664.0,False,,0
1q3253v,BDS,https://reddit.com/r/BDS/comments/1q3253v/leaked_israeli_foreign_ministry_email_outlines/,"Leaked Israeli Foreign Ministry email outlines strategy to reframe a 2017 anti-occupation conference as BDS-centric, in order to demonize the event in Germany",,2026-01-03 19:31:42,1767465102.0,ContentChecker,29,29,0,0,1.0,t2_jnrrge7y,29822,0,,False,False,2026-01-03 19:31:42,1767465102.0,False,,0
1q2srmv,BDS,https://reddit.com/r/BDS/comments/1q2srmv/boycott_the_fiorentina_football_club/,Boycott the Fiorentina Football Club!,"[https://www.facebook.com/share/v/1Bc9eKQfFe/](https://www.facebook.com/share/v/1Bc9eKQfFe/)

They've signed the Israeli and Zionist footballer Solomon! A clear propaganda and hasbara move, given that in recent seasons he's barely played for the teams he played for!  
",2026-01-03 12:50:40,1767441040.0,Imaginary-Hold5898,86,86,0,2,0.99,t2_fmf344ai,29822,0,Consumer,False,False,2026-01-03 12:50:40,1767441040.0,False,269.0,0
1q2vv9y,BDS,https://reddit.com/r/BDS/comments/1q2vv9y/kleman_france_shoes/,Kleman France - shoes,"Hi all, i really liked Kleman Pardor shoes. Are they OK? (Not obviously from quality perspective)",2026-01-03 15:26:07,1767450367.0,Relative-Chain73,8,8,0,0,1.0,t2_10p3mqzive,29822,0,ASK THE SUB,False,False,2026-01-03 15:26:07,1767450367.0,False,97.0,0
1q2jhst,BDS,https://reddit.com/r/BDS/comments/1q2jhst/11_best_kindle_alternatives_for_ethical_ereading/,11 Best Kindle Alternatives For Ethical E-reading,,2026-01-03 04:18:39,1767410319.0,Practical_Chef_7897,47,47,0,1,1.0,t2_vuxmu214c,29822,0,Consumer,False,False,2026-01-03 04:18:39,1767410319.0,False,,0
1q2hfiu,BDS,https://reddit.com/r/BDS/comments/1q2hfiu/what_alternatives_to_airbnb_or_bookingcom_are_you/,What alternatives to airbnb or booking.com are you using?,"Lots of sites seem to actually just crosspost/hide that the booking is going via e.g. booking.com or Expedia. I was using Agoda, but apparently it's also owned by the same people as booking.com? And trip.com is owned by Expedia?

Asking not just as a user (if worst comes to worst I can find a host on these platforms and contact them directly to book in many cases... although not for apartments really) but also because I was considering hosting in my spare room in the near future due to changes in my financial circumstances.

I looked at fairbnb, but it seems to have very few users.",2026-01-03 02:46:10,1767404770.0,amotivatedgal,44,44,0,13,0.97,t2_a7mppc3j,29822,0,ASK THE SUB,False,False,2026-01-03 02:46:10,1767404770.0,False,588.0,1
1q2k3xj,BDS,https://reddit.com/r/BDS/comments/1q2k3xj/does_the_essential_mod_for_minecraft_have_any/,Does the essential mod for minecraft have any ties to Isrl?,Pretty straight foward. Does that mod have any ties to the entity in any way!,2026-01-03 04:46:28,1767411988.0,Dingus-the-Mingus,17,17,0,3,0.95,t2_ulw8fq8h,29822,0,Boycott,False,False,2026-01-03 04:46:28,1767411988.0,False,77.0,0
1q2cr9x,BDS,https://reddit.com/r/BDS/comments/1q2cr9x/bdsfriendly_gym_shoes/,BDS-Friendly Gym Shoes?,"Hi everyone!

Avid gym-goer here who is looking for a fairly affordable, comfortable and durable pair of lifting/running shoes that aren't from a brand on the BDS list? Preferably one that I can try in person rather than ordering online. Open to any and all suggestions as someone who goes to the gym about 4-5 times a week. Drop any suggestions or advice on shoes that have worked for you.

Free Palestine 'til its backwards, and don't let the fascists outwork or out train you.",2026-01-02 23:29:42,1767392982.0,Pack_Em_Up,39,39,0,7,0.99,t2_xcehc,29822,0,Consumer,False,False,2026-01-02 23:29:42,1767392982.0,False,479.0,0
1q1ncja,BDS,https://reddit.com/r/BDS/comments/1q1ncja/mamdani_revokes_eric_adams_executive_orders_that/,Mamdani revokes Eric Adams executive orders that banned BDS and required New York City to use IHRA definition of antisemitism,,2026-01-02 04:04:39,1767323079.0,Burning-Bush-613,374,374,0,19,1.0,t2_1ytk7oy8f2,29822,0,News,False,False,2026-01-02 04:04:39,1767323079.0,False,,0
1q1lhua,BDS,https://reddit.com/r/BDS/comments/1q1lhua/delete_your_tiktok_on_january_22nd_alternatives/,Delete your Tiktok on January 22nd (Alternatives to Tiktok),"https://preview.redd.it/xy4btwevbuag1.png?width=270&amp;format=png&amp;auto=webp&amp;s=024b9f9f6ef4a8079bd09d3d488d86096d83a056

Oracle CEO and Billionaire Israeli-American Larry Ellison has acquired TikTok in the US. He heavily supports Israel and is the single largest donor to the IOF. Please delete TIKTOK. Some people are planning to delete TikTok on January 22nd, as the deal is set to close on that date.

Before doing so, download all your videos, especially if you've been vocal about Palestine and documenting everythingin the last two years. It's extremely important to have backups. Oracle plans to heavily censor and delete any content that’s pro-Palestine. It's already happening in other areas.

Recently, NameCheap revoked the domain name for Zionism Observer’s digital memorial, which contained over 16,000 videos. We cannot lose this information. It can be exhausting to start another social media account. But we need to make sure we are getting the information out there and supporting Palestinians and other groups going through genocide.

**Alternatives to TikTok**

UpScrolled

Interval

RedNote

Spill App

Please put more suggestions in the comments.",2026-01-02 02:39:11,1767317951.0,SnooOnions4663,342,342,0,32,0.99,t2_6yqjcdxj,29822,0,Boycott,False,False,2026-01-02 02:39:11,1767317951.0,False,1175.0,3
1q1ismy,BDS,https://reddit.com/r/BDS/comments/1q1ismy/what_to_do_if_you_get_a_gift_card_to_a_place/,What to do if you get a gift card to a place being boycotted.,"A lot of people post this question, and the answer is always the same. With it recently being Christmas and a lot of people likely receiving these sorts of gift cards, I thought I would make a post about what to do when this happens.

**When you get a giftcard to somewhere being boycotted, the ideal course of action is to use it as soon as possible.** You might wonder why, as we are boycotting these places after all, however the boycott means not sending your money to a place. If someone has bought a giftcard to a place, the money is already spent, then until the gift card is used it actually acts as profit for the company which they make interest off of when you do not use it. For example,  [Starbucks has around 1.78 billion (as of Q4 2024) of unused gift cards in the US.](https://www.tastingtable.com/1907921/starbucks-gift-cards-unspent-amount/) They make money off of gift cards until you spend them, so therefore the best course of action is to spend the money which has been added to the gift card.

However, you should also tell family/friends buying you these giftcards to no longer buy you gift cards from these places, even if this is family you may only talk to once or twice per year. **Send family and friends the BDS list and tell them to boycott too!** (provided it is safe to do so in your situation).",2026-01-02 00:38:33,1767310713.0,mar_de_mariposas,198,198,0,28,1.0,t2_1y12icpph7,29822,0,Boycott,False,False,2026-01-02 00:38:33,1767310713.0,1767310968.0,1328.0,0
1q1gyn6,BDS,https://reddit.com/r/BDS/comments/1q1gyn6/tiktokgenocide_which_documented_israels_genocide/,"TikTokGenocide, which documented Israel's genocide in Gaza with over 16,000 videos, has gone down. NameCheap revoked the domain name saying it ""promotes, encourages, engages or displays cruelty to humans or animals.""",,2026-01-01 23:22:07,1767306127.0,ContentChecker,96,96,0,0,1.0,t2_jnrrge7y,29822,0,,False,False,2026-01-01 23:22:07,1767306127.0,False,,0
1q0x0db,BDS,https://reddit.com/r/BDS/comments/1q0x0db/jackie_chan_deeply_moved_by_the_suffering_of/,"Jackie Chan, deeply moved by the suffering of Gaza’s children",,2026-01-01 06:49:54,1767246594.0,Glad_Opinion_6339,796,796,0,14,1.0,t2_csrzjejk,29822,0,News,False,False,2026-01-01 06:49:54,1767246594.0,False,,0
1q16xjd,BDS,https://reddit.com/r/BDS/comments/1q16xjd/take_part_in_a_political_project_for_palestine/,Take part in a *political* project for Palestine,"Many of those in solidarity with Palestine outside Arab countries sympathize with the Palestinian cause, particularly since the high-speed genocide started. But a lot of them still have a lot to learn, at at least two levels:

1. **What the actual problem is and what the actual solution is.** For example, many view ""Palestine/Israel"" as something similar to ""Ukraine/Russia"", where if the violence ceases and the two states live peacefully, it's great. They would have a hard time explaining what ""occupation"" actually means or what the difference between it and settler colonization is. And to them, ""two states vs one Palestinian state"" is just a political choice, not the difference between occupation and liberation.
2. **How to impose change.** Basically how to analyze the balance of power enabling settler colonization and how to affect it. For example, many have seen the limited effect of advocacy, protests or electoral politics, but don't really know what to do.

Obviously this is not criticism of them or their efforts. If anything it's a criticism of our (Palestinian and Arab) factions that made virtually 0 efforts to reach out to them to coordinate the discourse, share political experience and organize efforts.

So my suggestions would be for a group of 10-20 Palestinians and Arabs, and possibly others with deep knowledge of the cause, to first have a discussion on the two points above (problem/solution and how to impose change), see what basics they agree on but also where they disagree. Then to compile a list of pro-Palestinian groups abroad, and reach out to them to suggest discussions on these two points.

There already are such efforts, we can join them or create something new. If anyone is interested, please drop a comment or a private message.",2026-01-01 16:37:02,1767281822.0,Level-Kiwi-3836,53,53,0,1,0.98,t2_1hlu7lllfw,29822,0,Action Alert,False,False,2026-01-01 16:37:02,1767281822.0,False,1781.0,1
1q11s6h,BDS,https://reddit.com/r/BDS/comments/1q11s6h/setting_one_palestinian_state_over_all_of/,"Setting ""one Palestinian state over all of Palestine"" as the goal is not a preference it's an imperative",,2026-01-01 12:03:56,1767265436.0,endingcolonialism,73,73,0,0,0.97,t2_1bb2ngtd7u,29822,0,Discussion,False,False,2026-01-01 12:03:56,1767265436.0,False,,2
1q0qm3k,BDS,https://reddit.com/r/BDS/comments/1q0qm3k/former_us_state_dept_spokesperson_and_ghoul/,"Former U.S. State Dept spokesperson and GHOUL Matthew Miller acknowledges Israel was sabotaging the possibility of reaching a ceasefire agreement. Guess he just lied every single day and put it all on Ήâмáş until the end of Biden's term and no one cares what he says anymore then, no big deal 🤬",,2026-01-01 00:46:58,1767224818.0,KnowTheTruthMatters,154,154,0,0,1.0,t2_149gz3t5je,29822,0,Gaza,False,False,2026-01-01 00:46:58,1767224818.0,False,,0
1q0o772,BDS,https://reddit.com/r/BDS/comments/1q0o772/fixed/,Fixed.,,2025-12-31 22:43:12,1767217392.0,Tr0jan___,58,58,0,0,0.98,t2_ykt3x3780,29822,0,Boycott,False,False,2025-12-31 22:43:12,1767217392.0,False,,1
1q09q6b,BDS,https://reddit.com/r/BDS/comments/1q09q6b/why_nvidia_along_intel_and_hewlettpackard_are_my/,Why Nvidia along Intel and Hewlett-Packard are my top 3 boycott targets.,"[https://www.calcalistech.com/ctechnews/article/sjcwdmxxzg](https://www.calcalistech.com/ctechnews/article/sjcwdmxxzg)  
[https://finance.yahoo.com/news/nvidia-advanced-talks-buy-israels-171025289.html](https://finance.yahoo.com/news/nvidia-advanced-talks-buy-israels-171025289.html)

  
",2025-12-31 11:16:52,1767176212.0,MagnusRottcodd,402,402,0,5,1.0,t2_o4dgz,29822,0,Consumer,False,False,2025-12-31 11:16:52,1767176212.0,False,288.0,0
1q0c90l,BDS,https://reddit.com/r/BDS/comments/1q0c90l/carlos_latuff_the_reason_why_israel_was_the_first/,"[Carlos Latuff] The reason why Israel was the first country to recognize ""Somaliland"".",,2025-12-31 13:48:36,1767185316.0,Tr0jan___,196,196,0,1,1.0,t2_ykt3x3780,29822,0,Meme!,False,False,2025-12-31 13:48:36,1767185316.0,False,,0
1q0q2sw,BDS,https://reddit.com/r/BDS/comments/1q0q2sw/is_watching_lou_which_is_owned_by_disney_france/,"Is watching Lou!, which is owned by Disney France, on youtube with an adblocker crossing the line?","I recently found this show called Lou and want to watch it to learn French, but I researched it and noticed it is owned by Disney. Though I do not have a subscription to disney, would still watching it on youtube be cross the bds boundary?

I want to ask before I continue watching it or fully stop watching it.",2026-01-01 00:18:00,1767223080.0,Conscious-Rich3823,17,17,0,4,0.95,t2_1jkd4td7yb,29822,0,Consumer,False,False,2026-01-01 00:18:00,1767223080.0,False,311.0,0
1q0e6ti,BDS,https://reddit.com/r/BDS/comments/1q0e6ti/manifesting_revolution_gaza_is_the_compass/,Manifesting Revolution - Gaza is the Compass - YouTube - Rev &amp; Reve,,2025-12-31 15:25:18,1767191118.0,Puripuri_Purizona,37,37,0,0,0.97,t2_4a4p5rw,29822,0,Other,False,False,2025-12-31 15:25:18,1767191118.0,False,,1
1q0o4iw,BDS,https://reddit.com/r/BDS/comments/1q0o4iw/nonprofit_using_free_services_boycott/,"Nonprofit using free services, boycott?","Hi, I work for a nonprofit that is considering using some web saas services from companies on the BDS list. They are offered free to nonprofits, but I am wondering if there is a good argument for not using them ",2025-12-31 22:39:31,1767217171.0,hmountain,9,9,0,3,0.91,t2_gx1gu,29822,0,Consumer,False,False,2025-12-31 22:39:31,1767217171.0,False,211.0,0
1q0087y,BDS,https://reddit.com/r/BDS/comments/1q0087y/iranian_hackers_break_cell_phone_of/,Iranian Hackers Break Cell Phone of Scandal-Plagued Netanyahu Aide,,2025-12-31 02:40:05,1767145205.0,richards1052,99,99,0,0,1.0,t2_11s8q,29822,0,,False,False,2025-12-31 02:40:05,1767145205.0,False,,0
1pzsypy,BDS,https://reddit.com/r/BDS/comments/1pzsypy/tiktok_is_dead/,TikTok is dead,,2025-12-30 21:33:18,1767126798.0,Tr0jan___,60,60,0,1,0.99,t2_ykt3x3780,29822,0,Action Alert,False,False,2025-12-30 21:33:18,1767126798.0,False,,0
1pzeblc,BDS,https://reddit.com/r/BDS/comments/1pzeblc/reminder_avatar_movies_are_owned_by_disney/,Reminder: Avatar movies are owned by Disney,"The movie is distrubuted by 20th Century Studios. This is a company owned by the Walt Disney Company. Which means most of the film's profit would go to Disney. 

As you already knew, Disney is officially on the BDS list. They donated 2 billion dollars to Issrahell in October 2023, with a statement supporting this ""state"". They also cast Israeli actress, like Gal Gadot and Shira Haas. 

Just wanna put this out here because this movie is popular right now. ",2025-12-30 11:02:24,1767088944.0,Pepperina_G,375,375,0,21,0.99,t2_szgq1k66,29822,0,Boycott,False,False,2025-12-30 11:02:24,1767088944.0,False,459.0,3
1pzkswz,BDS,https://reddit.com/r/BDS/comments/1pzkswz/sodastream_alternative/,Sodastream alternative,"so, I bought my sodastram 5.5 years ago before I really got into bds. still works, so I'm  not gonna throw it out but it starts to make little problems. what would be an alternative brand? I'm in austria. amd need to be able to get the revilable zylinders too

or is sodastream off the list? I read conflicting statements",2025-12-30 16:21:53,1767108113.0,barb_20,51,51,0,23,0.95,t2_13pgcj,29822,0,Consumer,False,False,2025-12-30 16:21:53,1767108113.0,False,321.0,2
1pzfyyw,BDS,https://reddit.com/r/BDS/comments/1pzfyyw/boycott_free_dating_apps/,Boycott free dating apps?,"Anything owned by the match group (Tinder, Hinge, etc) is off limits since they're owned by a vocally zionist ceo. Bumble donated to both Israeli and Palestinian aid groups, so I'm not comfortable using their app either. Grindr (for the queer folks here) had a controversy earlier this year where they blocked people from putting ""no zionists"" in their bio but still allowed ""no xyz ethnicity"" for some reason. Boo seems alright as I can't find anything about them supporting Israel, but I'm not sure.

Do tell me anything else you know ",2025-12-30 12:39:55,1767094795.0,Fhlurrhy108,99,99,0,21,0.97,t2_22qaymnl8n,29822,0,ASK THE SUB,False,False,2025-12-30 12:39:55,1767094795.0,False,537.0,3
1pytke6,BDS,https://reddit.com/r/BDS/comments/1pytke6/how_boycotting_israelilinked_brands_reshaped/,How boycotting Israeli-linked brands reshaped Malaysia's food industry,,2025-12-29 19:13:32,1767032012.0,Nomogg,404,404,0,7,1.0,t2_ito8ztfp,29822,0,BDS Victory!,False,False,2025-12-29 19:13:32,1767032012.0,False,,0
1pywne2,BDS,https://reddit.com/r/BDS/comments/1pywne2/alternatives_to_expedia_and_bookingcom/,Alternatives to Expedia and Booking.com,"So, I was recently looking at booking a hotel and my go to always used to be booking.com, so I looked for alternatives and landed on some other sites and much to my dismay, so many were owned by booking.com and expedia under different names!

Anyway, because they are so hard to avoid, I've made a list of more BDS-friendly websites to book from. 

Trip.com Group which includes:
- Trip.com
- Skyscanner
- Makemytrip
- Budgetair

Also:
- Klook
- Lastminute
- Loveholidays
- Secret Escapes
- Stayforlong
- Super.com
- Vio

I didn't check to see if they have listings in illegal Israeli settlements, just that they weren't owned by Booking, Airbnb or Expedia which are on the BDS pressure target list. 

If anyone has any better hotel booking sites or a reason why any of these should be excluded, please let me know! 


",2025-12-29 21:07:33,1767038853.0,antifamarketer,91,91,0,8,0.99,t2_1vdw2qpwx6,29822,0,Consumer,False,False,2025-12-29 21:07:33,1767038853.0,False,819.0,0
1pyirf0,BDS,https://reddit.com/r/BDS/comments/1pyirf0/spying_and_influencing_you_since_y2k/,Spying and influencing you since Y2K,,2025-12-29 11:17:08,1767003428.0,Tr0jan___,107,107,0,3,1.0,t2_ykt3x3780,29822,0,Hasbara,False,False,2025-12-29 11:17:08,1767003428.0,False,,0
1pxvsnk,BDS,https://reddit.com/r/BDS/comments/1pxvsnk/malaysias_mass_boycott_of_israellinked_global/,Malaysia’s mass boycott of Israel-linked global brands has helped local businesses grow fast. Supporters argue that it demonstrates how consumer pressure can significantly shift entire markets.,,2025-12-28 17:41:28,1766940088.0,Glad_Opinion_6339,385,385,0,1,1.0,t2_csrzjejk,29822,0,News,False,False,2025-12-28 17:41:28,1766940088.0,False,,0
1py4y8y,BDS,https://reddit.com/r/BDS/comments/1py4y8y/alternatives_to_cerave/,Alternatives to Cerave,"I recently found out that Cerave is on the boycott list (it's been ages since I bought any, so it wasn't something I thought about until recently) 

I'm almost out, and I'd like to replace it with a non-BDS product

For added context/information, I'm in the southeast US and want moisturizer for dry-prone skin that has SPF of some sort",2025-12-28 23:46:20,1766961980.0,cindyloowhovian,71,71,0,22,0.99,t2_13vm3h,29822,0,Consumer,False,False,2025-12-28 23:46:20,1766961980.0,False,336.0,0
1pyd4vp,BDS,https://reddit.com/r/BDS/comments/1pyd4vp/adapalenedifferin_gel/,Adapalene/Differin gel,"Hey yall, im in the US, Ive had such a hard time finding skincare products that are ok! The main thing ive struggled with that is adapalene, generic Differin gel. I was so excited when I found one manufactured in Canada sold by Wellmate, but i just opened the container and happened to read the pamphlet, where it says in tiny print at the bottom that it was made by Taro. Has anyone had any success finding an adapalene thats not on the list? ",2025-12-29 05:56:58,1766984218.0,roxi3smiles,20,20,0,3,1.0,t2_mluwmkeh,29822,0,ASK THE SUB,False,False,2025-12-29 05:56:58,1766984218.0,False,444.0,0
1py3mlm,BDS,https://reddit.com/r/BDS/comments/1py3mlm/concert_tickets_up_300_over_20_years_as_proisrael/,"Concert Tickets Up 300% Over 20 Years as Pro-Israel Lobbyists, Scalpers, and Corporations Dominate",,2025-12-28 22:52:01,1766958721.0,Tr0jan___,60,60,0,0,0.99,t2_ykt3x3780,29822,0,Entertainment,False,False,2025-12-28 22:52:01,1766958721.0,False,,0
1py2nj6,BDS,https://reddit.com/r/BDS/comments/1py2nj6/glasses/,Glasses,"I need to have new pair of glasses. I was looking for Essilor but I have learned that is high impact boycott. I also looking for Kodak lenses but they are also owned by Essilor. Which glasses (lenses) is safe to go? I see [https://masjidalaqsa.com/boycott/essilorluxottica-israel-bds](https://masjidalaqsa.com/boycott/essilorluxottica-israel-bds) this when i'm searching but I know Zeiss is too expensive for my budget, i don't know if there is good price/performance Hoya glasses as well, might me overpriced also.  
Any recommendations ?  
salamun alaykum  
",2025-12-28 22:12:43,1766956363.0,Virtual-Tale7778,22,22,0,4,0.92,t2_ezpt03ka,29822,0,Boycott,False,False,2025-12-28 22:12:43,1766956363.0,False,560.0,1
1pxii1c,BDS,https://reddit.com/r/BDS/comments/1pxii1c/christmas_number_1_contenders_2025_together_for/,Christmas Number 1 Contenders 2025: Together For Palestine's Lullaby,,2025-12-28 05:46:14,1766897174.0,Tr0jan___,48,48,0,0,0.96,t2_ykt3x3780,29822,0,Entertainment,False,False,2025-12-28 05:46:14,1766897174.0,False,,2
1pxb95u,BDS,https://reddit.com/r/BDS/comments/1pxb95u/cat_food_and_other_items/,cat food and other items,"Hi Everyone,  This is my first post here.

I have a senior cat and in the past year have really been trying to avoid Purina, Fancy Feast and Temptations foods. (My vet who also is BDS-conscious actually suggested Temptations treats solely bc of its nutrient/vitamin  content).  

It's a bit tricky because my cat is a senior, and the senior formula wet foods she likes the most are from Purina and Fancy Feast. My cat also is **very finicky** and has a sensitive digestive system. I do buy Wellness and some other  brands that are not on disoccupied or BDS afaik.  There's a hydration formula by Purina she likes. I haven't bought it in a while because it was out of stock a few months back.

  
I've changed a number of brands that I use in the past year when I found out they were on BDS (eg mouthwash, deodorant), but feel a bit stuck in some other areas like cat food and toothpaste. (I use plain, old fashioned original Crest. Despite relentless internet searches I have not been able to find a generic formula of the original Crest. I've tried Aim, but it seems to leave a residue on my teeth for some reason. Disoccupied suggests Aim as an alternative to Crest.)

I guess I'm wondering what other people do regarding their pets and/or if there isn't a generic version (like the original Crest)?  (There are generic toothpastes, but they are usually whitening which I'm not looking for.)

Thank you.",2025-12-28 00:02:02,1766876522.0,MoonGlissades,23,23,0,1,0.96,t2_3z7nesrm,29822,0,Consumer,False,False,2025-12-28 00:02:02,1766876522.0,False,1405.0,0
1pwt5s3,BDS,https://reddit.com/r/BDS/comments/1pwt5s3/psytrance_artists_that_are_antizionist/,psytrance artists that are anti-zionist?,"I've recently gotten into psytrance and i adore it. I was heartbroken when I found out just how zionist the psytrance scene is. I wasn't particularly meaning to join the forest dancing, hippie festival psytrance crowd really, but it's a genre I really like and enjoy. I'm also really into hypertrance, which is not really zionist at all, or more so the scene isn't inherently zionist. Psytrance is a complicated case given most psytrance artists and DJ's happen to be israeli. I'm inevitably gonna listen to israeli dj's once in a while when listening to psytrance playlists, however I wanna know of what artists within the psytrance scene are anti-zionists so I can put in the effort to check them out and listen to them. I know separating the art from the artist can be done, but I don't wanna be part of a scene that is so heavily influenced in zionism. ",2025-12-27 09:48:23,1766825303.0,Dear-Boot4077,52,52,0,10,0.98,t2_21uw9ev5et,29822,0,Other,False,False,2025-12-27 09:48:23,1766825303.0,False,857.0,1
1pwdzhp,BDS,https://reddit.com/r/BDS/comments/1pwdzhp/on_global_palestine_what_the_global_north_and/,On Global Palestine: What the Global North and South really refer to,"A [translation](https://decolonialpraxis.substack.com/p/on-global-palestine) of an article by Muzna Shihabi on [L’Humanité](https://www.humanite.fr/en-debat/gaza/nord-global-sud-global-ce-que-ces-mots-disent-vraiment)

The world is no longer divided by continents or skin color, but by lines of consciousness. On one side are those who can still look away. On the other are those who are haunted by images even in their sleep.

We continue to talk about the “global North” and the “global South.” But these words no longer refer to geography. They refer to perspective. The North is not a place. It is a stance: one that sees without emotion, that dissects without commitment. The South, meanwhile, is not a latitude. It is what remains when everything has been destroyed except dignity.

Since Gaza, a rift has opened up. Invisible, without watchtowers or walls, but sharper than any border. On one side are those who talk about “conflict,” “security issues,” and “complexity.” On the other are those who have no words left. Because words break on the corpses of children. And their silence weighs more than all the editorials.

The North speaks. It speaks loudly. In carefully calibrated statements, in charts and graphs. It speaks to explain, to frame, to transform urgency into abstraction. Its language is cold, strategic, calculated. It claims nuance, but it masks impunity. Every word becomes a tool of neutralization.

The South speaks differently. It expresses itself in the ruins of Rafah, in the muffled cries of the camps, in the placards brandished in London, Tangier, or Sydney. It is a language of flesh and dust. That of the living who stand tall even when everything around them is collapsing.

In a house in Amman, Paris, or Manama, a family turns down the volume. On the screen, a building collapses. Then an advertisement. The meal continues. Genocide becomes background noise, modulated like the light or the refrigerator. That is the privilege of the global North: being able to choose not to see—Comfort built on silence.

Meanwhile, in Khan Younes,

a child walks barefoot among the rubble. He clutches a cat to his chest. On his arm, a name written in marker: Adam. His mother wrote it there so that it would survive if he did not. That is the global South: a name scribbled in haste, an identity standing tall in the dust. Fragile, but more powerful than any weapon.

In New York, a student holds up a sign: “This is not a war, it is genocide.” In Johannesburg, a minister dares to say the word. In Paris and Berlin, demonstrations are banned. The lines are shifting. They no longer follow continents, they cross consciences.

Historian Ilan Pappé speaks of “Global Israel” and “Global Palestine.” Two ways of seeing the world: one from the command post, the other from the ruins. Global Israel: a wall, a drone, an algorithm. Fear erected into a system. Global Palestine: a human breath, a naked truth, a cry without validation.

In certain air-conditioned newsrooms, we hear about the nightmares of the Israeli soldier. His fear. His moral fatigue. But nothing about the broken sleep of the child in Gaza. Nothing about the mother digging up her children. Nothing about the brother digging a grave. The North mourns the exhaustion of the oppressor. And remains silent in the face of the pain of the oppressed.

In Deir al-Balah, a father searches through the rubble. His daughter holds a headless doll. He tells her not to look. She looks anyway. Because this is her world. Under a stone, a school notebook. The child had written: “I want to become a doctor to treat my brother, who is denied medical care in Jerusalem. “ The father reads. He smiles through his tears. A smile that promises to resist.

Global Palestine has no ministries, no satellites, no lobby. It has notebooks. Only names. Smiles standing tall in the dust. It has the stubborn courage of those who know that even if everything collapses, a word can remain standing.

You can be called Mohammed and belong to Global Israel. Or be called Rachel and walk with Global Palestine. States no longer draw borders. Consciences do.

In every newsroom, every ministry, every quiet home, an invisible line is drawn. There are those who watch. And those who accommodate the horror.

Being from the South today is not a matter of origin. It is a choice. A loyalty. It is believing that memory is a form of dignity. That truth does not need authorization. Gaza is not just a tragedy. It is a question imposed on the global conscience.

So the South has changed its name. It is now called Global Palestine. It lives in ruins, notebooks, muffled cries. And it whispers, with terrible calm: you cannot rebuild a world without first recognizing a people’s rights.",2025-12-26 21:22:26,1766780546.0,Level-Kiwi-3836,58,58,0,6,0.98,t2_1hlu7lllfw,29822,0,Discussion,False,False,2025-12-26 21:22:26,1766780546.0,False,4743.0,1
1pvyi3w,BDS,https://reddit.com/r/BDS/comments/1pvyi3w/tip_for_the_holiday_season_what_to_do_with_gift/,Tip for the holiday season: what to do with gift cards to boycotted places,"Alhamdulilah I am in a financial place where I can afford boycott-safe alternatives to almost everything I want or need. So this holiday season, I am in the position where a present of a gift card to a boycotted place can benefit someone else a lot more than it ever could me. Either pass it along to a needy member of your community or opt for a donation to a charity (like St.Jude's for example) that has a CardCash program where they can source donations from unwanted gift cards. Happy Holidays and Free Palestine 🫶🏻",2025-12-26 08:26:47,1766734007.0,elifshafakenthusiast,66,66,0,0,1.0,t2_1gvtqojodv,29822,0,Consumer,False,False,2025-12-26 08:26:47,1766734007.0,False,520.0,0
1pvowfu,BDS,https://reddit.com/r/BDS/comments/1pvowfu/meta_has_a_new_feature_that_lets_you_take_control/,"Meta has a new feature that lets you take control of your algorithm by suggesting topics you want to see more posts about. Adding 'Israel' is fine, but if you try to add ‘Gaza’ or ‘Palestine’, you will be told ""this topic is not supported"".",,2025-12-25 23:47:20,1766702840.0,MrJasonMason,264,264,0,5,0.99,t2_ufjr712k,29822,0,Consumer,False,False,2025-12-25 23:47:20,1766702840.0,False,,2
1pvjphb,BDS,https://reddit.com/r/BDS/comments/1pvjphb/huda_is_criticizing_influencers_for_promoting/,"Huda is criticizing influencers for promoting SKIMS in the Emirates, as the brand expands with 15 stores in Israel-a country currently carrying out a genocide in Gaza",,2025-12-25 19:38:27,1766687907.0,MrJasonMason,334,334,0,3,0.99,t2_ufjr712k,29822,0,Consumer,False,False,2025-12-25 19:38:27,1766687907.0,False,,3
1pvmew5,BDS,https://reddit.com/r/BDS/comments/1pvmew5/ex_cia_officer_explains_why_hes_never_met_a/,Ex CIA officer explains why he's never met a member of the CIA who was pro assrael,,2025-12-25 21:44:18,1766695458.0,Tr0jan___,159,159,0,5,0.99,t2_ykt3x3780,29822,0,Other,False,False,2025-12-25 21:44:18,1766695458.0,False,,1
1pvkmzr,BDS,https://reddit.com/r/BDS/comments/1pvkmzr/palestinian_christian_leaders_call_on_global/,Palestinian Christian leaders call on global churches repudiate Zionism and end dialogue with Christian Zionists,,2025-12-25 20:20:41,1766690441.0,Burning-Bush-613,87,87,0,1,1.0,t2_1ytk7oy8f2,29822,0,News,False,False,2025-12-25 20:20:41,1766690441.0,False,,0
1pvfbbg,BDS,https://reddit.com/r/BDS/comments/1pvfbbg/perhaps_it_is_time_to_set_the_record_straight_on/,"Perhaps it is time to set the record straight on what exactly happened on Oct 7. Hamas wants transparency from international investigators -- surely ""Israel"" will agree??",,2025-12-25 16:11:39,1766675499.0,shane_4_us,187,187,0,3,0.99,t2_1ven1w1,29822,0,News,False,False,2025-12-25 16:11:39,1766675499.0,False,,1
1pv9ywr,BDS,https://reddit.com/r/BDS/comments/1pv9ywr/a_message_from_archbishop_atallah_hanna/,"A message from Archbishop Atallah Hanna, Palestinian Archbishop of Sebastia from the Greek Orthodox Patriarchate of Jerusalem, and an outspoken One Democratic State supporter, on Christmas",,2025-12-25 10:44:46,1766655886.0,endingcolonialism,204,204,0,1,1.0,t2_1bb2ngtd7u,29822,0,Discussion,False,False,2025-12-25 10:44:46,1766655886.0,False,,0
1puqriq,BDS,https://reddit.com/r/BDS/comments/1puqriq/it_is_my_right_to_live_a_decent_and_happy_life/,It is my right to live a decent and happy life with my family.,,2025-12-24 17:05:51,1766592351.0,Comfortable_Spend436,543,543,0,13,1.0,t2_1vy4mvk795,29822,0,Gaza,False,False,2025-12-24 17:05:51,1766592351.0,False,,0
1puwpue,BDS,https://reddit.com/r/BDS/comments/1puwpue/in_a_letter_to_british_prime_minister_starmer_4/,"In a letter to British Prime Minister Starmer, 4 former Senior UK Army officers call for a full arms embargo on Israel",,2025-12-24 21:35:12,1766608512.0,newsspotter,137,137,0,1,1.0,t2_4e7f3195,29822,0,News,False,False,2025-12-24 21:35:12,1766608512.0,False,,0
1pv1f21,BDS,https://reddit.com/r/BDS/comments/1pv1f21/maria_farmer_one_of_epsteins_victims_is_clearly/,Maria Farmer one of Epstein's victims is clearly pro Palestine,,2025-12-25 01:39:49,1766623189.0,Tr0jan___,22,22,0,0,0.96,t2_ykt3x3780,29822,0,Other,False,False,2025-12-25 01:39:49,1766623189.0,False,,0
1puwzub,BDS,https://reddit.com/r/BDS/comments/1puwzub/watch/,Watch!,,2025-12-24 21:48:46,1766609326.0,Tr0jan___,33,33,0,0,1.0,t2_ykt3x3780,29822,0,Hasbara,False,False,2025-12-24 21:48:46,1766609326.0,False,,0
1pucdx7,BDS,https://reddit.com/r/BDS/comments/1pucdx7/belgium_joins_south_africas_genocide_case_against/,Belgium joins South Africa’s genocide case against Israel at ICJ,,2025-12-24 03:41:56,1766544116.0,Tr0jan___,258,258,0,0,1.0,t2_ykt3x3780,29822,0,News,False,False,2025-12-24 03:41:56,1766544116.0,False,,0
1puwpzu,BDS,https://reddit.com/r/BDS/comments/1puwpzu/19_dogood_gifts_for_everyone_on_your_list/,19 Do-Good Gifts for Everyone on Your List,,2025-12-24 21:35:25,1766608525.0,Practical_Chef_7897,9,9,0,0,0.75,t2_vuxmu214c,29822,0,Consumer,False,False,2025-12-24 21:35:25,1766608525.0,False,,3
1pulpj8,BDS,https://reddit.com/r/BDS/comments/1pulpj8/what_charities_are_currently_delivering_aid/,What charities are currently delivering aid?,I’ve been donating to MAP and anera for the past few months but felt I needed an update on which charities are getting aid through the blockade/operating hospitals and such. ,2025-12-24 12:55:23,1766577323.0,yanonce,36,36,0,9,0.98,t2_2kmhkh6j,29822,0,ASK THE SUB,False,False,2025-12-24 12:55:23,1766577323.0,False,174.0,0
1pu8wy9,BDS,https://reddit.com/r/BDS/comments/1pu8wy9/a_call_to_bds_nebula/,A Call To BDS Nebula,"is a Zionist platform. It heavily restricts what you're allowed to say about Israel and how you're allowed to say it. 

Nebula famously fired second thought for being too against the Gaza genocide, for being too anti-Israel.

Contrapoints. PhilosophyTube, Knowing Better, &amp; Jessie Gender have all made statements giving their support to Israel &amp; Zionism as a whole. 

Youtuber Badempanada has made multiple videos documenting Nebula's Zionist Connections &amp; Second Thought made a statement on Nebula firing him over the Gaza genocide. 

Here's the links to the Videos in question:

•https://youtu.be/cnc1Pp61SVk?si=9EyLfN5-D7gPnYkb

•https://youtu.be/a6CjzQdtqjg?si=L4HI5OfJJuR3cBgg

•https://youtu.be/8MgdHK57HTE?si=x5tmtJJiyB3qhsv7

•https://youtu.be/xNv1h9l2ETk?si=mPZ9yxn4LfPl1kVR

•https://youtu.be/ggztdoPzvew?si=ayERtHddoNiTPKeE

",2025-12-24 00:53:32,1766534012.0,KingofTrilobites123,230,230,0,38,0.93,t2_1smplo0g0o,29822,0,Action Alert,False,False,2025-12-24 00:53:32,1766534012.0,False,848.0,17
1pueesv,BDS,https://reddit.com/r/BDS/comments/1pueesv/the_best_prime_video_alternatives_for_quitting/,The Best Prime Video Alternatives For Quitting Amazon,,2025-12-24 05:27:23,1766550443.0,Practical_Chef_7897,41,41,0,11,0.96,t2_vuxmu214c,29822,0,Consumer,False,False,2025-12-24 05:27:23,1766550443.0,False,,1
1pud6su,BDS,https://reddit.com/r/BDS/comments/1pud6su/20_best_amazon_alternatives_for_ethical_online/,20+ Best Amazon Alternatives for Ethical Online Shopping,,2025-12-24 04:22:46,1766546566.0,Practical_Chef_7897,28,28,0,0,0.98,t2_vuxmu214c,29822,0,Consumer,False,False,2025-12-24 04:22:46,1766546566.0,False,,0
1ptnwnj,BDS,https://reddit.com/r/BDS/comments/1ptnwnj/for_those_who_understand_us_celebrities_like_the/,"For those who understand US celebrities like the back of their hands, I wanna ask something. Was he being genuine here?",,2025-12-23 08:29:40,1766474980.0,Die_Hard_new3492,804,804,0,57,0.99,t2_1zwclkjw2o,29822,0,ASK THE SUB,False,False,2025-12-23 08:29:40,1766474980.0,False,,8
1pu6108,BDS,https://reddit.com/r/BDS/comments/1pu6108/9_best_online_bookstores_that_arent_amazon/,9 Best Online Bookstores That Aren't Amazon,https://www.goodgoodgood.co/articles/alternatives-to-amazon-for-books,2025-12-23 22:44:49,1766526289.0,Practical_Chef_7897,42,42,0,5,0.99,t2_vuxmu214c,29822,0,Other,False,False,2025-12-23 22:44:49,1766526289.0,False,69.0,0
1ptq70l,BDS,https://reddit.com/r/BDS/comments/1ptq70l/lush_boss_says_people_who_disagree_with_his_gaza/,Lush boss says people who disagree with his Gaza stance ‘shouldn’t come into shop’,,2025-12-23 10:58:16,1766483896.0,KnowTheTruthMatters,349,349,0,8,1.0,t2_149gz3t5je,29822,0,News,False,False,2025-12-23 10:58:16,1766483896.0,False,,0
1pu3phq,BDS,https://reddit.com/r/BDS/comments/1pu3phq/alternatives_to_oral_b/,Alternatives to Oral B?,"hi! I've recently been looking for an electric toothbrush with a rotating head. I remember oral b supporting israel, so I was looking for alternatives. the other day walking to work I saw an advertise for a silvercare one, and it's literally the only other toothbrush similar to oral b that I've seen advertised. does anyone know if it's a good product? or do you have any recommendations for other brands?",2025-12-23 21:07:26,1766520446.0,ABCecy,23,23,0,7,0.93,t2_5gc8tci6,29822,0,ASK THE SUB,False,False,2025-12-23 21:07:26,1766520446.0,False,406.0,1
1ptl3a7,BDS,https://reddit.com/r/BDS/comments/1ptl3a7/a_holiday_message_from_code_pink/,A holiday message from Code Pink❤️🇵🇸,,2025-12-23 05:49:27,1766465367.0,Glad_Opinion_6339,226,226,0,3,1.0,t2_csrzjejk,29822,0,Boycott,False,False,2025-12-23 05:49:27,1766465367.0,False,,0
1pt4hhf,BDS,https://reddit.com/r/BDS/comments/1pt4hhf/michael_malarkey_throws_out_coffee_from_starbucks/,"Michael Malarkey throws out coffee from Starbucks, tells his fans they should boycott it too.",,2025-12-22 17:52:19,1766422339.0,KnowTheTruthMatters,872,872,0,7,1.0,t2_149gz3t5je,29822,0,BDS Victory!,False,False,2025-12-22 17:52:19,1766422339.0,False,,0
1pte25h,BDS,https://reddit.com/r/BDS/comments/1pte25h/amnesty_international_states_should_prevent_the/,"Amnesty International: States should prevent the Portuguese-flagged Holger G vessel, which is carrying munition components bound for Israel, from docking at their ports.",,2025-12-23 00:15:43,1766445343.0,newsspotter,51,51,0,0,1.0,t2_4e7f3195,29822,0,Sanctions,False,False,2025-12-23 00:15:43,1766445343.0,False,,0
1pt21t3,BDS,https://reddit.com/r/BDS/comments/1pt21t3/the_right_of_return_to_a_democratic_palestinian/,"""The right of return to a democratic Palestinian state"", a talk by Ramzi Nasir, director of ""One Democratic State in Palestine"" at the ""Tomorrow's Palestine: One Democratic State for All Its Citizens"" political conference held at Madrid on November 7-8, 2025","Being an anti-zionist means recognizing the right of Palestinians to return to their homes, not in a settler state, but in a democratic Palestinian one.



""The right of return to a democratic Palestinian state"", a talk by Ramzi Nasir, director of ""One Democratic State in Palestine"" at the ""Tomorrow's Palestine: One Democratic State for All Its Citizens"" political conference held at Madrid on November 7-8, 2025. To learn more about the conference and for the link to the whole talk and program: [odsi.co/madrid](http://odsi.co/madrid)",2025-12-22 16:15:45,1766416545.0,endingcolonialism,132,132,0,0,0.99,t2_1bb2ngtd7u,29822,0,Discussion,False,False,2025-12-22 16:15:45,1766416545.0,False,538.0,1
1psyikh,BDS,https://reddit.com/r/BDS/comments/1psyikh/cair_calls_on_trump_muslim_nations_to_act_after/,"CAIR Calls on Trump, Muslim Nations to Act After Israeli Massacre at Gaza Wedding",,2025-12-22 13:35:36,1766406936.0,newsspotter,105,105,0,0,1.0,t2_4e7f3195,29822,0,Gaza,False,False,2025-12-22 13:35:36,1766406936.0,False,,0
1psriwf,BDS,https://reddit.com/r/BDS/comments/1psriwf/jensen_huang_israel_has_become_nvidias_second/,"Jensen Huang: Israel has become Nvidia’s second home | Nvidia’s CEO has confirmed that the US chip giant will build its huge campus for up to 10,000 employees in Kiryat Tivon.",,2025-12-22 06:27:29,1766381249.0,ThrovvQuestionsAway,150,150,0,6,1.0,t2_a88qs1tr,29822,0,Consumer,False,False,2025-12-22 06:27:29,1766381249.0,False,,0
1psfuy3,BDS,https://reddit.com/r/BDS/comments/1psfuy3/from_gaza_to_the_unknown_a_pharmacy_students/,From Gaza to the Unknown: A Pharmacy Student’s Education Stopped by War,"Hello, my name is Osama. I’m 22 years old from Gaza, and a pharmacy and biotechnology student. I was supposed to be in my fifth and final year at university , just one step away from graduating and achieving my dream. Because of the war, that dream is now on hold.

Since October 7th, life in Gaza has completely changed. My family and I have been displaced many times under constant bombardment. Our home was destroyed, our city reduced to rubble, and the places that once held our memories no longer exist.

This war didn’t only destroy buildings; it also took loved ones , many members of my family and close friends. We fall asleep to the sound of airstrikes and wake up to news of loss. Fear has become part of our daily lives.

Despite everything, I am holding on to my dream of completing my education. It is my only path to rebuilding my future and supporting my family.

Right now, my family has no source of income. We struggle to afford even the most basic necessities, and after losing everything we owned, paying my university tuition has become impossible.

That is why I am sharing my story. Your support is not just financial help , it is hope. It is a chance for a young man from Gaza to continue his education and believe that a future is still possible.

Any support or sharing means more than you can imagine.
I’ve shared the donation link in the comments for anyone who wishes to help.",2025-12-21 21:12:32,1766347952.0,dark00H,230,230,0,3,0.99,t2_1vqfew7uau,29822,0,Gaza,False,False,2025-12-21 21:12:32,1766347952.0,False,1406.0,2
1psj22b,BDS,https://reddit.com/r/BDS/comments/1psj22b/bestselling_apps_made_by_israeli_spies_revealed/,Best-selling apps made by Israeli spies revealed,,2025-12-21 23:32:43,1766356363.0,pinklewickers,86,86,0,0,1.0,t2_rxgmkc9f,29822,0,Consumer,False,False,2025-12-21 23:32:43,1766356363.0,False,,0
1psk0qz,BDS,https://reddit.com/r/BDS/comments/1psk0qz/us_israel_and_uae_discussed_using_gaza_gas_to/,"US, Israel and UAE discussed using Gaza gas to fund reconstruction, sources say",,2025-12-22 00:15:37,1766358937.0,newsspotter,44,44,0,1,0.98,t2_4e7f3195,29822,0,News,False,False,2025-12-22 00:15:37,1766358937.0,False,,0
1ps5jkd,BDS,https://reddit.com/r/BDS/comments/1ps5jkd/uae_revealed_as_secret_buyer_in_23_billion/,UAE revealed as secret buyer in $2.3 billion Israeli Elbit Systems defence deal: Report,,2025-12-21 13:35:25,1766320525.0,newsspotter,139,139,0,2,0.99,t2_4e7f3195,29822,0,News,False,False,2025-12-21 13:35:25,1766320525.0,False,,1
1psagu3,BDS,https://reddit.com/r/BDS/comments/1psagu3/im_sure_this_is_asked_alot_but_is_baskin_robins/,"I'm sure this is asked alot, but is Baskin Robins boycott? Specifically while in the UAE.",,2025-12-21 17:28:21,1766334501.0,Chobikil,38,38,0,6,1.0,t2_2rabc2as,29822,0,ASK THE SUB,False,False,2025-12-21 17:28:21,1766334501.0,False,,0
1ps7jr6,BDS,https://reddit.com/r/BDS/comments/1ps7jr6/al_jazeera_media_network_launches_the_core_an/,"Al Jazeera Media Network launches ‘The Core,’ an AI-Integrated news model built on Google Cloud","I was very surprised to see Al Jazeera, of all companies, partnering with Google Cloud. A platform that is suspected of hosting Lavender software and/or data, which may have been used to target their very own journalists (let alone the hundreds of thousands of martyred and injured in Gaza)",2025-12-21 15:18:31,1766326711.0,kamotos,23,23,0,0,0.93,t2_hfzxy,29822,0,Boycott,False,False,2025-12-21 15:18:31,1766326711.0,False,290.0,1
1ps30tp,BDS,https://reddit.com/r/BDS/comments/1ps30tp/project_sunrise_and_the_kushnerwitkoff_gaza_grift/,“Project Sunrise” and the Kushner-Witkoff Gaza Grift,,2025-12-21 10:56:09,1766310969.0,richards1052,40,40,0,0,0.99,t2_11s8q,29822,0,Gaza,False,False,2025-12-21 10:56:09,1766310969.0,False,,0
1prv72v,BDS,https://reddit.com/r/BDS/comments/1prv72v/zionist_org_adl_and_jlens_ring_nyse_bell_to_mark/,"Zionist Org. ADL and 'JLens' ring NYSE bell to mark launch of first Jewish investment fund,  ""The fund aims to amplify the Jewish voice in corporate America...""",,2025-12-21 03:17:54,1766283474.0,Apollo_Delphi,96,96,0,0,1.0,t2_1hm0vasme7,29822,0,Hasbara,False,False,2025-12-21 03:17:54,1766283474.0,False,,0
1prs3rj,BDS,https://reddit.com/r/BDS/comments/1prs3rj/supporting_palestine/,Supporting Palestine,"Hi, sorry if this isn't how you format posts as I do not use reddit often. I just wanted to ask if there are any ways I can help - I am a minor and do not have any money, and I'm not sure if there is any way to protest in the UK/England. I really realty want to help this is horrible and heartbreaking and I feel so bad for all of the people in Palestine I just really want to help ",2025-12-21 00:42:00,1766274120.0,Alternative-Dare-601,61,61,0,5,1.0,t2_uji8f475a,29822,0,ASK THE SUB,False,False,2025-12-21 00:42:00,1766274120.0,False,382.0,0
1prp6xv,BDS,https://reddit.com/r/BDS/comments/1prp6xv/is_succession_on_the_boycott_list_it_has_zionist/,Is succession on the boycott list? It has Zionist propaganda in it,"I haven’t seen succession on the boycott list which is strange because one of the main actresses has Israeli citizenship and also because Dasha, a Zionist is also an actress in it. they mention Israel many times throughout the show and the show is genuinely just rotten billionaire propaganda and it has horrible Zionist propaganda in it. ",2025-12-20 22:26:45,1766266005.0,[deleted],90,90,0,21,0.87,,29822,0,Consumer,False,False,2025-12-20 22:26:45,1766266005.0,False,339.0,13
1prvgez,BDS,https://reddit.com/r/BDS/comments/1prvgez/lightricksfactune_730_million_downloads_and_50/,Lightricks/Factune —730 million downloads and 50 million monthly users.,"https://www.lightricks.com/about#Founders-Leadership

The entire leadership is Israeli based with many being “veterans” of the IDF and unit 8200. ",2025-12-21 03:31:35,1766284295.0,Dazzling_Pirate1411,9,9,0,0,0.85,t2_7n117sg9,29822,0,Boycott,False,False,2025-12-21 03:31:35,1766284295.0,False,146.0,1
1pridk6,BDS,https://reddit.com/r/BDS/comments/1pridk6/bds_steam_games/,BDS Steam games,"Hi,

I am not sure if this is allowed or not in this subreddit but a few of my friends and I made a BDS curator page on steam to show which games financially support the Palestinian cause vs. Israel. We are constantly monitoring new games and updating it as needed. I hope it will help people make the proper ethical decision when buying their games.

Thank you

(Edit: please click the green ""Follow"" button so the curation automatically appear on pertinent games)

[Steam Curator: Palestine Will never Fall !!!](https://store.steampowered.com/curator/962841/)",2025-12-20 17:30:22,1766248222.0,ReachZestyclose,63,63,0,4,0.98,t2_6i6fe0y1,29822,0,BDS guide,False,False,2025-12-20 17:30:22,1766248222.0,False,561.0,1
1pr1xey,BDS,https://reddit.com/r/BDS/comments/1pr1xey/wix_the_israeli_website_building_founded_by_exidf/,WIX - The Israeli website building Founded by ex-IDF spies,,2025-12-20 02:25:39,1766193939.0,richards1052,174,174,0,1,0.99,t2_11s8q,29822,0,,False,False,2025-12-20 02:25:39,1766193939.0,False,,1
