Id,Label,Type,Community,Degree,Betweenness,Closeness,Eigenvector,PageRank,NumPosts,NumTopics,BDS_Posts,BoycottIsrael_Posts,is_hub,is_broker,is_contributor,is_specialist,is_active,is_multitopic,is_crossposter,is_influencer,role_category,role_complete,hub_level,broker_level,activity_level,topic_level,role_score,influence_score,content_score,bridge_score,engagement_score,label_symbol,label_color,node_shape,node_size,PrimarySubreddit,subreddit_ratio,subreddit_dominance,subreddit_specialization,Topics,primary_topic,unique_topics,topic_diversity,display_priority,DegreeWeighted,eigenvector_local,clustering_coefficient
richards1052,▲ richards1052,Auteur,0,0.1462450592885375,0.001232961535419,0.5394456289978679,0.0053544839857701,0.0018171207113999,13,6,13,0,False,False,True,False,True,True,False,False,Contributor,Contributor,Non-hub,Non-broker,Très actif,Omni-topic,0.6332500399576814,0.08824022018729011,3.6473401307306803,0.16352106626422389,2.3450172148676502,▲,#00FF00,triangle,XS,BDS,1.0,BDS,Extreme-BDS,Thème_8;Thème_5;Thème_6;Thème_3;Thème_10;Thème_1,Thème_8,6,Forte,0.9291338582677166,14.750000000000004,0.005354483985770107,0.28097419010719765
wild_orca,○ wild_orca,Auteur,6,0.0474308300395256,0.0,0.4633699633699634,0.0009194872269079,0.0021050530548811,1,1,1,0,False,False,False,False,False,False,False,False,Regular,Regular,Non-hub,Non-broker,Occasionnel,Monotopic,0.28156722296281933,0.02845849802371536,0.7852030263919616,0.1391948864563706,0.6205710433531113,○,#CCCCCC,circle,XS,BDS,1.0,BDS,Extreme-BDS,Thème_7,Unknown,0,Faible,0.03543307086614173,8.25,0.0009194872269079693,0.5684565117987789
Level-Kiwi-3836,○ Level-Kiwi-3836,Auteur,2,0.4308300395256916,5.2257423759762985e-06,0.6372795969773299,0.1070226444620544,0.005106458178527,3,1,3,0,False,False,False,False,False,False,False,False,Regular,Regular,Non-hub,Non-broker,Actif,Monotopic,0.5717786521912972,0.25850011401236533,1.2704060527839234,0.21259102085679785,0.944599769212486,○,#CCCCCC,circle,S,BDS,1.0,BDS,Extreme-BDS,Thème_5,Unknown,0,Faible,0.8996062992125984,91.75,0.1070226444620544,0.7758054041938827
90stvkid,⬢ 90stvkid,Auteur,0,0.6996047430830039,0.0192008072442855,0.7689969604863222,0.0426386504986125,0.0046827026921183,3,3,2,1,False,False,False,True,False,False,True,False,Specialist,Specialist,Hub,Non-broker,Actif,Tri-topic,0.6438204301627332,0.42744316874751653,1.8704060527839232,0.24882722186776188,1.3734164804010607,⬢,#0000FF,diamond,M,BDS,0.6666666666666666,Mixed,Mostly-BDS,Thème_6;Thème_5;Thème_4,Thème_6,3,Forte,0.9448818897637795,62.13095238095249,0.042638650498612526,0.2269190289681039
Tr0jan___,▲ Tr0jan___,Auteur,0,0.1778656126482213,0.0116694899303594,0.5488069414316703,0.004546975336961,0.0018743108472692,41,9,40,1,False,False,True,False,True,True,True,False,Contributor,Contributor,Non-hub,Non-broker,Super-actif,Omni-topic,0.867584954709308,0.11138716356107653,5.316368732798358,0.171386222462073,3.3683348673687337,▲,#00FF00,triangle,XS,BDS,0.975609756097561,BDS,Extreme-BDS,Thème_3;Thème_1;Thème_6;Thème_2;Thème_9;Thème_7;Thème_5;Thème_10;Thème_8,Thème_3,9,Forte,0.9960629921259843,14.27777777777777,0.00454697533696104,0.19951078091240249
manofwater3615,⬢ manofwater3615,Auteur,3,0.1699604743083003,0.0002933999018255,0.5184426229508197,0.0010717545415866,0.003100313255725,3,2,3,0,False,False,False,True,False,False,False,False,Specialist,Specialist,Non-hub,Non-broker,Actif,Bi-topic,0.44866265050242154,0.10209364454571038,1.5704060527839232,0.15589383774447593,1.0953533685369359,⬢,#0000FF,diamond,XS,BDS,1.0,BDS,Extreme-BDS,Thème_10;Thème_8,Thème_10,2,Forte,0.7874015748031497,19.17460317460317,0.0010717545415866625,0.26035219579040714
blue_dottt,○ blue_dottt,Auteur,6,0.0790513833992094,8.083864844668388e-05,0.5111111111111111,0.001924438282644,0.0022769104262537,1,1,1,0,False,False,False,False,False,False,False,False,Regular,Regular,Non-hub,Non-broker,Occasionnel,Monotopic,0.2974287410749351,0.047463165498904315,0.7852030263919616,0.15375864031408545,0.6269156505979576,○,#CCCCCC,circle,XS,BDS,1.0,BDS,Extreme-BDS,Thème_1,Unknown,0,Faible,0.20078740157480315,12.916666666666668,0.0019244382826440146,0.5434349976393735
TendieRetard,⬢ TendieRetard,Auteur,2,0.4822134387351778,0.0001198997662638,0.6537467700258398,0.0569991101008296,0.0041293536674526,2,2,2,0,False,False,False,True,False,False,False,False,Specialist,Specialist,Non-hub,Non-broker,Occasionnel,Bi-topic,0.5139018132350841,0.2893760231476122,1.3690286020676767,0.20758380291104978,1.0351444118944666,⬢,#0000FF,diamond,S,BDS,1.0,BDS,Extreme-BDS,Thème_5;Thème_1,Thème_5,2,Forte,0.84251968503937,57.66269841269843,0.056999110100829614,0.41817639140781876
ContentChecker,▲ ContentChecker,Auteur,0,0.1462450592885375,0.0005041542308623,0.5394456289978679,0.0048880001849137,0.0017410540708439,11,7,11,0,False,False,True,False,True,True,False,False,Contributor,Contributor,Non-hub,Non-broker,Très actif,Omni-topic,0.6022377021660905,0.08794869726546743,3.8394346548516003,0.16306336585177425,2.4863670758028364,▲,#00FF00,triangle,XS,BDS,1.0,BDS,Extreme-BDS,Thème_6;Thème_8;Thème_5;Thème_1;Thème_9;Thème_2;Thème_3,Thème_6,7,Forte,0.9251968503937008,13.513888888888893,0.004888000184913701,0.26176013983505686
Reasonable-Image-938,○ Reasonable-Image-938,Auteur,0,0.2687747035573122,3.233939231930051e-05,0.5776255707762558,0.0079589141320069,0.0041729640395139,1,1,1,0,False,False,False,False,False,False,False,False,Regular,Regular,Non-hub,Non-broker,Occasionnel,Monotopic,0.3704712242827537,0.16127775789131502,0.7852030263919616,0.17489562375543774,0.656132643881085,○,#CCCCCC,circle,XS,BDS,1.0,BDS,Extreme-BDS,Thème_6,Unknown,0,Faible,0.38779527559055116,53.16666666666666,0.007958914132006906,0.6970300404115418
Firm_Paint8474,⬢ Firm_Paint8474,Auteur,2,0.4387351778656126,3.0304993800689555e-05,0.6185819070904646,0.0560070784132011,0.0035543320150575,3,2,2,1,False,False,False,True,False,False,True,False,Specialist,Specialist,Non-hub,Non-broker,Actif,Bi-topic,0.5526819514344391,0.26325322871688783,1.5704060527839232,0.19679114030667993,1.136961088909743,⬢,#0000FF,diamond,S,BDS,0.6666666666666666,Mixed,Mostly-BDS,Thème_9;Thème_5,Thème_9,2,Forte,0.8858267716535433,52.00793650793652,0.056007078413201176,0.47981081832571426
Ilovedia,⬤ Ilovedia,Auteur,0,0.7312252964426877,0.1238829554354428,0.7881619937694704,0.03263822782155,0.0044182349011564,7,4,3,4,True,True,False,False,True,True,True,True,Hub-Broker,Hub-Broker,Super-hub,Super-broker,Très actif,Multi-topic,0.8016041003267157,0.4882883600397897,2.6556090791758846,0.3049177214128725,1.8444741026346372,⬤,#FF0000,circle,L,BoycottIsrael,0.42857142857142855,Mixed,Balanced,Thème_6;Thème_1;Thème_5;Thème_10,Thème_6,4,Forte,0.9921259842519685,53.881349206349206,0.03263822782155009,0.17081573251900437
newsspotter,◻ newsspotter,Auteur,0,0.6403162055335968,0.1027156345479328,0.7354651162790697,0.03028476602653,0.0040571266257921,6,4,6,0,False,True,False,False,True,True,False,True,Broker,Broker,Hub,Super-broker,Très actif,Multi-topic,0.7325181220127116,0.4252759771393312,2.562137104338719,0.27805430536299336,1.7767802935216788,◻,#FFFF00,square,M,BDS,1.0,BDS,Extreme-BDS,Thème_6;Thème_5;Thème_3;Thème_2,Thème_6,4,Forte,0.9724409448818898,44.840873015873015,0.030284766026530015,0.19081146318784856
Amr_Abu_Ouda,○ Amr_Abu_Ouda,Auteur,2,0.4308300395256916,5.2257423759762985e-06,0.6372795969773299,0.1070226444620544,0.005106458178527,2,1,1,1,False,False,False,False,False,False,True,False,Regular,Regular,Non-hub,Non-broker,Occasionnel,Monotopic,0.514242237700941,0.25850011401236533,1.0690286020676767,0.21259102085679785,0.8352805816808092,○,#CCCCCC,circle,S,BoycottIsrael,0.5,Mixed,Balanced,Thème_5,Unknown,0,Faible,0.860236220472441,91.75,0.1070226444620544,0.7758054041938826
WhichSideOfNoWhere,○ WhichSideOfNoWhere,Auteur,2,0.4308300395256916,5.2257423759762985e-06,0.6372795969773299,0.1070226444620544,0.005106458178527,1,1,1,0,False,False,False,False,False,False,False,False,Regular,Regular,Non-hub,Non-broker,Occasionnel,Monotopic,0.4331492160793081,0.25850011401236533,0.7852030263919616,0.21259102085679785,0.6812038405997068,○,#CCCCCC,circle,S,BDS,1.0,BDS,Extreme-BDS,Thème_5,Unknown,0,Faible,0.6358267716535433,91.75,0.1070226444620544,0.7758054041938827
GRS_89,○ GRS_89,Auteur,2,0.4308300395256916,5.2257423759762985e-06,0.6372795969773299,0.1070226444620544,0.005106458178527,1,1,1,0,False,False,False,False,False,False,False,False,Regular,Regular,Non-hub,Non-broker,Occasionnel,Monotopic,0.4331492160793081,0.25850011401236533,0.7852030263919616,0.21259102085679785,0.6812038405997068,○,#CCCCCC,circle,S,BDS,1.0,BDS,Extreme-BDS,Thème_5,Unknown,0,Faible,0.6358267716535433,91.75,0.1070226444620544,0.7758054041938827
Due_Sun9,○ Due_Sun9,Auteur,2,0.4308300395256916,5.2257423759762985e-06,0.6372795969773299,0.1070226444620544,0.005106458178527,1,1,1,0,False,False,False,False,False,False,False,False,Regular,Regular,Non-hub,Non-broker,Occasionnel,Monotopic,0.4331492160793081,0.25850011401236533,0.7852030263919616,0.21259102085679785,0.6812038405997068,○,#CCCCCC,circle,S,BDS,1.0,BDS,Extreme-BDS,Thème_5,Unknown,0,Faible,0.6358267716535433,91.75,0.1070226444620544,0.7758054041938827
CharlieSmith_27,○ CharlieSmith_27,Auteur,2,0.4308300395256916,5.2257423759762985e-06,0.6372795969773299,0.1070226444620544,0.005106458178527,1,1,1,0,False,False,False,False,False,False,False,False,Regular,Regular,Non-hub,Non-broker,Occasionnel,Monotopic,0.4331492160793081,0.25850011401236533,0.7852030263919616,0.21259102085679785,0.6812038405997068,○,#CCCCCC,circle,S,BDS,1.0,BDS,Extreme-BDS,Thème_5,Unknown,0,Faible,0.6358267716535433,91.75,0.1070226444620544,0.7758054041938827
redSpider2077,○ redSpider2077,Auteur,0,0.2687747035573122,3.233939231930051e-05,0.5776255707762558,0.0079589141320069,0.0041729640395139,1,1,1,0,False,False,False,False,False,False,False,False,Regular,Regular,Non-hub,Non-broker,Occasionnel,Monotopic,0.3704712242827537,0.16127775789131502,0.7852030263919616,0.17489562375543774,0.656132643881085,○,#CCCCCC,circle,XS,BDS,1.0,BDS,Extreme-BDS,Thème_6,Unknown,0,Faible,0.38779527559055116,53.16666666666666,0.007958914132006906,0.6970300404115418
BuyingDragonScimitar,○ BuyingDragonScimitar,Auteur,5,0.0711462450592885,3.0367550258508547e-05,0.5173824130879345,0.0009839881217552,0.0025601847586136,1,1,1,0,False,False,False,False,False,False,False,False,Regular,Regular,Non-hub,Non-broker,Occasionnel,Monotopic,0.2952764550790981,0.0426998940556765,0.7852030263919616,0.15542670532586064,0.6260547361996228,○,#CCCCCC,circle,XS,BDS,1.0,BDS,Extreme-BDS,Thème_8,Unknown,0,Faible,0.16141732283464566,12.833333333333332,0.0009839881217552843,0.594095113279812
FireProStan,○ FireProStan,Auteur,0,0.2687747035573122,3.233939231930051e-05,0.5776255707762558,0.0079589141320069,0.0041729640395139,1,1,1,0,False,False,False,False,False,False,False,False,Regular,Regular,Non-hub,Non-broker,Occasionnel,Monotopic,0.3704712242827537,0.16127775789131502,0.7852030263919616,0.17489562375543774,0.656132643881085,○,#CCCCCC,circle,XS,BDS,1.0,BDS,Extreme-BDS,Thème_6,Unknown,0,Faible,0.38779527559055116,53.16666666666666,0.007958914132006906,0.6970300404115418
K9Imperium,⬢ K9Imperium,Auteur,0,0.6521739130434783,4.527057672786167e-05,0.7419354838709677,0.0619524550299699,0.0052730117854777,2,2,1,1,False,False,False,True,False,False,True,False,Specialist,Specialist,Hub,Non-broker,Occasionnel,Bi-topic,0.5821881933301181,0.3913224560567781,1.3690286020676767,0.23499377145564823,1.0624589639324802,⬢,#0000FF,diamond,M,BoycottIsrael,0.5,Mixed,Balanced,Thème_6;Thème_5,Thème_6,2,Forte,0.9133858267716536,81.57936507936508,0.061952455029969905,0.3280085642358353
YamFrosty6169,⬢ YamFrosty6169,Auteur,0,0.6521739130434783,4.527057672786167e-05,0.7419354838709677,0.0619524550299699,0.0052730117854777,4,2,3,1,False,False,False,True,False,False,True,False,Specialist,Specialist,Hub,Non-broker,Actif,Bi-topic,0.6843533180833163,0.3913224560567781,1.7266065387038703,0.23499377145564823,1.2565727009635568,⬢,#0000FF,diamond,M,BDS,0.75,BDS,Mostly-BDS,Thème_6;Thème_5,Thème_6,2,Forte,0.9606299212598425,81.57936507936508,0.061952455029969905,0.32800856423583546
reparationsNowToday,○ reparationsNowToday,Auteur,2,0.4308300395256916,5.2257423759762985e-06,0.6372795969773299,0.1070226444620544,0.005106458178527,1,1,1,0,False,False,False,False,False,False,False,False,Regular,Regular,Non-hub,Non-broker,Occasionnel,Monotopic,0.4331492160793081,0.25850011401236533,0.7852030263919616,0.21259102085679785,0.6812038405997068,○,#CCCCCC,circle,S,BDS,1.0,BDS,Extreme-BDS,Thème_5,Unknown,0,Faible,0.6358267716535433,91.75,0.1070226444620544,0.7758054041938826
Glad_Opinion_6339,⬢ Glad_Opinion_6339,Auteur,0,0.3399209486166007,0.0111414350544785,0.575,0.0041767514365183,0.0031966135102741,5,3,5,0,False,False,False,True,True,False,False,False,Specialist,Specialist,Non-hub,Non-broker,Actif,Tri-topic,0.5776095846250409,0.20840914319175183,2.1542316284596383,0.1789060678145429,1.468571674618433,⬢,#0000FF,diamond,S,BDS,1.0,BDS,Extreme-BDS,Thème_6;Thème_8;Thème_9,Thème_6,3,Forte,0.905511811023622,28.16428571428569,0.004176751436518355,0.23137210639386774
angels-cry,○ angels-cry,Auteur,2,0.4308300395256916,5.2257423759762985e-06,0.6372795969773299,0.1070226444620544,0.005106458178527,1,1,1,0,False,False,False,False,False,False,False,False,Regular,Regular,Non-hub,Non-broker,Occasionnel,Monotopic,0.4331492160793081,0.25850011401236533,0.7852030263919616,0.21259102085679785,0.6812038405997068,○,#CCCCCC,circle,S,BDS,1.0,BDS,Extreme-BDS,Thème_5,Unknown,0,Faible,0.6358267716535433,91.75,0.1070226444620544,0.7758054041938826
iLikeDucks72,○ iLikeDucks72,Auteur,2,0.4308300395256916,5.2257423759762985e-06,0.6372795969773299,0.1070226444620544,0.005106458178527,1,1,1,0,False,False,False,False,False,False,False,False,Regular,Regular,Non-hub,Non-broker,Occasionnel,Monotopic,0.4331492160793081,0.25850011401236533,0.7852030263919616,0.21259102085679785,0.6812038405997068,○,#CCCCCC,circle,S,BDS,1.0,BDS,Extreme-BDS,Thème_5,Unknown,0,Faible,0.6358267716535433,91.75,0.1070226444620544,0.7758054041938827
Affectionate-Rent415,○ Affectionate-Rent415,Auteur,0,0.2687747035573122,3.233939231930051e-05,0.5776255707762558,0.0079589141320069,0.0041729640395139,1,1,1,0,False,False,False,False,False,False,False,False,Regular,Regular,Non-hub,Non-broker,Occasionnel,Monotopic,0.3704712242827537,0.16127775789131502,0.7852030263919616,0.17489562375543774,0.656132643881085,○,#CCCCCC,circle,XS,BDS,1.0,BDS,Extreme-BDS,Thème_6,Unknown,0,Faible,0.38779527559055116,53.16666666666666,0.007958914132006905,0.6970300404115418
CelestialCometDoll,○ CelestialCometDoll,Auteur,2,0.4308300395256916,5.2257423759762985e-06,0.6372795969773299,0.1070226444620544,0.005106458178527,1,1,1,0,False,False,False,False,False,False,False,False,Regular,Regular,Non-hub,Non-broker,Occasionnel,Monotopic,0.4331492160793081,0.25850011401236533,0.7852030263919616,0.21259102085679785,0.6812038405997068,○,#CCCCCC,circle,S,BDS,1.0,BDS,Extreme-BDS,Thème_5,Unknown,0,Faible,0.6358267716535433,91.75,0.1070226444620544,0.7758054041938827
ChargeResponsible112,○ ChargeResponsible112,Auteur,0,0.2687747035573122,3.233939231930051e-05,0.5776255707762558,0.0079589141320069,0.0041729640395139,1,1,1,0,False,False,False,False,False,False,False,False,Regular,Regular,Non-hub,Non-broker,Occasionnel,Monotopic,0.3704712242827537,0.16127775789131502,0.7852030263919616,0.17489562375543774,0.656132643881085,○,#CCCCCC,circle,XS,BDS,1.0,BDS,Extreme-BDS,Thème_6,Unknown,0,Faible,0.38779527559055116,53.16666666666666,0.007958914132006905,0.6970300404115418
SnooTomatoes1513,○ SnooTomatoes1513,Auteur,5,0.0790513833992094,7.495970228889483e-06,0.4856046065259117,0.0008446485247361,0.0029506820377605,1,1,1,0,False,False,False,False,False,False,False,False,Regular,Regular,Non-hub,Non-broker,Occasionnel,Monotopic,0.2948597549468608,0.047433828427617196,0.7852030263919616,0.14585405964783515,0.6258880561467278,○,#CCCCCC,circle,XS,BDS,1.0,BDS,Extreme-BDS,Thème_4,Unknown,0,Faible,0.1141732283464567,16.083333333333332,0.0008446485247361378,0.7180335386417718
tortilla_avalanche,⬢ tortilla_avalanche,Auteur,2,0.4387351778656126,3.0304993800689555e-05,0.6185819070904646,0.0560070784132011,0.0035543320150575,2,2,2,0,False,False,False,True,False,False,False,False,Specialist,Specialist,Non-hub,Non-broker,Occasionnel,Bi-topic,0.49514553694408303,0.26325322871688783,1.3690286020676767,0.19679114030667993,1.0276419013780662,⬢,#0000FF,diamond,S,BDS,1.0,BDS,Extreme-BDS,Thème_9;Thème_5,Thème_9,2,Forte,0.8110236220472441,52.00793650793652,0.056007078413201176,0.4798108183257142
Kernowite,○ Kernowite,Auteur,3,0.1106719367588932,6.363827699912904e-07,0.4970530451866404,0.0009885243482228,0.0033153360357185,2,1,2,0,False,False,False,False,False,False,False,False,Regular,Regular,Non-hub,Non-broker,Occasionnel,Monotopic,0.38816309921359116,0.06640341660844391,1.0690286020676767,0.14931393661702166,0.7848489262858694,○,#CCCCCC,circle,XS,BDS,1.0,BDS,Extreme-BDS,Thème_10,Unknown,0,Faible,0.4862204724409449,22.83333333333333,0.00098852434822287,0.7423881620877425
Relative-Narwhal-504,○ Relative-Narwhal-504,Auteur,2,0.4308300395256916,5.2257423759762985e-06,0.6372795969773299,0.1070226444620544,0.005106458178527,1,1,1,0,False,False,False,False,False,False,False,False,Regular,Regular,Non-hub,Non-broker,Occasionnel,Monotopic,0.4331492160793081,0.25850011401236533,0.7852030263919616,0.21259102085679785,0.6812038405997068,○,#CCCCCC,circle,S,BDS,1.0,BDS,Extreme-BDS,Thème_5,Unknown,0,Faible,0.6358267716535433,91.75,0.1070226444620544,0.7758054041938826
Brutally_Honest_Swan,○ Brutally_Honest_Swan,Auteur,2,0.4308300395256916,5.2257423759762985e-06,0.6372795969773299,0.1070226444620544,0.005106458178527,1,1,1,0,False,False,False,False,False,False,False,False,Regular,Regular,Non-hub,Non-broker,Occasionnel,Monotopic,0.4331492160793081,0.25850011401236533,0.7852030263919616,0.21259102085679785,0.6812038405997068,○,#CCCCCC,circle,S,BDS,1.0,BDS,Extreme-BDS,Thème_5,Unknown,0,Faible,0.6358267716535433,91.75,0.1070226444620544,0.7758054041938827
melow_shri,○ melow_shri,Auteur,6,0.0474308300395256,0.0,0.4633699633699634,0.0009194872269079,0.0021050530548811,2,1,2,0,False,False,False,False,False,False,False,False,Regular,Regular,Non-hub,Non-broker,Occasionnel,Monotopic,0.3626602445844523,0.02845849802371536,1.0690286020676767,0.1391948864563706,0.7746477844342138,○,#CCCCCC,circle,XS,BDS,1.0,BDS,Extreme-BDS,Thème_7,Unknown,0,Faible,0.297244094488189,8.25,0.0009194872269079693,0.5684565117987789
Just_Treacle_611,○ Just_Treacle_611,Auteur,6,0.0592885375494071,5.39526231225836e-06,0.4951076320939334,0.0001328982859187,0.0030159568964811,1,1,1,0,False,False,False,False,False,False,False,False,Regular,Regular,Non-hub,Non-broker,Occasionnel,Monotopic,0.28889253627925293,0.03557528063456916,0.7852030263919616,0.1485615669165199,0.6235011686796847,○,#CCCCCC,circle,XS,BDS,1.0,BDS,Extreme-BDS,Thème_2,Unknown,0,Faible,0.06692913385826772,11.833333333333334,0.0001328982859187604,0.6918899514811697
[deleted],▲ [deleted],Auteur,0,0.1660079051383399,0.0043015559319907,0.5452586206896551,0.0050989606234597,0.0019457044274454,14,7,6,8,False,False,True,False,True,True,True,False,Contributor,Contributor,Non-hub,Non-broker,Très actif,Omni-topic,0.6553140580708241,0.10132536545580023,3.995635140771547,0.16674815629758383,2.574540683558993,▲,#00FF00,triangle,XS,BoycottIsrael,0.42857142857142855,Mixed,Balanced,Thème_6;Thème_5;Thème_1;Thème_10;Thème_8;Thème_7;Thème_2,Thème_6,7,Forte,0.9488188976377953,15.18253968253969,0.00509896062345979,0.23257352618500257
OmegaDGalaxyGoji777,○ OmegaDGalaxyGoji777,Auteur,2,0.4308300395256916,5.2257423759762985e-06,0.6372795969773299,0.1070226444620544,0.005106458178527,1,1,1,0,False,False,False,False,False,False,False,False,Regular,Regular,Non-hub,Non-broker,Occasionnel,Monotopic,0.4331492160793081,0.25850011401236533,0.7852030263919616,0.21259102085679785,0.6812038405997068,○,#CCCCCC,circle,S,BDS,1.0,BDS,Extreme-BDS,Thème_5,Unknown,0,Faible,0.6358267716535433,91.75,0.1070226444620544,0.7758054041938827
Life-Focus-3105,○ Life-Focus-3105,Auteur,2,0.4308300395256916,5.2257423759762985e-06,0.6372795969773299,0.1070226444620544,0.005106458178527,1,1,1,0,False,False,False,False,False,False,False,False,Regular,Regular,Non-hub,Non-broker,Occasionnel,Monotopic,0.4331492160793081,0.25850011401236533,0.7852030263919616,0.21259102085679785,0.6812038405997068,○,#CCCCCC,circle,S,BDS,1.0,BDS,Extreme-BDS,Thème_5,Unknown,0,Faible,0.6358267716535433,91.75,0.1070226444620544,0.7758054041938827
Dingus-the-Mingus,⬢ Dingus-the-Mingus,Auteur,0,0.6521739130434783,4.527057672786167e-05,0.7419354838709677,0.0619524550299699,0.0052730117854777,3,2,3,0,False,False,False,True,False,False,False,False,Specialist,Specialist,Hub,Non-broker,Actif,Bi-topic,0.6397246078204744,0.3913224560567781,1.5704060527839232,0.23499377145564823,1.171778151464157,⬢,#0000FF,diamond,M,BDS,1.0,BDS,Extreme-BDS,Thème_5;Thème_6,Thème_5,2,Forte,0.937007874015748,81.57936507936508,0.061952455029969905,0.32800856423583535
Fledgling_112896,○ Fledgling_112896,Auteur,0,0.2687747035573122,3.233939231930051e-05,0.5776255707762558,0.0079589141320069,0.0041729640395139,1,1,1,0,False,False,False,False,False,False,False,False,Regular,Regular,Non-hub,Non-broker,Occasionnel,Monotopic,0.3704712242827537,0.16127775789131502,0.7852030263919616,0.17489562375543774,0.656132643881085,○,#CCCCCC,circle,XS,BDS,1.0,BDS,Extreme-BDS,Thème_6,Unknown,0,Faible,0.38779527559055116,53.16666666666666,0.007958914132006905,0.6970300404115418
Die_Hard_new3492,⬢ Die_Hard_new3492,Auteur,3,0.1660079051383399,0.0003271002506519,0.513184584178499,0.0005827138413136,0.0033675916849839,4,2,4,0,False,False,False,True,False,False,False,False,Specialist,Specialist,Non-hub,Non-broker,Actif,Bi-topic,0.491390582765752,0.09973558318326471,1.7266065387038703,0.15423546814713837,1.179387606836531,⬢,#0000FF,diamond,XS,BDS,1.0,BDS,Extreme-BDS,Thème_10;Thème_2,Thème_10,2,Forte,0.8070866141732284,18.793650793650794,0.0005827138413136149,0.26476488712037805
Virtual_Ad_4734,○ Virtual_Ad_4734,Auteur,2,0.4308300395256916,5.2257423759762985e-06,0.6372795969773299,0.1070226444620544,0.005106458178527,1,1,1,0,False,False,False,False,False,False,False,False,Regular,Regular,Non-hub,Non-broker,Occasionnel,Monotopic,0.4331492160793081,0.25850011401236533,0.7852030263919616,0.21259102085679785,0.6812038405997068,○,#CCCCCC,circle,S,BDS,1.0,BDS,Extreme-BDS,Thème_5,Unknown,0,Faible,0.6358267716535433,91.75,0.1070226444620544,0.7758054041938827
barccy,○ barccy,Auteur,5,0.0790513833992094,7.495970228889483e-06,0.4856046065259117,0.0008446485247361,0.0029506820377605,1,1,1,0,False,False,False,False,False,False,False,False,Regular,Regular,Non-hub,Non-broker,Occasionnel,Monotopic,0.2948597549468608,0.047433828427617196,0.7852030263919616,0.14585405964783515,0.6258880561467278,○,#CCCCCC,circle,XS,BDS,1.0,BDS,Extreme-BDS,Thème_4,Unknown,0,Faible,0.1141732283464567,16.083333333333332,0.0008446485247361378,0.7180335386417718
SuccessfulOwl9919,○ SuccessfulOwl9919,Auteur,2,0.4308300395256916,5.2257423759762985e-06,0.6372795969773299,0.1070226444620544,0.005106458178527,1,1,1,0,False,False,False,False,False,False,False,False,Regular,Regular,Non-hub,Non-broker,Occasionnel,Monotopic,0.4331492160793081,0.25850011401236533,0.7852030263919616,0.21259102085679785,0.6812038405997068,○,#CCCCCC,circle,S,BDS,1.0,BDS,Extreme-BDS,Thème_5,Unknown,0,Faible,0.6358267716535433,91.75,0.1070226444620544,0.7758054041938827
mornunglake,○ mornunglake,Auteur,2,0.4308300395256916,5.2257423759762985e-06,0.6372795969773299,0.1070226444620544,0.005106458178527,1,1,1,0,False,False,False,False,False,False,False,False,Regular,Regular,Non-hub,Non-broker,Occasionnel,Monotopic,0.4331492160793081,0.25850011401236533,0.7852030263919616,0.21259102085679785,0.6812038405997068,○,#CCCCCC,circle,S,BDS,1.0,BDS,Extreme-BDS,Thème_5,Unknown,0,Faible,0.6358267716535433,91.75,0.1070226444620544,0.7758054041938826
pixelatedprophecies,○ pixelatedprophecies,Auteur,6,0.0592885375494071,5.39526231225836e-06,0.4951076320939334,0.0001328982859187,0.0030159568964811,1,1,1,0,False,False,False,False,False,False,False,False,Regular,Regular,Non-hub,Non-broker,Occasionnel,Monotopic,0.28889253627925293,0.03557528063456916,0.7852030263919616,0.1485615669165199,0.6235011686796847,○,#CCCCCC,circle,XS,BDS,1.0,BDS,Extreme-BDS,Thème_2,Unknown,0,Faible,0.06692913385826772,11.833333333333334,0.0001328982859187604,0.6918899514811695
Unlikely-Sky6932,○ Unlikely-Sky6932,Auteur,5,0.0790513833992094,7.495970228889483e-06,0.4856046065259117,0.0008446485247361,0.0029506820377605,1,1,1,0,False,False,False,False,False,False,False,False,Regular,Regular,Non-hub,Non-broker,Occasionnel,Monotopic,0.2948597549468608,0.047433828427617196,0.7852030263919616,0.14585405964783515,0.6258880561467278,○,#CCCCCC,circle,XS,BDS,1.0,BDS,Extreme-BDS,Thème_4,Unknown,0,Faible,0.1141732283464567,16.083333333333332,0.0008446485247361378,0.7180335386417718
veinsouls,○ veinsouls,Auteur,2,0.4308300395256916,5.2257423759762985e-06,0.6372795969773299,0.1070226444620544,0.005106458178527,1,1,1,0,False,False,False,False,False,False,False,False,Regular,Regular,Non-hub,Non-broker,Occasionnel,Monotopic,0.4331492160793081,0.25850011401236533,0.7852030263919616,0.21259102085679785,0.6812038405997068,○,#CCCCCC,circle,S,BDS,1.0,BDS,Extreme-BDS,Thème_5,Unknown,0,Faible,0.6358267716535433,91.75,0.1070226444620544,0.7758054041938826
pimpin_n_stuff,○ pimpin_n_stuff,Auteur,3,0.1106719367588932,6.363827699912904e-07,0.4970530451866404,0.0009885243482228,0.0033153360357185,2,1,1,1,False,False,False,False,False,False,True,False,Regular,Regular,Non-hub,Non-broker,Occasionnel,Monotopic,0.38816309921359116,0.06640341660844391,1.0690286020676767,0.14931393661702166,0.7848489262858694,○,#CCCCCC,circle,XS,BoycottIsrael,0.5,Mixed,Balanced,Thème_10,Unknown,0,Faible,0.4862204724409449,22.83333333333333,0.00098852434822287,0.7423881620877425
No-Trick-7397,○ No-Trick-7397,Auteur,2,0.4308300395256916,5.2257423759762985e-06,0.6372795969773299,0.1070226444620544,0.005106458178527,1,1,1,0,False,False,False,False,False,False,False,False,Regular,Regular,Non-hub,Non-broker,Occasionnel,Monotopic,0.4331492160793081,0.25850011401236533,0.7852030263919616,0.21259102085679785,0.6812038405997068,○,#CCCCCC,circle,S,BDS,1.0,BDS,Extreme-BDS,Thème_5,Unknown,0,Faible,0.6358267716535433,91.75,0.1070226444620544,0.7758054041938826
dark00H,○ dark00H,Auteur,2,0.4308300395256916,5.2257423759762985e-06,0.6372795969773299,0.1070226444620544,0.005106458178527,2,1,2,0,False,False,False,False,False,False,False,False,Regular,Regular,Non-hub,Non-broker,Occasionnel,Monotopic,0.514242237700941,0.25850011401236533,1.0690286020676767,0.21259102085679785,0.8352805816808092,○,#CCCCCC,circle,S,BDS,1.0,BDS,Extreme-BDS,Thème_5,Unknown,0,Faible,0.860236220472441,91.75,0.1070226444620544,0.7758054041938827
Altruistic_You9489,○ Altruistic_You9489,Auteur,3,0.1106719367588932,6.363827699912904e-07,0.4970530451866404,0.0009885243482228,0.0033153360357185,1,1,1,0,False,False,False,False,False,False,False,False,Regular,Regular,Non-hub,Non-broker,Occasionnel,Monotopic,0.30707007759195826,0.06640341660844391,0.7852030263919616,0.14931393661702166,0.6307721852047669,○,#CCCCCC,circle,XS,BDS,1.0,BDS,Extreme-BDS,Thème_10,Unknown,0,Faible,0.25393700787401574,22.83333333333333,0.00098852434822287,0.7423881620877425
Nervous-Savings2251,○ Nervous-Savings2251,Auteur,3,0.1106719367588932,6.363827699912904e-07,0.4970530451866404,0.0009885243482228,0.0033153360357185,1,1,1,0,False,False,False,False,False,False,False,False,Regular,Regular,Non-hub,Non-broker,Occasionnel,Monotopic,0.30707007759195826,0.06640341660844391,0.7852030263919616,0.14931393661702166,0.6307721852047669,○,#CCCCCC,circle,XS,BDS,1.0,BDS,Extreme-BDS,Thème_10,Unknown,0,Faible,0.25393700787401574,22.83333333333333,0.00098852434822287,0.7423881620877425
DesignerSkyline01,○ DesignerSkyline01,Auteur,2,0.4308300395256916,5.2257423759762985e-06,0.6372795969773299,0.1070226444620544,0.005106458178527,2,1,2,0,False,False,False,False,False,False,False,False,Regular,Regular,Non-hub,Non-broker,Occasionnel,Monotopic,0.514242237700941,0.25850011401236533,1.0690286020676767,0.21259102085679785,0.8352805816808092,○,#CCCCCC,circle,S,BDS,1.0,BDS,Extreme-BDS,Thème_5,Unknown,0,Faible,0.860236220472441,91.75,0.1070226444620544,0.7758054041938827
Accomplished_Cry6108,○ Accomplished_Cry6108,Auteur,2,0.4308300395256916,5.2257423759762985e-06,0.6372795969773299,0.1070226444620544,0.005106458178527,1,1,1,0,False,False,False,False,False,False,False,False,Regular,Regular,Non-hub,Non-broker,Occasionnel,Monotopic,0.4331492160793081,0.25850011401236533,0.7852030263919616,0.21259102085679785,0.6812038405997068,○,#CCCCCC,circle,S,BDS,1.0,BDS,Extreme-BDS,Thème_5,Unknown,0,Faible,0.6358267716535433,91.75,0.1070226444620544,0.7758054041938826
SchemeBoth2169,○ SchemeBoth2169,Auteur,2,0.4308300395256916,5.2257423759762985e-06,0.6372795969773299,0.1070226444620544,0.005106458178527,1,1,1,0,False,False,False,False,False,False,False,False,Regular,Regular,Non-hub,Non-broker,Occasionnel,Monotopic,0.4331492160793081,0.25850011401236533,0.7852030263919616,0.21259102085679785,0.6812038405997068,○,#CCCCCC,circle,S,BDS,1.0,BDS,Extreme-BDS,Thème_5,Unknown,0,Faible,0.6358267716535433,91.75,0.1070226444620544,0.7758054041938826
CraftyOpportunity646,○ CraftyOpportunity646,Auteur,2,0.4308300395256916,5.2257423759762985e-06,0.6372795969773299,0.1070226444620544,0.005106458178527,1,1,1,0,False,False,False,False,False,False,False,False,Regular,Regular,Non-hub,Non-broker,Occasionnel,Monotopic,0.4331492160793081,0.25850011401236533,0.7852030263919616,0.21259102085679785,0.6812038405997068,○,#CCCCCC,circle,S,BDS,1.0,BDS,Extreme-BDS,Thème_5,Unknown,0,Faible,0.6358267716535433,91.75,0.1070226444620544,0.7758054041938826
VolkswagenPanda,○ VolkswagenPanda,Auteur,2,0.4308300395256916,5.2257423759762985e-06,0.6372795969773299,0.1070226444620544,0.005106458178527,1,1,1,0,False,False,False,False,False,False,False,False,Regular,Regular,Non-hub,Non-broker,Occasionnel,Monotopic,0.4331492160793081,0.25850011401236533,0.7852030263919616,0.21259102085679785,0.6812038405997068,○,#CCCCCC,circle,S,BDS,1.0,BDS,Extreme-BDS,Thème_5,Unknown,0,Faible,0.6358267716535433,91.75,0.1070226444620544,0.7758054041938827
Imaginary-Hold5898,○ Imaginary-Hold5898,Auteur,0,0.2687747035573122,3.233939231930051e-05,0.5776255707762558,0.0079589141320069,0.0041729640395139,1,1,1,0,False,False,False,False,False,False,False,False,Regular,Regular,Non-hub,Non-broker,Occasionnel,Monotopic,0.3704712242827537,0.16127775789131502,0.7852030263919616,0.17489562375543774,0.656132643881085,○,#CCCCCC,circle,XS,BDS,1.0,BDS,Extreme-BDS,Thème_6,Unknown,0,Faible,0.38779527559055116,53.16666666666666,0.007958914132006905,0.6970300404115419
Relative-Chain73,○ Relative-Chain73,Auteur,5,0.0711462450592885,3.0367550258508547e-05,0.5173824130879345,0.0009839881217552,0.0025601847586136,1,1,1,0,False,False,False,False,False,False,False,False,Regular,Regular,Non-hub,Non-broker,Occasionnel,Monotopic,0.2952764550790981,0.0426998940556765,0.7852030263919616,0.15542670532586064,0.6260547361996228,○,#CCCCCC,circle,XS,BDS,1.0,BDS,Extreme-BDS,Thème_8,Unknown,0,Faible,0.16141732283464566,12.833333333333332,0.0009839881217552843,0.594095113279812
Practical_Chef_7897,○ Practical_Chef_7897,Auteur,0,0.0632411067193675,0.0,0.5163265306122449,0.0010698942189284,0.0012564493104576,10,5,5,5,False,False,False,False,True,True,True,False,Regular,Regular,Non-hub,Non-broker,Très actif,Multi-topic,0.5533460949726772,0.0379446640316205,3.1785266909588596,0.15511193802745915,2.040707019828582,○,#CCCCCC,circle,XS,BoycottIsrael,0.5,Mixed,Balanced,Thème_9;Thème_8;Thème_7;Thème_6;Thème_1,Thème_9,5,Forte,0.889763779527559,6.640079365079365,0.0010698942189284577,0.28654212150072833
amotivatedgal,○ amotivatedgal,Auteur,2,0.4308300395256916,5.2257423759762985e-06,0.6372795969773299,0.1070226444620544,0.005106458178527,1,1,1,0,False,False,False,False,False,False,False,False,Regular,Regular,Non-hub,Non-broker,Occasionnel,Monotopic,0.4331492160793081,0.25850011401236533,0.7852030263919616,0.21259102085679785,0.6812038405997068,○,#CCCCCC,circle,S,BDS,1.0,BDS,Extreme-BDS,Thème_5,Unknown,0,Faible,0.6358267716535433,91.75,0.1070226444620544,0.7758054041938826
Pack_Em_Up,○ Pack_Em_Up,Auteur,2,0.4308300395256916,5.2257423759762985e-06,0.6372795969773299,0.1070226444620544,0.005106458178527,1,1,1,0,False,False,False,False,False,False,False,False,Regular,Regular,Non-hub,Non-broker,Occasionnel,Monotopic,0.4331492160793081,0.25850011401236533,0.7852030263919616,0.21259102085679785,0.6812038405997068,○,#CCCCCC,circle,S,BDS,1.0,BDS,Extreme-BDS,Thème_5,Unknown,0,Faible,0.6358267716535433,91.75,0.1070226444620544,0.7758054041938827
Burning-Bush-613,⬢ Burning-Bush-613,Auteur,2,0.4822134387351778,0.0001198997662638,0.6537467700258398,0.0569991101008296,0.0041293536674526,2,2,2,0,False,False,False,True,False,False,False,False,Specialist,Specialist,Non-hub,Non-broker,Occasionnel,Bi-topic,0.5139018132350841,0.2893760231476122,1.3690286020676767,0.20758380291104978,1.0351444118944666,⬢,#0000FF,diamond,S,BDS,1.0,BDS,Extreme-BDS,Thème_1;Thème_5,Thème_1,2,Forte,0.84251968503937,57.66269841269843,0.05699911010082963,0.4181763914078188
SnooOnions4663,○ SnooOnions4663,Auteur,2,0.4308300395256916,5.2257423759762985e-06,0.6372795969773299,0.1070226444620544,0.005106458178527,1,1,1,0,False,False,False,False,False,False,False,False,Regular,Regular,Non-hub,Non-broker,Occasionnel,Monotopic,0.4331492160793081,0.25850011401236533,0.7852030263919616,0.21259102085679785,0.6812038405997068,○,#CCCCCC,circle,S,BDS,1.0,BDS,Extreme-BDS,Thème_5,Unknown,0,Faible,0.6358267716535433,91.75,0.1070226444620544,0.7758054041938827
mar_de_mariposas,○ mar_de_mariposas,Auteur,2,0.4308300395256916,5.2257423759762985e-06,0.6372795969773299,0.1070226444620544,0.005106458178527,1,1,1,0,False,False,False,False,False,False,False,False,Regular,Regular,Non-hub,Non-broker,Occasionnel,Monotopic,0.4331492160793081,0.25850011401236533,0.7852030263919616,0.21259102085679785,0.6812038405997068,○,#CCCCCC,circle,S,BDS,1.0,BDS,Extreme-BDS,Thème_5,Unknown,0,Faible,0.6358267716535433,91.75,0.1070226444620544,0.7758054041938826
endingcolonialism,⬢ endingcolonialism,Auteur,0,0.6521739130434783,4.527057672786167e-05,0.7419354838709677,0.0619524550299699,0.0052730117854777,3,2,3,0,False,False,False,True,False,False,False,False,Specialist,Specialist,Hub,Non-broker,Actif,Bi-topic,0.6397246078204744,0.3913224560567781,1.5704060527839232,0.23499377145564823,1.171778151464157,⬢,#0000FF,diamond,M,BDS,1.0,BDS,Extreme-BDS,Thème_5;Thème_6,Thème_5,2,Forte,0.937007874015748,81.57936507936508,0.061952455029969905,0.32800856423583535
KnowTheTruthMatters,⬤ KnowTheTruthMatters,Auteur,0,0.7312252964426877,0.1238829554354428,0.7881619937694704,0.03263822782155,0.0044182349011564,5,4,5,0,True,True,False,False,True,True,False,True,Hub-Broker,Hub-Broker,Super-hub,Super-broker,Actif,Multi-topic,0.7440676858363594,0.4882883600397897,2.454231628459638,0.3049177214128725,1.7351549151029604,⬤,#FF0000,circle,L,BDS,1.0,BDS,Extreme-BDS,Thème_5;Thème_10;Thème_6;Thème_1,Thème_5,4,Forte,0.9763779527559056,53.881349206349206,0.03263822782155009,0.1708157325190043
MagnusRottcodd,○ MagnusRottcodd,Auteur,5,0.0711462450592885,3.0367550258508547e-05,0.5173824130879345,0.0009839881217552,0.0025601847586136,1,1,1,0,False,False,False,False,False,False,False,False,Regular,Regular,Non-hub,Non-broker,Occasionnel,Monotopic,0.2952764550790981,0.0426998940556765,0.7852030263919616,0.15542670532586064,0.6260547361996228,○,#CCCCCC,circle,XS,BDS,1.0,BDS,Extreme-BDS,Thème_8,Unknown,0,Faible,0.16141732283464566,12.833333333333332,0.0009839881217552843,0.594095113279812
Conscious-Rich3823,○ Conscious-Rich3823,Auteur,6,0.0592885375494071,5.39526231225836e-06,0.4951076320939334,0.0001328982859187,0.0030159568964811,1,1,1,0,False,False,False,False,False,False,False,False,Regular,Regular,Non-hub,Non-broker,Occasionnel,Monotopic,0.28889253627925293,0.03557528063456916,0.7852030263919616,0.1485615669165199,0.6235011686796847,○,#CCCCCC,circle,XS,BDS,1.0,BDS,Extreme-BDS,Thème_2,Unknown,0,Faible,0.06692913385826772,11.833333333333334,0.0001328982859187604,0.6918899514811695
Puripuri_Purizona,○ Puripuri_Purizona,Auteur,1,0.0197628458498023,2.658120864642605e-06,0.4558558558558558,0.000189319700398,0.0017260632011339,2,1,1,1,False,False,False,False,False,False,True,False,Regular,Regular,Non-hub,Non-broker,Occasionnel,Monotopic,0.35222570389685454,0.011858770758227236,1.0690286020676767,0.13679594975726866,0.7704739681591747,○,#CCCCCC,circle,XS,BoycottIsrael,0.5,Mixed,Balanced,Thème_3,Unknown,0,Faible,0.29133858267716534,2.75,0.00018931970039805837,0.42661392611424886
hmountain,○ hmountain,Auteur,5,0.0790513833992094,7.495970228889483e-06,0.4856046065259117,0.0008446485247361,0.0029506820377605,1,1,1,0,False,False,False,False,False,False,False,False,Regular,Regular,Non-hub,Non-broker,Occasionnel,Monotopic,0.2948597549468608,0.047433828427617196,0.7852030263919616,0.14585405964783515,0.6258880561467278,○,#CCCCCC,circle,XS,BDS,1.0,BDS,Extreme-BDS,Thème_4,Unknown,0,Faible,0.1141732283464567,16.083333333333332,0.0008446485247361378,0.7180335386417718
Pepperina_G,○ Pepperina_G,Auteur,0,0.2687747035573122,3.233939231930051e-05,0.5776255707762558,0.0079589141320069,0.0041729640395139,1,1,1,0,False,False,False,False,False,False,False,False,Regular,Regular,Non-hub,Non-broker,Occasionnel,Monotopic,0.3704712242827537,0.16127775789131502,0.7852030263919616,0.17489562375543774,0.656132643881085,○,#CCCCCC,circle,XS,BDS,1.0,BDS,Extreme-BDS,Thème_6,Unknown,0,Faible,0.38779527559055116,53.16666666666666,0.007958914132006905,0.6970300404115418
barb_20,○ barb_20,Auteur,2,0.4308300395256916,5.2257423759762985e-06,0.6372795969773299,0.1070226444620544,0.005106458178527,1,1,1,0,False,False,False,False,False,False,False,False,Regular,Regular,Non-hub,Non-broker,Occasionnel,Monotopic,0.4331492160793081,0.25850011401236533,0.7852030263919616,0.21259102085679785,0.6812038405997068,○,#CCCCCC,circle,S,BDS,1.0,BDS,Extreme-BDS,Thème_5,Unknown,0,Faible,0.6358267716535433,91.75,0.1070226444620544,0.7758054041938827
Fhlurrhy108,○ Fhlurrhy108,Auteur,2,0.4308300395256916,5.2257423759762985e-06,0.6372795969773299,0.1070226444620544,0.005106458178527,1,1,1,0,False,False,False,False,False,False,False,False,Regular,Regular,Non-hub,Non-broker,Occasionnel,Monotopic,0.4331492160793081,0.25850011401236533,0.7852030263919616,0.21259102085679785,0.6812038405997068,○,#CCCCCC,circle,S,BDS,1.0,BDS,Extreme-BDS,Thème_5,Unknown,0,Faible,0.6358267716535433,91.75,0.1070226444620544,0.7758054041938827
Nomogg,○ Nomogg,Auteur,5,0.217391304347826,0.0362360889696231,0.5216494845360825,0.0003741180109228,0.0029546548758861,4,4,4,0,False,False,False,False,False,True,False,False,Regular,Regular,Non-hub,Petit-broker,Actif,Multi-topic,0.47919850970457323,0.14492921819654483,2.32660653870387,0.17468771344782086,1.5745107776120595,○,#CCCCCC,circle,XS,BDS,1.0,BDS,Extreme-BDS,Thème_4;Thème_8;Thème_1;Thème_2,Thème_4,4,Forte,0.8031496062992126,14.69404761904762,0.0003741180109228769,0.08945189629952174
antifamarketer,○ antifamarketer,Auteur,2,0.4308300395256916,5.2257423759762985e-06,0.6372795969773299,0.1070226444620544,0.005106458178527,1,1,1,0,False,False,False,False,False,False,False,False,Regular,Regular,Non-hub,Non-broker,Occasionnel,Monotopic,0.4331492160793081,0.25850011401236533,0.7852030263919616,0.21259102085679785,0.6812038405997068,○,#CCCCCC,circle,S,BDS,1.0,BDS,Extreme-BDS,Thème_5,Unknown,0,Faible,0.6358267716535433,91.75,0.1070226444620544,0.7758054041938827
cindyloowhovian,○ cindyloowhovian,Auteur,6,0.0592885375494071,5.39526231225836e-06,0.4951076320939334,0.0001328982859187,0.0030159568964811,1,1,1,0,False,False,False,False,False,False,False,False,Regular,Regular,Non-hub,Non-broker,Occasionnel,Monotopic,0.28889253627925293,0.03557528063456916,0.7852030263919616,0.1485615669165199,0.6235011686796847,○,#CCCCCC,circle,XS,BDS,1.0,BDS,Extreme-BDS,Thème_2,Unknown,0,Faible,0.06692913385826772,11.833333333333334,0.0001328982859187604,0.6918899514811695
roxi3smiles,○ roxi3smiles,Auteur,3,0.1106719367588932,6.363827699912904e-07,0.4970530451866404,0.0009885243482228,0.0033153360357185,1,1,1,0,False,False,False,False,False,False,False,False,Regular,Regular,Non-hub,Non-broker,Occasionnel,Monotopic,0.30707007759195826,0.06640341660844391,0.7852030263919616,0.14931393661702166,0.6307721852047669,○,#CCCCCC,circle,XS,BDS,1.0,BDS,Extreme-BDS,Thème_10,Unknown,0,Faible,0.25393700787401574,22.83333333333333,0.00098852434822287,0.7423881620877424
Virtual-Tale7778,○ Virtual-Tale7778,Auteur,5,0.0790513833992094,7.495970228889483e-06,0.4856046065259117,0.0008446485247361,0.0029506820377605,2,1,1,1,False,False,False,False,False,False,True,False,Regular,Regular,Non-hub,Non-broker,Occasionnel,Monotopic,0.3759527765684937,0.047433828427617196,1.0690286020676767,0.14585405964783515,0.7799647972278304,○,#CCCCCC,circle,XS,BoycottIsrael,0.5,Mixed,Balanced,Thème_4,Unknown,0,Faible,0.4744094488188976,16.083333333333332,0.0008446485247361378,0.7180335386417718
MoonGlissades,○ MoonGlissades,Auteur,2,0.4308300395256916,5.2257423759762985e-06,0.6372795969773299,0.1070226444620544,0.005106458178527,1,1,1,0,False,False,False,False,False,False,False,False,Regular,Regular,Non-hub,Non-broker,Occasionnel,Monotopic,0.4331492160793081,0.25850011401236533,0.7852030263919616,0.21259102085679785,0.6812038405997068,○,#CCCCCC,circle,S,BDS,1.0,BDS,Extreme-BDS,Thème_5,Unknown,0,Faible,0.6358267716535433,91.75,0.1070226444620544,0.7758054041938827
Dear-Boot4077,○ Dear-Boot4077,Auteur,0,0.2687747035573122,3.233939231930051e-05,0.5776255707762558,0.0079589141320069,0.0041729640395139,1,1,1,0,False,False,False,False,False,False,False,False,Regular,Regular,Non-hub,Non-broker,Occasionnel,Monotopic,0.3704712242827537,0.16127775789131502,0.7852030263919616,0.17489562375543774,0.656132643881085,○,#CCCCCC,circle,XS,BDS,1.0,BDS,Extreme-BDS,Thème_6,Unknown,0,Faible,0.38779527559055116,53.16666666666666,0.007958914132006905,0.6970300404115418
elifshafakenthusiast,○ elifshafakenthusiast,Auteur,5,0.0711462450592885,3.0367550258508547e-05,0.5173824130879345,0.0009839881217552,0.0025601847586136,1,1,1,0,False,False,False,False,False,False,False,False,Regular,Regular,Non-hub,Non-broker,Occasionnel,Monotopic,0.2952764550790981,0.0426998940556765,0.7852030263919616,0.15542670532586064,0.6260547361996228,○,#CCCCCC,circle,XS,BDS,1.0,BDS,Extreme-BDS,Thème_8,Unknown,0,Faible,0.16141732283464566,12.833333333333332,0.0009839881217552843,0.594095113279812
MrJasonMason,⬢ MrJasonMason,Auteur,2,0.4822134387351778,0.0001198997662638,0.6537467700258398,0.0569991101008296,0.0041293536674526,2,2,2,0,False,False,False,True,False,False,False,False,Specialist,Specialist,Non-hub,Non-broker,Occasionnel,Bi-topic,0.5139018132350841,0.2893760231476122,1.3690286020676767,0.20758380291104978,1.0351444118944666,⬢,#0000FF,diamond,S,BDS,1.0,BDS,Extreme-BDS,Thème_5;Thème_1,Thème_5,2,Forte,0.84251968503937,57.66269841269843,0.056999110100829614,0.41817639140781876
shane_4_us,○ shane_4_us,Auteur,2,0.4308300395256916,5.2257423759762985e-06,0.6372795969773299,0.1070226444620544,0.005106458178527,1,1,1,0,False,False,False,False,False,False,False,False,Regular,Regular,Non-hub,Non-broker,Occasionnel,Monotopic,0.4331492160793081,0.25850011401236533,0.7852030263919616,0.21259102085679785,0.6812038405997068,○,#CCCCCC,circle,S,BDS,1.0,BDS,Extreme-BDS,Thème_5,Unknown,0,Faible,0.6358267716535433,91.75,0.1070226444620544,0.7758054041938827
Comfortable_Spend436,○ Comfortable_Spend436,Auteur,2,0.4308300395256916,5.2257423759762985e-06,0.6372795969773299,0.1070226444620544,0.005106458178527,2,1,2,0,False,False,False,False,False,False,False,False,Regular,Regular,Non-hub,Non-broker,Occasionnel,Monotopic,0.514242237700941,0.25850011401236533,1.0690286020676767,0.21259102085679785,0.8352805816808092,○,#CCCCCC,circle,S,BDS,1.0,BDS,Extreme-BDS,Thème_5,Unknown,0,Faible,0.860236220472441,91.75,0.1070226444620544,0.7758054041938826
yanonce,○ yanonce,Auteur,5,0.0711462450592885,3.0367550258508547e-05,0.5173824130879345,0.0009839881217552,0.0025601847586136,1,1,1,0,False,False,False,False,False,False,False,False,Regular,Regular,Non-hub,Non-broker,Occasionnel,Monotopic,0.2952764550790981,0.0426998940556765,0.7852030263919616,0.15542670532586064,0.6260547361996228,○,#CCCCCC,circle,XS,BDS,1.0,BDS,Extreme-BDS,Thème_8,Unknown,0,Faible,0.16141732283464566,12.833333333333332,0.0009839881217552843,0.594095113279812
KingofTrilobites123,⬤ KingofTrilobites123,Auteur,0,0.7351778656126482,0.0297723612941003,0.790625,0.0427573419735963,0.0049392528019537,3,3,2,1,True,False,False,True,False,False,True,False,Hub,Hub-Specialist,Super-hub,Petit-broker,Actif,Tri-topic,0.6610767155119301,0.453015663885229,1.8704060527839232,0.2606251490417694,1.3803189945407395,⬤,#FF0000,circle,L,BDS,0.6666666666666666,Mixed,Mostly-BDS,Thème_6;Thème_5;Thème_10,Thème_6,3,Forte,0.952755905511811,65.69047619047629,0.04275734197359633,0.2121722875325404
ABCecy,○ ABCecy,Auteur,2,0.4308300395256916,5.2257423759762985e-06,0.6372795969773299,0.1070226444620544,0.005106458178527,1,1,1,0,False,False,False,False,False,False,False,False,Regular,Regular,Non-hub,Non-broker,Occasionnel,Monotopic,0.4331492160793081,0.25850011401236533,0.7852030263919616,0.21259102085679785,0.6812038405997068,○,#CCCCCC,circle,S,BDS,1.0,BDS,Extreme-BDS,Thème_5,Unknown,0,Faible,0.6358267716535433,91.75,0.1070226444620544,0.7758054041938827
ThrovvQuestionsAway,○ ThrovvQuestionsAway,Auteur,3,0.1106719367588932,6.363827699912904e-07,0.4970530451866404,0.0009885243482228,0.0033153360357185,1,1,1,0,False,False,False,False,False,False,False,False,Regular,Regular,Non-hub,Non-broker,Occasionnel,Monotopic,0.30707007759195826,0.06640341660844391,0.7852030263919616,0.14931393661702166,0.6307721852047669,○,#CCCCCC,circle,XS,BDS,1.0,BDS,Extreme-BDS,Thème_10,Unknown,0,Faible,0.25393700787401574,22.83333333333333,0.00098852434822287,0.7423881620877425
pinklewickers,○ pinklewickers,Auteur,5,0.0790513833992094,7.495970228889483e-06,0.4856046065259117,0.0008446485247361,0.0029506820377605,1,1,1,0,False,False,False,False,False,False,False,False,Regular,Regular,Non-hub,Non-broker,Occasionnel,Monotopic,0.2948597549468608,0.047433828427617196,0.7852030263919616,0.14585405964783515,0.6258880561467278,○,#CCCCCC,circle,XS,BDS,1.0,BDS,Extreme-BDS,Thème_4,Unknown,0,Faible,0.1141732283464567,16.083333333333332,0.0008446485247361378,0.7180335386417718
Chobikil,○ Chobikil,Auteur,5,0.0790513833992094,7.495970228889483e-06,0.4856046065259117,0.0008446485247361,0.0029506820377605,1,1,1,0,False,False,False,False,False,False,False,False,Regular,Regular,Non-hub,Non-broker,Occasionnel,Monotopic,0.2948597549468608,0.047433828427617196,0.7852030263919616,0.14585405964783515,0.6258880561467278,○,#CCCCCC,circle,XS,BDS,1.0,BDS,Extreme-BDS,Thème_4,Unknown,0,Faible,0.1141732283464567,16.083333333333332,0.0008446485247361378,0.7180335386417718
kamotos,○ kamotos,Auteur,5,0.0711462450592885,3.0367550258508547e-05,0.5173824130879345,0.0009839881217552,0.0025601847586136,1,1,1,0,False,False,False,False,False,False,False,False,Regular,Regular,Non-hub,Non-broker,Occasionnel,Monotopic,0.2952764550790981,0.0426998940556765,0.7852030263919616,0.15542670532586064,0.6260547361996228,○,#CCCCCC,circle,XS,BDS,1.0,BDS,Extreme-BDS,Thème_8,Unknown,0,Faible,0.16141732283464566,12.833333333333332,0.0009839881217552843,0.594095113279812
Apollo_Delphi,⬢ Apollo_Delphi,Auteur,2,0.4782608695652173,3.587017456165752e-05,0.6340852130325815,0.0558107691570048,0.0041416661329824,2,2,1,1,False,False,False,True,False,False,True,False,Specialist,Specialist,Non-hub,Non-broker,Occasionnel,Bi-topic,0.5105312509283466,0.28697086980895503,1.3690286020676767,0.2014056528284562,1.0337961869717716,⬢,#0000FF,diamond,S,BoycottIsrael,0.5,Mixed,Balanced,Thème_8;Thème_5,Thème_8,2,Forte,0.8248031496062992,55.96031746031748,0.05581076915700481,0.41398893667155906
Alternative-Dare-601,○ Alternative-Dare-601,Auteur,2,0.4308300395256916,5.2257423759762985e-06,0.6372795969773299,0.1070226444620544,0.005106458178527,1,1,1,0,False,False,False,False,False,False,False,False,Regular,Regular,Non-hub,Non-broker,Occasionnel,Monotopic,0.4331492160793081,0.25850011401236533,0.7852030263919616,0.21259102085679785,0.6812038405997068,○,#CCCCCC,circle,S,BDS,1.0,BDS,Extreme-BDS,Thème_5,Unknown,0,Faible,0.6358267716535433,91.75,0.1070226444620544,0.7758054041938827
Dazzling_Pirate1411,○ Dazzling_Pirate1411,Auteur,1,0.0197628458498023,2.658120864642605e-06,0.4558558558558558,0.000189319700398,0.0017260632011339,1,1,1,0,False,False,False,False,False,False,False,False,Regular,Regular,Non-hub,Non-broker,Occasionnel,Monotopic,0.27113268227522164,0.011858770758227236,0.7852030263919616,0.13679594975726866,0.6163972270780723,○,#CCCCCC,circle,XS,BDS,1.0,BDS,Extreme-BDS,Thème_3,Unknown,0,Faible,0.005905511811023622,2.75,0.00018931970039805837,0.4266139261142488
ReachZestyclose,○ ReachZestyclose,Auteur,0,0.2687747035573122,3.233939231930051e-05,0.5776255707762558,0.0079589141320069,0.0041729640395139,2,1,1,1,False,False,False,False,False,False,True,False,Regular,Regular,Non-hub,Non-broker,Occasionnel,Monotopic,0.45156424590438665,0.16127775789131502,1.0690286020676767,0.17489562375543774,0.8102093849621875,○,#CCCCCC,circle,XS,BoycottIsrael,0.5,Mixed,Balanced,Thème_6,Unknown,0,Faible,0.7933070866141733,53.16666666666666,0.007958914132006906,0.6970300404115418
torbatosecco,○ torbatosecco,Auteur,6,0.0790513833992094,8.083864844668388e-05,0.5111111111111111,0.001924438282644,0.0022769104262537,1,1,1,0,False,False,False,False,False,False,False,False,Regular,Regular,Non-hub,Non-broker,Occasionnel,Monotopic,0.2974287410749351,0.047463165498904315,0.7852030263919616,0.15375864031408545,0.6269156505979576,○,#CCCCCC,circle,XS,BDS,1.0,BDS,Extreme-BDS,Thème_1,Unknown,0,Faible,0.20078740157480315,12.916666666666668,0.0019244382826440146,0.5434349976393734
Witty-Savings-2048,○ Witty-Savings-2048,Auteur,2,0.4308300395256916,5.2257423759762985e-06,0.6372795969773299,0.1070226444620544,0.005106458178527,2,1,1,1,False,False,False,False,False,False,True,False,Regular,Regular,Non-hub,Non-broker,Occasionnel,Monotopic,0.514242237700941,0.25850011401236533,1.0690286020676767,0.21259102085679785,0.8352805816808092,○,#CCCCCC,circle,S,BoycottIsrael,0.5,Mixed,Balanced,Thème_5,Unknown,0,Faible,0.860236220472441,91.75,0.1070226444620544,0.7758054041938827
Ok-Following6886,○ Ok-Following6886,Auteur,0,0.2687747035573122,3.233939231930051e-05,0.5776255707762558,0.0079589141320069,0.0041729640395139,4,1,4,0,False,False,False,False,False,False,False,False,Regular,Regular,Non-hub,Non-broker,Actif,Monotopic,0.5537293706575848,0.16127775789131502,1.4266065387038702,0.17489562375543774,1.004323121993264,○,#CCCCCC,circle,XS,BDS,1.0,BDS,Extreme-BDS,Thème_6,Unknown,0,Faible,0.8937007874015748,53.16666666666666,0.007958914132006906,0.6970300404115418
SecretBiscotti8128,⬢ SecretBiscotti8128,Auteur,2,0.4822134387351778,0.0001198997662638,0.6537467700258398,0.0569991101008296,0.0041293536674526,7,2,7,0,False,False,False,True,True,False,False,False,Specialist,Specialist,Non-hub,Non-broker,Très actif,Bi-topic,0.7100676638374295,0.2893760231476122,2.055609079175885,0.20758380291104978,1.4078595280389226,⬢,#0000FF,diamond,S,BDS,1.0,BDS,Extreme-BDS,Thème_5;Thème_1,Thème_5,2,Forte,0.9645669291338582,57.66269841269843,0.056999110100829614,0.41817639140781887
adilbuilds,○ adilbuilds,Auteur,0,0.6561264822134387,0.0907397567875555,0.7441176470588236,0.0319393401363645,0.0038475234965229,8,4,7,1,False,False,False,False,True,True,True,True,Regular,Regular,Hub,Broker,Très actif,Multi-topic,0.7861858881447188,0.42997179204308544,2.7380572041353535,0.2749930405386977,1.8736417284587534,○,#CCCCCC,circle,M,BDS,0.875,BDS,Extreme-BDS,Thème_7;Thème_9;Thème_6;Thème_5,Thème_7,4,Forte,0.984251968503937,46.86666666666666,0.03193934013636452,0.1973607111520537
QuranTutor_Muhamad,○ QuranTutor_Muhamad,Auteur,6,0.0790513833992094,8.083864844668388e-05,0.5111111111111111,0.001924438282644,0.0022769104262537,1,1,1,0,False,False,False,False,False,False,False,False,Regular,Regular,Non-hub,Non-broker,Occasionnel,Monotopic,0.2974287410749351,0.047463165498904315,0.7852030263919616,0.15375864031408545,0.6269156505979576,○,#CCCCCC,circle,XS,BDS,1.0,BDS,Extreme-BDS,Thème_1,Unknown,0,Faible,0.20078740157480315,12.916666666666668,0.0019244382826440146,0.5434349976393735
UXUI75,○ UXUI75,Auteur,6,0.0790513833992094,8.083864844668388e-05,0.5111111111111111,0.001924438282644,0.0022769104262537,1,1,1,0,False,False,False,False,False,False,False,False,Regular,Regular,Non-hub,Non-broker,Occasionnel,Monotopic,0.2974287410749351,0.047463165498904315,0.7852030263919616,0.15375864031408545,0.6269156505979576,○,#CCCCCC,circle,XS,BDS,1.0,BDS,Extreme-BDS,Thème_1,Unknown,0,Faible,0.20078740157480315,12.916666666666668,0.0019244382826440146,0.5434349976393735
pumpkinzh,○ pumpkinzh,Auteur,0,0.308300395256917,0.0246666369067124,0.5536105032822757,0.0019439220863049,0.0030485127394179,5,4,4,1,False,False,False,False,True,True,True,False,Regular,Regular,Non-hub,Petit-broker,Actif,Multi-topic,0.5477847417404376,0.19484689191683513,2.454231628459638,0.17880525385529988,1.6566417374645916,○,#CCCCCC,circle,S,BDS,0.8,BDS,Mostly-BDS,Thème_6;Thème_8;Thème_3;Thème_7,Thème_6,4,Forte,0.8818897637795275,21.17857142857143,0.0019439220863049088,0.18099823079440494
Aqn95,○ Aqn95,Auteur,6,0.0474308300395256,0.0,0.4633699633699634,0.0009194872269079,0.0021050530548811,1,1,1,0,False,False,False,False,False,False,False,False,Regular,Regular,Non-hub,Non-broker,Occasionnel,Monotopic,0.28156722296281933,0.02845849802371536,0.7852030263919616,0.1391948864563706,0.6205710433531113,○,#CCCCCC,circle,XS,BDS,1.0,BDS,Extreme-BDS,Thème_7,Unknown,0,Faible,0.03543307086614173,8.25,0.0009194872269079693,0.568456511798779
whater39,○ whater39,Auteur,4,0.0355731225296442,0.0,0.4517857142857143,0.0011653935201975,0.0014142955354549,1,1,1,0,False,False,False,False,False,False,False,False,Regular,Regular,Non-hub,Non-broker,Occasionnel,Monotopic,0.276258600425936,0.02134387351778652,0.7852030263919616,0.13576879298975378,0.6184475943383579,○,#CCCCCC,circle,XS,BDS,1.0,BDS,Extreme-BDS,Thème_9,Unknown,0,Faible,0.017716535433070866,5.583333333333333,0.0011653935201975214,0.5506278207147608
damon121231,○ damon121231,Auteur,5,0.0790513833992094,7.495970228889483e-06,0.4856046065259117,0.0008446485247361,0.0029506820377605,1,1,1,0,False,False,False,False,False,False,False,False,Regular,Regular,Non-hub,Non-broker,Occasionnel,Monotopic,0.2948597549468608,0.047433828427617196,0.7852030263919616,0.14585405964783515,0.6258880561467278,○,#CCCCCC,circle,XS,BDS,1.0,BDS,Extreme-BDS,Thème_4,Unknown,0,Faible,0.1141732283464567,16.083333333333332,0.0008446485247361378,0.7180335386417718
librephili,▲ librephili,Auteur,0,0.142292490118577,0.0082188343057908,0.5382978723404256,0.0046161999259242,0.0017024050585362,28,7,2,26,False,False,True,False,True,True,True,False,Contributor,Contributor,Non-hub,Non-broker,Super-actif,Omni-topic,0.779146033349287,0.08866302779346252,4.457107080990532,0.1665220188402079,2.8218471623356574,▲,#00FF00,triangle,XS,BoycottIsrael,0.07142857142857142,BoycottIsrael,Extreme-BI,Thème_5;Thème_3;Thème_6;Thème_2;Thème_10;Thème_4;Thème_1,Thème_5,7,Forte,0.9803149606299213,13.18134920634921,0.0046161999259242146,0.2636692476567712
Songmorning,○ Songmorning,Auteur,0,0.2687747035573122,3.233939231930051e-05,0.5776255707762558,0.0079589141320069,0.0041729640395139,1,1,1,0,False,False,False,False,False,False,False,False,Regular,Regular,Non-hub,Non-broker,Occasionnel,Monotopic,0.3704712242827537,0.16127775789131502,0.7852030263919616,0.17489562375543774,0.656132643881085,○,#CCCCCC,circle,XS,BDS,1.0,BDS,Extreme-BDS,Thème_6,Unknown,0,Faible,0.38779527559055116,53.16666666666666,0.007958914132006906,0.6970300404115418
Narrow_Guava_6239,⬢ Narrow_Guava_6239,Auteur,2,0.450592885375494,1.7149917746162612e-05,0.6231527093596059,0.0557395311664031,0.0038864859096475,2,2,2,0,False,False,False,True,False,False,False,False,Specialist,Specialist,Non-hub,Non-broker,Occasionnel,Bi-topic,0.499749526030442,0.27036259119239486,1.3690286020676767,0.19810229400003546,1.0294834970126097,⬢,#0000FF,diamond,S,BDS,1.0,BDS,Extreme-BDS,Thème_7;Thème_5,Thème_7,2,Forte,0.8169291338582677,53.091269841269856,0.05573953116640316,0.4587332942169564
Plane-Imagination593,○ Plane-Imagination593,Auteur,0,0.2687747035573122,3.233939231930051e-05,0.5776255707762558,0.0079589141320069,0.0041729640395139,1,1,1,0,False,False,False,False,False,False,False,False,Regular,Regular,Non-hub,Non-broker,Occasionnel,Monotopic,0.3704712242827537,0.16127775789131502,0.7852030263919616,0.17489562375543774,0.656132643881085,○,#CCCCCC,circle,XS,BDS,1.0,BDS,Extreme-BDS,Thème_6,Unknown,0,Faible,0.38779527559055116,53.16666666666666,0.007958914132006906,0.6970300404115418
safemath,⬢ safemath,Auteur,0,0.3557312252964427,0.0004984006548715,0.5938967136150235,0.0053015863360902,0.0040697150257005,2,2,2,0,False,False,False,True,False,False,False,False,Specialist,Specialist,Non-hub,Non-broker,Occasionnel,Bi-topic,0.46374265811259713,0.2136380954398142,1.3690286020676767,0.17947853167916084,1.015080749845472,⬢,#0000FF,diamond,S,BDS,1.0,BDS,Extreme-BDS,Thème_6;Thème_10,Thème_6,2,Forte,0.7992125984251969,41.62698412698413,0.005301586336090271,0.3070849622856364
Particular_Log_3594,○ Particular_Log_3594,Auteur,0,0.6758893280632411,0.0845351688249336,0.755223880597015,0.0317259008225366,0.0041240504260885,4,4,4,0,False,False,False,False,False,True,False,True,Regular,Regular,Hub,Broker,Actif,Multi-topic,0.6751050275748893,0.4393476643679181,2.32660653870387,0.27517992875607855,1.652873384760186,○,#CCCCCC,circle,M,BDS,1.0,BDS,Extreme-BDS,Thème_7;Thème_6;Thème_5;Thème_8,Thème_7,4,Forte,0.9566929133858267,48.525,0.031725900822536686,0.18500013202509455
mania_d,○ mania_d,Auteur,6,0.0474308300395256,0.0,0.4633699633699634,0.0009194872269079,0.0021050530548811,1,1,1,0,False,False,False,False,False,False,False,False,Regular,Regular,Non-hub,Non-broker,Occasionnel,Monotopic,0.28156722296281933,0.02845849802371536,0.7852030263919616,0.1391948864563706,0.6205710433531113,○,#CCCCCC,circle,XS,BDS,1.0,BDS,Extreme-BDS,Thème_7,Unknown,0,Faible,0.03543307086614173,8.25,0.0009194872269079693,0.5684565117987789
chopstickemup,○ chopstickemup,Auteur,0,0.2687747035573122,3.233939231930051e-05,0.5776255707762558,0.0079589141320069,0.0041729640395139,1,1,1,0,False,False,False,False,False,False,False,False,Regular,Regular,Non-hub,Non-broker,Occasionnel,Monotopic,0.3704712242827537,0.16127775789131502,0.7852030263919616,0.17489562375543774,0.656132643881085,○,#CCCCCC,circle,XS,BDS,1.0,BDS,Extreme-BDS,Thème_6,Unknown,0,Faible,0.38779527559055116,53.16666666666666,0.007958914132006906,0.6970300404115418
Able_Ad_4891,○ Able_Ad_4891,Auteur,2,0.4308300395256916,5.2257423759762985e-06,0.6372795969773299,0.1070226444620544,0.005106458178527,1,1,1,0,False,False,False,False,False,False,False,False,Regular,Regular,Non-hub,Non-broker,Occasionnel,Monotopic,0.4331492160793081,0.25850011401236533,0.7852030263919616,0.21259102085679785,0.6812038405997068,○,#CCCCCC,circle,S,BDS,1.0,BDS,Extreme-BDS,Thème_5,Unknown,0,Faible,0.6358267716535433,91.75,0.1070226444620544,0.7758054041938827
PerspectiveGrand716,○ PerspectiveGrand716,Auteur,6,0.0790513833992094,8.083864844668388e-05,0.5111111111111111,0.001924438282644,0.0022769104262537,1,1,1,0,False,False,False,False,False,False,False,False,Regular,Regular,Non-hub,Non-broker,Occasionnel,Monotopic,0.2974287410749351,0.047463165498904315,0.7852030263919616,0.15375864031408545,0.6269156505979576,○,#CCCCCC,circle,XS,BDS,1.0,BDS,Extreme-BDS,Thème_1,Unknown,0,Faible,0.20078740157480315,12.916666666666668,0.0019244382826440146,0.5434349976393735
CosmiicBrowni,○ CosmiicBrowni,Auteur,3,0.1106719367588932,6.363827699912904e-07,0.4970530451866404,0.0009885243482228,0.0033153360357185,1,1,1,0,False,False,False,False,False,False,False,False,Regular,Regular,Non-hub,Non-broker,Occasionnel,Monotopic,0.30707007759195826,0.06640341660844391,0.7852030263919616,0.14931393661702166,0.6307721852047669,○,#CCCCCC,circle,XS,BDS,1.0,BDS,Extreme-BDS,Thème_10,Unknown,0,Faible,0.25393700787401574,22.83333333333333,0.00098852434822287,0.7423881620877425
carTot254,○ carTot254,Auteur,0,0.2687747035573122,3.233939231930051e-05,0.5776255707762558,0.0079589141320069,0.0041729640395139,1,1,1,0,False,False,False,False,False,False,False,False,Regular,Regular,Non-hub,Non-broker,Occasionnel,Monotopic,0.3704712242827537,0.16127775789131502,0.7852030263919616,0.17489562375543774,0.656132643881085,○,#CCCCCC,circle,XS,BDS,1.0,BDS,Extreme-BDS,Thème_6,Unknown,0,Faible,0.38779527559055116,53.16666666666666,0.007958914132006906,0.6970300404115418
ShedSoManyTears4Gaza,○ ShedSoManyTears4Gaza,Auteur,3,0.1106719367588932,6.363827699912904e-07,0.4970530451866404,0.0009885243482228,0.0033153360357185,1,1,1,0,False,False,False,False,False,False,False,False,Regular,Regular,Non-hub,Non-broker,Occasionnel,Monotopic,0.30707007759195826,0.06640341660844391,0.7852030263919616,0.14931393661702166,0.6307721852047669,○,#CCCCCC,circle,XS,BDS,1.0,BDS,Extreme-BDS,Thème_10,Unknown,0,Faible,0.25393700787401574,22.83333333333333,0.00098852434822287,0.7423881620877425
itsamefas,○ itsamefas,Auteur,2,0.4308300395256916,5.2257423759762985e-06,0.6372795969773299,0.1070226444620544,0.005106458178527,1,1,1,0,False,False,False,False,False,False,False,False,Regular,Regular,Non-hub,Non-broker,Occasionnel,Monotopic,0.4331492160793081,0.25850011401236533,0.7852030263919616,0.21259102085679785,0.6812038405997068,○,#CCCCCC,circle,S,BDS,1.0,BDS,Extreme-BDS,Thème_5,Unknown,0,Faible,0.6358267716535433,91.75,0.1070226444620544,0.7758054041938827
CosmeticChemistPro,○ CosmeticChemistPro,Auteur,2,0.4308300395256916,5.2257423759762985e-06,0.6372795969773299,0.1070226444620544,0.005106458178527,1,1,1,0,False,False,False,False,False,False,False,False,Regular,Regular,Non-hub,Non-broker,Occasionnel,Monotopic,0.4331492160793081,0.25850011401236533,0.7852030263919616,0.21259102085679785,0.6812038405997068,○,#CCCCCC,circle,S,BDS,1.0,BDS,Extreme-BDS,Thème_5,Unknown,0,Faible,0.6358267716535433,91.75,0.1070226444620544,0.7758054041938827
Hamdan-mohamed,○ Hamdan-mohamed,Auteur,2,0.4308300395256916,5.2257423759762985e-06,0.6372795969773299,0.1070226444620544,0.005106458178527,1,1,1,0,False,False,False,False,False,False,False,False,Regular,Regular,Non-hub,Non-broker,Occasionnel,Monotopic,0.4331492160793081,0.25850011401236533,0.7852030263919616,0.21259102085679785,0.6812038405997068,○,#CCCCCC,circle,S,BDS,1.0,BDS,Extreme-BDS,Thème_5,Unknown,0,Faible,0.6358267716535433,91.75,0.1070226444620544,0.7758054041938827
natural_piano1836,○ natural_piano1836,Auteur,0,0.2687747035573122,3.233939231930051e-05,0.5776255707762558,0.0079589141320069,0.0041729640395139,1,1,1,0,False,False,False,False,False,False,False,False,Regular,Regular,Non-hub,Non-broker,Occasionnel,Monotopic,0.3704712242827537,0.16127775789131502,0.7852030263919616,0.17489562375543774,0.656132643881085,○,#CCCCCC,circle,XS,BDS,1.0,BDS,Extreme-BDS,Thème_6,Unknown,0,Faible,0.38779527559055116,53.16666666666666,0.007958914132006906,0.6970300404115418
Blood11Orange,○ Blood11Orange,Auteur,6,0.0790513833992094,8.083864844668388e-05,0.5111111111111111,0.001924438282644,0.0022769104262537,1,1,1,0,False,False,False,False,False,False,False,False,Regular,Regular,Non-hub,Non-broker,Occasionnel,Monotopic,0.2974287410749351,0.047463165498904315,0.7852030263919616,0.15375864031408545,0.6269156505979576,○,#CCCCCC,circle,XS,BDS,1.0,BDS,Extreme-BDS,Thème_1,Unknown,0,Faible,0.20078740157480315,12.916666666666668,0.0019244382826440146,0.5434349976393734
CNCMachina,○ CNCMachina,Auteur,4,0.0355731225296442,0.0,0.4517857142857143,0.0011653935201975,0.0014142955354549,1,1,1,0,False,False,False,False,False,False,False,False,Regular,Regular,Non-hub,Non-broker,Occasionnel,Monotopic,0.276258600425936,0.02134387351778652,0.7852030263919616,0.13576879298975378,0.6184475943383579,○,#CCCCCC,circle,XS,BDS,1.0,BDS,Extreme-BDS,Thème_9,Unknown,0,Faible,0.017716535433070866,5.583333333333333,0.0011653935201975214,0.5506278207147608
dramaqueen09,○ dramaqueen09,Auteur,5,0.0711462450592885,3.0367550258508547e-05,0.5173824130879345,0.0009839881217552,0.0025601847586136,1,1,1,0,False,False,False,False,False,False,False,False,Regular,Regular,Non-hub,Non-broker,Occasionnel,Monotopic,0.2952764550790981,0.0426998940556765,0.7852030263919616,0.15542670532586064,0.6260547361996228,○,#CCCCCC,circle,XS,BDS,1.0,BDS,Extreme-BDS,Thème_8,Unknown,0,Faible,0.16141732283464566,12.833333333333332,0.0009839881217552843,0.594095113279812
SillyPassion7773,○ SillyPassion7773,Auteur,2,0.4308300395256916,5.2257423759762985e-06,0.6372795969773299,0.1070226444620544,0.005106458178527,1,1,1,0,False,False,False,False,False,False,False,False,Regular,Regular,Non-hub,Non-broker,Occasionnel,Monotopic,0.4331492160793081,0.25850011401236533,0.7852030263919616,0.21259102085679785,0.6812038405997068,○,#CCCCCC,circle,S,BDS,1.0,BDS,Extreme-BDS,Thème_5,Unknown,0,Faible,0.6358267716535433,91.75,0.1070226444620544,0.7758054041938826
librePali,○ librePali,Auteur,0,0.2687747035573122,3.233939231930051e-05,0.5776255707762558,0.0079589141320069,0.0041729640395139,1,1,1,0,False,False,False,False,False,False,False,False,Regular,Regular,Non-hub,Non-broker,Occasionnel,Monotopic,0.3704712242827537,0.16127775789131502,0.7852030263919616,0.17489562375543774,0.656132643881085,○,#CCCCCC,circle,XS,BDS,1.0,BDS,Extreme-BDS,Thème_6,Unknown,0,Faible,0.38779527559055116,53.16666666666666,0.007958914132006906,0.6970300404115418
willflameboy,○ willflameboy,Auteur,6,0.0474308300395256,0.0,0.4633699633699634,0.0009194872269079,0.0021050530548811,1,1,1,0,False,False,False,False,False,False,False,False,Regular,Regular,Non-hub,Non-broker,Occasionnel,Monotopic,0.28156722296281933,0.02845849802371536,0.7852030263919616,0.1391948864563706,0.6205710433531113,○,#CCCCCC,circle,XS,BDS,1.0,BDS,Extreme-BDS,Thème_7,Unknown,0,Faible,0.03543307086614173,8.25,0.0009194872269079693,0.568456511798779
Known-Platform1735,○ Known-Platform1735,Auteur,1,0.0197628458498023,2.658120864642605e-06,0.4558558558558558,0.000189319700398,0.0017260632011339,1,1,1,0,False,False,False,False,False,False,False,False,Regular,Regular,Non-hub,Non-broker,Occasionnel,Monotopic,0.27113268227522164,0.011858770758227236,0.7852030263919616,0.13679594975726866,0.6163972270780723,○,#CCCCCC,circle,XS,BDS,1.0,BDS,Extreme-BDS,Thème_3,Unknown,0,Faible,0.005905511811023622,2.75,0.00018931970039805837,0.4266139261142488
ExtHD,○ ExtHD,Auteur,0,0.2687747035573122,3.233939231930051e-05,0.5776255707762558,0.0079589141320069,0.0041729640395139,1,1,1,0,False,False,False,False,False,False,False,False,Regular,Regular,Non-hub,Non-broker,Occasionnel,Monotopic,0.3704712242827537,0.16127775789131502,0.7852030263919616,0.17489562375543774,0.656132643881085,○,#CCCCCC,circle,XS,BDS,1.0,BDS,Extreme-BDS,Thème_6,Unknown,0,Faible,0.38779527559055116,53.16666666666666,0.007958914132006906,0.6970300404115418
ibrahim_D12,○ ibrahim_D12,Auteur,0,0.2687747035573122,3.233939231930051e-05,0.5776255707762558,0.0079589141320069,0.0041729640395139,1,1,0,1,False,False,False,False,False,False,False,False,Regular,Regular,Non-hub,Non-broker,Occasionnel,Monotopic,0.3704712242827537,0.16127775789131502,0.7852030263919616,0.17489562375543774,0.656132643881085,○,#CCCCCC,circle,XS,BoycottIsrael,0.0,BoycottIsrael,,Thème_6,Unknown,0,Faible,0.38779527559055116,53.16666666666666,0.007958914132006906,0.6970300404115418
That-Flamingo9866,○ That-Flamingo9866,Auteur,2,0.4308300395256916,5.2257423759762985e-06,0.6372795969773299,0.1070226444620544,0.005106458178527,1,1,0,1,False,False,False,False,False,False,False,False,Regular,Regular,Non-hub,Non-broker,Occasionnel,Monotopic,0.4331492160793081,0.25850011401236533,0.7852030263919616,0.21259102085679785,0.6812038405997068,○,#CCCCCC,circle,S,BoycottIsrael,0.0,BoycottIsrael,,Thème_5,Unknown,0,Faible,0.6358267716535433,91.75,0.1070226444620544,0.7758054041938826
ConfidenceCareless71,○ ConfidenceCareless71,Auteur,0,0.2687747035573122,3.233939231930051e-05,0.5776255707762558,0.0079589141320069,0.0041729640395139,1,1,0,1,False,False,False,False,False,False,False,False,Regular,Regular,Non-hub,Non-broker,Occasionnel,Monotopic,0.3704712242827537,0.16127775789131502,0.7852030263919616,0.17489562375543774,0.656132643881085,○,#CCCCCC,circle,XS,BoycottIsrael,0.0,BoycottIsrael,,Thème_6,Unknown,0,Faible,0.38779527559055116,53.16666666666666,0.007958914132006906,0.6970300404115418
No_Newspaper_2914,○ No_Newspaper_2914,Auteur,2,0.4308300395256916,5.2257423759762985e-06,0.6372795969773299,0.1070226444620544,0.005106458178527,1,1,0,1,False,False,False,False,False,False,False,False,Regular,Regular,Non-hub,Non-broker,Occasionnel,Monotopic,0.4331492160793081,0.25850011401236533,0.7852030263919616,0.21259102085679785,0.6812038405997068,○,#CCCCCC,circle,S,BoycottIsrael,0.0,BoycottIsrael,,Thème_5,Unknown,0,Faible,0.6358267716535433,91.75,0.1070226444620544,0.7758054041938826
Enough_Credit_8199,⬢ Enough_Credit_8199,Auteur,0,0.3557312252964427,0.0004984006548715,0.5938967136150235,0.0053015863360902,0.0040697150257005,3,2,0,3,False,False,False,True,False,False,False,False,Specialist,Specialist,Non-hub,Non-broker,Actif,Bi-topic,0.5212790726029533,0.2136380954398142,1.5704060527839232,0.17947853167916084,1.1243999373771487,⬢,#0000FF,diamond,S,BoycottIsrael,0.0,BoycottIsrael,,Thème_6;Thème_10,Thème_6,2,Forte,0.8740157480314961,41.62698412698413,0.00530158633609027,0.30708496228563653
Sad_Recognition_6037,○ Sad_Recognition_6037,Auteur,2,0.4308300395256916,5.2257423759762985e-06,0.6372795969773299,0.1070226444620544,0.005106458178527,1,1,0,1,False,False,False,False,False,False,False,False,Regular,Regular,Non-hub,Non-broker,Occasionnel,Monotopic,0.4331492160793081,0.25850011401236533,0.7852030263919616,0.21259102085679785,0.6812038405997068,○,#CCCCCC,circle,S,BoycottIsrael,0.0,BoycottIsrael,,Thème_5,Unknown,0,Faible,0.6358267716535433,91.75,0.1070226444620544,0.7758054041938827
DarkShadow13206,○ DarkShadow13206,Auteur,2,0.4308300395256916,5.2257423759762985e-06,0.6372795969773299,0.1070226444620544,0.005106458178527,1,1,0,1,False,False,False,False,False,False,False,False,Regular,Regular,Non-hub,Non-broker,Occasionnel,Monotopic,0.4331492160793081,0.25850011401236533,0.7852030263919616,0.21259102085679785,0.6812038405997068,○,#CCCCCC,circle,S,BoycottIsrael,0.0,BoycottIsrael,,Thème_5,Unknown,0,Faible,0.6358267716535433,91.75,0.1070226444620544,0.7758054041938827
Miserable-Spinach867,○ Miserable-Spinach867,Auteur,0,0.2687747035573122,3.233939231930051e-05,0.5776255707762558,0.0079589141320069,0.0041729640395139,2,1,0,2,False,False,False,False,False,False,False,False,Regular,Regular,Non-hub,Non-broker,Occasionnel,Monotopic,0.45156424590438665,0.16127775789131502,1.0690286020676767,0.17489562375543774,0.8102093849621875,○,#CCCCCC,circle,XS,BoycottIsrael,0.0,BoycottIsrael,,Thème_6,Unknown,0,Faible,0.7933070866141733,53.16666666666666,0.007958914132006906,0.6970300404115418
Big_Fennel2186,○ Big_Fennel2186,Auteur,0,0.2687747035573122,3.233939231930051e-05,0.5776255707762558,0.0079589141320069,0.0041729640395139,1,1,0,1,False,False,False,False,False,False,False,False,Regular,Regular,Non-hub,Non-broker,Occasionnel,Monotopic,0.3704712242827537,0.16127775789131502,0.7852030263919616,0.17489562375543774,0.656132643881085,○,#CCCCCC,circle,XS,BoycottIsrael,0.0,BoycottIsrael,,Thème_6,Unknown,0,Faible,0.38779527559055116,53.16666666666666,0.007958914132006906,0.6970300404115418
introvertaltsakki,○ introvertaltsakki,Auteur,2,0.4308300395256916,5.2257423759762985e-06,0.6372795969773299,0.1070226444620544,0.005106458178527,1,1,0,1,False,False,False,False,False,False,False,False,Regular,Regular,Non-hub,Non-broker,Occasionnel,Monotopic,0.4331492160793081,0.25850011401236533,0.7852030263919616,0.21259102085679785,0.6812038405997068,○,#CCCCCC,circle,S,BoycottIsrael,0.0,BoycottIsrael,,Thème_5,Unknown,0,Faible,0.6358267716535433,91.75,0.1070226444620544,0.7758054041938823
Jealous-Ad-4838,○ Jealous-Ad-4838,Auteur,2,0.4308300395256916,5.2257423759762985e-06,0.6372795969773299,0.1070226444620544,0.005106458178527,1,1,0,1,False,False,False,False,False,False,False,False,Regular,Regular,Non-hub,Non-broker,Occasionnel,Monotopic,0.4331492160793081,0.25850011401236533,0.7852030263919616,0.21259102085679785,0.6812038405997068,○,#CCCCCC,circle,S,BoycottIsrael,0.0,BoycottIsrael,,Thème_5,Unknown,0,Faible,0.6358267716535433,91.75,0.1070226444620544,0.7758054041938826
urek__mazino_4444,○ urek__mazino_4444,Auteur,3,0.1106719367588932,6.363827699912904e-07,0.4970530451866404,0.0009885243482228,0.0033153360357185,1,1,0,1,False,False,False,False,False,False,False,False,Regular,Regular,Non-hub,Non-broker,Occasionnel,Monotopic,0.30707007759195826,0.06640341660844391,0.7852030263919616,0.14931393661702166,0.6307721852047669,○,#CCCCCC,circle,XS,BoycottIsrael,0.0,BoycottIsrael,,Thème_10,Unknown,0,Faible,0.25393700787401574,22.83333333333333,0.00098852434822287,0.7423881620877425
PandoraHadess,○ PandoraHadess,Auteur,2,0.4308300395256916,5.2257423759762985e-06,0.6372795969773299,0.1070226444620544,0.005106458178527,3,1,0,3,False,False,False,False,False,False,False,False,Regular,Regular,Non-hub,Non-broker,Actif,Monotopic,0.5717786521912972,0.25850011401236533,1.2704060527839234,0.21259102085679785,0.944599769212486,○,#CCCCCC,circle,S,BoycottIsrael,0.0,BoycottIsrael,,Thème_5,Unknown,0,Faible,0.8996062992125984,91.75,0.1070226444620544,0.7758054041938827
Weird-Noise-180,○ Weird-Noise-180,Auteur,2,0.4308300395256916,5.2257423759762985e-06,0.6372795969773299,0.1070226444620544,0.005106458178527,1,1,0,1,False,False,False,False,False,False,False,False,Regular,Regular,Non-hub,Non-broker,Occasionnel,Monotopic,0.4331492160793081,0.25850011401236533,0.7852030263919616,0.21259102085679785,0.6812038405997068,○,#CCCCCC,circle,S,BoycottIsrael,0.0,BoycottIsrael,,Thème_5,Unknown,0,Faible,0.6358267716535433,91.75,0.1070226444620544,0.7758054041938827
Financial_Smile4143,○ Financial_Smile4143,Auteur,0,0.6600790513833992,0.095557453476708,0.7463126843657817,0.0308940485714548,0.0040692836361725,8,4,0,8,False,False,False,False,True,True,False,True,Regular,Regular,Hub,Broker,Très actif,Multi-topic,0.7889932152571888,0.4342704122207227,2.7380572041353535,0.27785134176237947,1.8747646593037415,○,#CCCCCC,circle,M,BoycottIsrael,0.0,BoycottIsrael,,Thème_5;Thème_6;Thème_3;Thème_4,Thème_5,4,Forte,0.9881889763779528,46.56388888888888,0.03089404857145484,0.18649606678526784
ElkNational9973,○ ElkNational9973,Auteur,2,0.4308300395256916,5.2257423759762985e-06,0.6372795969773299,0.1070226444620544,0.005106458178527,1,1,0,1,False,False,False,False,False,False,False,False,Regular,Regular,Non-hub,Non-broker,Occasionnel,Monotopic,0.4331492160793081,0.25850011401236533,0.7852030263919616,0.21259102085679785,0.6812038405997068,○,#CCCCCC,circle,S,BoycottIsrael,0.0,BoycottIsrael,,Thème_5,Unknown,0,Faible,0.6358267716535433,91.75,0.1070226444620544,0.7758054041938826
jodio_hoestar,⬢ jodio_hoestar,Auteur,0,0.2806324110671936,0.000225998026205,0.5776255707762558,0.0051804903614838,0.0030858774948502,2,2,0,2,False,False,False,True,False,False,False,False,Specialist,Specialist,Non-hub,Non-broker,Occasionnel,Bi-topic,0.43576285819131655,0.16846984585079816,1.3690286020676767,0.17443676831827598,1.0038888298769595,⬢,#0000FF,diamond,XS,BoycottIsrael,0.0,BoycottIsrael,,Thème_6;Thème_9,Thème_6,2,Forte,0.7795275590551181,31.9079365079365,0.005180490361483802,0.4031733607431351
Colei_the_weird,○ Colei_the_weird,Auteur,2,0.4308300395256916,5.2257423759762985e-06,0.6372795969773299,0.1070226444620544,0.005106458178527,1,1,0,1,False,False,False,False,False,False,False,False,Regular,Regular,Non-hub,Non-broker,Occasionnel,Monotopic,0.4331492160793081,0.25850011401236533,0.7852030263919616,0.21259102085679785,0.6812038405997068,○,#CCCCCC,circle,S,BoycottIsrael,0.0,BoycottIsrael,,Thème_5,Unknown,0,Faible,0.6358267716535433,91.75,0.1070226444620544,0.7758054041938827
isaboobers,○ isaboobers,Auteur,2,0.4308300395256916,5.2257423759762985e-06,0.6372795969773299,0.1070226444620544,0.005106458178527,1,1,0,1,False,False,False,False,False,False,False,False,Regular,Regular,Non-hub,Non-broker,Occasionnel,Monotopic,0.4331492160793081,0.25850011401236533,0.7852030263919616,0.21259102085679785,0.6812038405997068,○,#CCCCCC,circle,S,BoycottIsrael,0.0,BoycottIsrael,,Thème_5,Unknown,0,Faible,0.6358267716535433,91.75,0.1070226444620544,0.7758054041938827
weirdgurl24,○ weirdgurl24,Auteur,6,0.0790513833992094,8.083864844668388e-05,0.5111111111111111,0.001924438282644,0.0022769104262537,1,1,0,1,False,False,False,False,False,False,False,False,Regular,Regular,Non-hub,Non-broker,Occasionnel,Monotopic,0.2974287410749351,0.047463165498904315,0.7852030263919616,0.15375864031408545,0.6269156505979576,○,#CCCCCC,circle,XS,BoycottIsrael,0.0,BoycottIsrael,,Thème_1,Unknown,0,Faible,0.20078740157480315,12.916666666666668,0.0019244382826440146,0.5434349976393736
-SimpleRicks-,○ -SimpleRicks-,Auteur,5,0.0790513833992094,7.495970228889483e-06,0.4856046065259117,0.0008446485247361,0.0029506820377605,1,1,0,1,False,False,False,False,False,False,False,False,Regular,Regular,Non-hub,Non-broker,Occasionnel,Monotopic,0.2948597549468608,0.047433828427617196,0.7852030263919616,0.14585405964783515,0.6258880561467278,○,#CCCCCC,circle,XS,BoycottIsrael,0.0,BoycottIsrael,,Thème_4,Unknown,0,Faible,0.1141732283464567,16.083333333333332,0.0008446485247361378,0.7180335386417718
shladvic,○ shladvic,Auteur,3,0.1106719367588932,6.363827699912904e-07,0.4970530451866404,0.0009885243482228,0.0033153360357185,1,1,0,1,False,False,False,False,False,False,False,False,Regular,Regular,Non-hub,Non-broker,Occasionnel,Monotopic,0.30707007759195826,0.06640341660844391,0.7852030263919616,0.14931393661702166,0.6307721852047669,○,#CCCCCC,circle,XS,BoycottIsrael,0.0,BoycottIsrael,,Thème_10,Unknown,0,Faible,0.25393700787401574,22.83333333333333,0.00098852434822287,0.7423881620877425
Ok-Divide4719,⬢ Ok-Divide4719,Auteur,2,0.4782608695652173,1.950545428806298e-05,0.6388888888888888,0.0555429218419229,0.0042325625026873,2,2,0,2,False,False,False,True,False,False,False,False,Specialist,Specialist,Non-hub,Non-broker,Occasionnel,Bi-topic,0.511007527333909,0.2869643239208456,1.3690286020676767,0.20278500376219527,1.0339866975339966,⬢,#0000FF,diamond,S,BoycottIsrael,0.0,BoycottIsrael,,Thème_4;Thème_5,Thème_4,2,Forte,0.8307086614173228,56.61904761904763,0.05554292184192298,0.4143006361437212
LofiOcean131,○ LofiOcean131,Auteur,2,0.4308300395256916,5.2257423759762985e-06,0.6372795969773299,0.1070226444620544,0.005106458178527,2,1,0,2,False,False,False,False,False,False,False,False,Regular,Regular,Non-hub,Non-broker,Occasionnel,Monotopic,0.514242237700941,0.25850011401236533,1.0690286020676767,0.21259102085679785,0.8352805816808092,○,#CCCCCC,circle,S,BoycottIsrael,0.0,BoycottIsrael,,Thème_5,Unknown,0,Faible,0.860236220472441,91.75,0.1070226444620544,0.7758054041938827
Ok_Consequence_5756,○ Ok_Consequence_5756,Auteur,6,0.0592885375494071,5.39526231225836e-06,0.4951076320939334,0.0001328982859187,0.0030159568964811,1,1,0,1,False,False,False,False,False,False,False,False,Regular,Regular,Non-hub,Non-broker,Occasionnel,Monotopic,0.28889253627925293,0.03557528063456916,0.7852030263919616,0.1485615669165199,0.6235011686796847,○,#CCCCCC,circle,XS,BoycottIsrael,0.0,BoycottIsrael,,Thème_2,Unknown,0,Faible,0.06692913385826772,11.833333333333334,0.0001328982859187604,0.6918899514811697
Apprehensive-Cut9959,○ Apprehensive-Cut9959,Auteur,2,0.4308300395256916,5.2257423759762985e-06,0.6372795969773299,0.1070226444620544,0.005106458178527,1,1,0,1,False,False,False,False,False,False,False,False,Regular,Regular,Non-hub,Non-broker,Occasionnel,Monotopic,0.4331492160793081,0.25850011401236533,0.7852030263919616,0.21259102085679785,0.6812038405997068,○,#CCCCCC,circle,S,BoycottIsrael,0.0,BoycottIsrael,,Thème_5,Unknown,0,Faible,0.6358267716535433,91.75,0.1070226444620544,0.7758054041938826
Pinkblushdiva,⬢ Pinkblushdiva,Auteur,0,0.6521739130434783,4.527057672786167e-05,0.7419354838709677,0.0619524550299699,0.0052730117854777,2,2,0,2,False,False,False,True,False,False,False,False,Specialist,Specialist,Hub,Non-broker,Occasionnel,Bi-topic,0.5821881933301181,0.3913224560567781,1.3690286020676767,0.23499377145564823,1.0624589639324802,⬢,#0000FF,diamond,M,BoycottIsrael,0.0,BoycottIsrael,,Thème_6;Thème_5,Thème_6,2,Forte,0.9133858267716536,81.57936507936508,0.06195245502996991,0.32800856423583535
johnsmithoncemore,⬢ johnsmithoncemore,Auteur,6,0.1343873517786561,1.6454106672424625e-05,0.5281837160751566,0.0012415224898303,0.0029756853755468,2,2,0,2,False,False,False,True,False,False,False,False,Specialist,Specialist,Non-hub,Non-broker,Occasionnel,Bi-topic,0.3795805159903354,0.08063899270986262,1.3690286020676767,0.15871164637384924,0.9814158929965671,⬢,#0000FF,diamond,XS,BoycottIsrael,0.0,BoycottIsrael,,Thème_2;Thème_1,Thème_2,2,Forte,0.48031496062992124,14.82936507936508,0.0012415224898303396,0.234689936673723
Dangermouse0214,○ Dangermouse0214,Auteur,6,0.0790513833992094,8.083864844668388e-05,0.5111111111111111,0.001924438282644,0.0022769104262537,1,1,0,1,False,False,False,False,False,False,False,False,Regular,Regular,Non-hub,Non-broker,Occasionnel,Monotopic,0.2974287410749351,0.047463165498904315,0.7852030263919616,0.15375864031408545,0.6269156505979576,○,#CCCCCC,circle,XS,BoycottIsrael,0.0,BoycottIsrael,,Thème_1,Unknown,0,Faible,0.20078740157480315,12.916666666666668,0.0019244382826440146,0.5434349976393734
Novel_Bass6032,○ Novel_Bass6032,Auteur,5,0.0711462450592885,3.0367550258508547e-05,0.5173824130879345,0.0009839881217552,0.0025601847586136,1,1,0,1,False,False,False,False,False,False,False,False,Regular,Regular,Non-hub,Non-broker,Occasionnel,Monotopic,0.2952764550790981,0.0426998940556765,0.7852030263919616,0.15542670532586064,0.6260547361996228,○,#CCCCCC,circle,XS,BoycottIsrael,0.0,BoycottIsrael,,Thème_8,Unknown,0,Faible,0.16141732283464566,12.833333333333332,0.0009839881217552843,0.594095113279812
Ridussey,○ Ridussey,Auteur,2,0.4308300395256916,5.2257423759762985e-06,0.6372795969773299,0.1070226444620544,0.005106458178527,1,1,0,1,False,False,False,False,False,False,False,False,Regular,Regular,Non-hub,Non-broker,Occasionnel,Monotopic,0.4331492160793081,0.25850011401236533,0.7852030263919616,0.21259102085679785,0.6812038405997068,○,#CCCCCC,circle,S,BoycottIsrael,0.0,BoycottIsrael,,Thème_5,Unknown,0,Faible,0.6358267716535433,91.75,0.1070226444620544,0.7758054041938827
Away-Lavishness-3805,○ Away-Lavishness-3805,Auteur,2,0.4308300395256916,5.2257423759762985e-06,0.6372795969773299,0.1070226444620544,0.005106458178527,1,1,0,1,False,False,False,False,False,False,False,False,Regular,Regular,Non-hub,Non-broker,Occasionnel,Monotopic,0.4331492160793081,0.25850011401236533,0.7852030263919616,0.21259102085679785,0.6812038405997068,○,#CCCCCC,circle,S,BoycottIsrael,0.0,BoycottIsrael,,Thème_5,Unknown,0,Faible,0.6358267716535433,91.75,0.1070226444620544,0.7758054041938827
winter_in_eden,○ winter_in_eden,Auteur,2,0.4308300395256916,5.2257423759762985e-06,0.6372795969773299,0.1070226444620544,0.005106458178527,1,1,0,1,False,False,False,False,False,False,False,False,Regular,Regular,Non-hub,Non-broker,Occasionnel,Monotopic,0.4331492160793081,0.25850011401236533,0.7852030263919616,0.21259102085679785,0.6812038405997068,○,#CCCCCC,circle,S,BoycottIsrael,0.0,BoycottIsrael,,Thème_5,Unknown,0,Faible,0.6358267716535433,91.75,0.1070226444620544,0.7758054041938826
Asinead666,○ Asinead666,Auteur,2,0.4308300395256916,5.2257423759762985e-06,0.6372795969773299,0.1070226444620544,0.005106458178527,1,1,0,1,False,False,False,False,False,False,False,False,Regular,Regular,Non-hub,Non-broker,Occasionnel,Monotopic,0.4331492160793081,0.25850011401236533,0.7852030263919616,0.21259102085679785,0.6812038405997068,○,#CCCCCC,circle,S,BoycottIsrael,0.0,BoycottIsrael,,Thème_5,Unknown,0,Faible,0.6358267716535433,91.75,0.1070226444620544,0.7758054041938827
calombia,○ calombia,Auteur,5,0.0790513833992094,7.495970228889483e-06,0.4856046065259117,0.0008446485247361,0.0029506820377605,1,1,0,1,False,False,False,False,False,False,False,False,Regular,Regular,Non-hub,Non-broker,Occasionnel,Monotopic,0.2948597549468608,0.047433828427617196,0.7852030263919616,0.14585405964783515,0.6258880561467278,○,#CCCCCC,circle,XS,BoycottIsrael,0.0,BoycottIsrael,,Thème_4,Unknown,0,Faible,0.1141732283464567,16.083333333333332,0.0008446485247361378,0.7180335386417718
SnooOwls4954,○ SnooOwls4954,Auteur,2,0.4308300395256916,5.2257423759762985e-06,0.6372795969773299,0.1070226444620544,0.005106458178527,1,1,0,1,False,False,False,False,False,False,False,False,Regular,Regular,Non-hub,Non-broker,Occasionnel,Monotopic,0.4331492160793081,0.25850011401236533,0.7852030263919616,0.21259102085679785,0.6812038405997068,○,#CCCCCC,circle,S,BoycottIsrael,0.0,BoycottIsrael,,Thème_5,Unknown,0,Faible,0.6358267716535433,91.75,0.1070226444620544,0.7758054041938827
Margiethecat,○ Margiethecat,Auteur,2,0.4308300395256916,5.2257423759762985e-06,0.6372795969773299,0.1070226444620544,0.005106458178527,1,1,0,1,False,False,False,False,False,False,False,False,Regular,Regular,Non-hub,Non-broker,Occasionnel,Monotopic,0.4331492160793081,0.25850011401236533,0.7852030263919616,0.21259102085679785,0.6812038405997068,○,#CCCCCC,circle,S,BoycottIsrael,0.0,BoycottIsrael,,Thème_5,Unknown,0,Faible,0.6358267716535433,91.75,0.1070226444620544,0.7758054041938827
BlackberryIcy2214,○ BlackberryIcy2214,Auteur,6,0.0592885375494071,5.39526231225836e-06,0.4951076320939334,0.0001328982859187,0.0030159568964811,1,1,0,1,False,False,False,False,False,False,False,False,Regular,Regular,Non-hub,Non-broker,Occasionnel,Monotopic,0.28889253627925293,0.03557528063456916,0.7852030263919616,0.1485615669165199,0.6235011686796847,○,#CCCCCC,circle,XS,BoycottIsrael,0.0,BoycottIsrael,,Thème_2,Unknown,0,Faible,0.06692913385826772,11.833333333333334,0.00013289828591876037,0.6918899514811697
Able_Compote6571,⬤ Able_Compote6571,Auteur,0,0.7114624505928854,0.1125007095503989,0.7760736196319018,0.0316005912191053,0.0043346782883752,12,4,0,12,True,True,True,False,True,True,False,True,Hub-Broker,Hub-Broker-Contributor,Super-hub,Super-broker,Très actif,Multi-topic,0.8877342685506071,0.4718777541758908,2.9954645502230752,0.29539255890859106,2.024578514658704,⬤,#FF0000,circle,L,BoycottIsrael,0.0,BoycottIsrael,,Thème_4;Thème_5;Thème_6;Thème_8,Thème_4,4,Forte,1.0,50.53928571428571,0.03160059121910537,0.16972870894162667
pickl3dguava,○ pickl3dguava,Auteur,2,0.4308300395256916,5.2257423759762985e-06,0.6372795969773299,0.1070226444620544,0.005106458178527,1,1,0,1,False,False,False,False,False,False,False,False,Regular,Regular,Non-hub,Non-broker,Occasionnel,Monotopic,0.4331492160793081,0.25850011401236533,0.7852030263919616,0.21259102085679785,0.6812038405997068,○,#CCCCCC,circle,S,BoycottIsrael,0.0,BoycottIsrael,,Thème_5,Unknown,0,Faible,0.6358267716535433,91.75,0.1070226444620544,0.7758054041938827
CopiousCool,⬢ CopiousCool,Auteur,0,0.6996047430830039,0.0218619946880816,0.7689969604863222,0.0435756143811142,0.0047088371930407,5,3,0,5,False,False,False,True,True,False,False,False,Specialist,Specialist,Hub,Petit-broker,Actif,Tri-topic,0.725578748645315,0.42850764372503497,2.1542316284596383,0.25034520836616025,1.5277593402265426,⬢,#0000FF,diamond,M,BoycottIsrael,0.0,BoycottIsrael,,Thème_5;Thème_6;Thème_1,Thème_5,3,Forte,0.968503937007874,63.4523809523811,0.043575614381114285,0.23173114664315123
butterflyfrenchfry,○ butterflyfrenchfry,Auteur,2,0.4308300395256916,5.2257423759762985e-06,0.6372795969773299,0.1070226444620544,0.005106458178527,1,1,0,1,False,False,False,False,False,False,False,False,Regular,Regular,Non-hub,Non-broker,Occasionnel,Monotopic,0.4331492160793081,0.25850011401236533,0.7852030263919616,0.21259102085679785,0.6812038405997068,○,#CCCCCC,circle,S,BoycottIsrael,0.0,BoycottIsrael,,Thème_5,Unknown,0,Faible,0.6358267716535433,91.75,0.1070226444620544,0.7758054041938827
Psychological-Gear78,○ Psychological-Gear78,Auteur,5,0.0790513833992094,7.495970228889483e-06,0.4856046065259117,0.0008446485247361,0.0029506820377605,1,1,0,1,False,False,False,False,False,False,False,False,Regular,Regular,Non-hub,Non-broker,Occasionnel,Monotopic,0.2948597549468608,0.047433828427617196,0.7852030263919616,0.14585405964783515,0.6258880561467278,○,#CCCCCC,circle,XS,BoycottIsrael,0.0,BoycottIsrael,,Thème_4,Unknown,0,Faible,0.1141732283464567,16.083333333333332,0.0008446485247361378,0.7180335386417718
littleeeloveee,○ littleeeloveee,Auteur,3,0.1106719367588932,6.363827699912904e-07,0.4970530451866404,0.0009885243482228,0.0033153360357185,1,1,0,1,False,False,False,False,False,False,False,False,Regular,Regular,Non-hub,Non-broker,Occasionnel,Monotopic,0.30707007759195826,0.06640341660844391,0.7852030263919616,0.14931393661702166,0.6307721852047669,○,#CCCCCC,circle,XS,BoycottIsrael,0.0,BoycottIsrael,,Thème_10,Unknown,0,Faible,0.25393700787401574,22.83333333333333,0.00098852434822287,0.7423881620877424
Effective_Nothing519,○ Effective_Nothing519,Auteur,2,0.4308300395256916,5.2257423759762985e-06,0.6372795969773299,0.1070226444620544,0.005106458178527,1,1,0,1,False,False,False,False,False,False,False,False,Regular,Regular,Non-hub,Non-broker,Occasionnel,Monotopic,0.4331492160793081,0.25850011401236533,0.7852030263919616,0.21259102085679785,0.6812038405997068,○,#CCCCCC,circle,S,BoycottIsrael,0.0,BoycottIsrael,,Thème_5,Unknown,0,Faible,0.6358267716535433,91.75,0.1070226444620544,0.7758054041938827
CryingInTheGrass,○ CryingInTheGrass,Auteur,3,0.1106719367588932,6.363827699912904e-07,0.4970530451866404,0.0009885243482228,0.0033153360357185,1,1,0,1,False,False,False,False,False,False,False,False,Regular,Regular,Non-hub,Non-broker,Occasionnel,Monotopic,0.30707007759195826,0.06640341660844391,0.7852030263919616,0.14931393661702166,0.6307721852047669,○,#CCCCCC,circle,XS,BoycottIsrael,0.0,BoycottIsrael,,Thème_10,Unknown,0,Faible,0.25393700787401574,22.83333333333333,0.00098852434822287,0.7423881620877425
Kekeegan,○ Kekeegan,Auteur,2,0.4308300395256916,5.2257423759762985e-06,0.6372795969773299,0.1070226444620544,0.005106458178527,1,1,0,1,False,False,False,False,False,False,False,False,Regular,Regular,Non-hub,Non-broker,Occasionnel,Monotopic,0.4331492160793081,0.25850011401236533,0.7852030263919616,0.21259102085679785,0.6812038405997068,○,#CCCCCC,circle,S,BoycottIsrael,0.0,BoycottIsrael,,Thème_5,Unknown,0,Faible,0.6358267716535433,91.75,0.1070226444620544,0.7758054041938827
Rich_Ask3503,○ Rich_Ask3503,Auteur,4,0.0355731225296442,0.0,0.4517857142857143,0.0011653935201975,0.0014142955354549,1,1,0,1,False,False,False,False,False,False,False,False,Regular,Regular,Non-hub,Non-broker,Occasionnel,Monotopic,0.276258600425936,0.02134387351778652,0.7852030263919616,0.13576879298975378,0.6184475943383579,○,#CCCCCC,circle,XS,BoycottIsrael,0.0,BoycottIsrael,,Thème_9,Unknown,0,Faible,0.017716535433070866,5.583333333333333,0.0011653935201975214,0.5506278207147606
aym0_0n,○ aym0_0n,Auteur,2,0.4308300395256916,5.2257423759762985e-06,0.6372795969773299,0.1070226444620544,0.005106458178527,1,1,0,1,False,False,False,False,False,False,False,False,Regular,Regular,Non-hub,Non-broker,Occasionnel,Monotopic,0.4331492160793081,0.25850011401236533,0.7852030263919616,0.21259102085679785,0.6812038405997068,○,#CCCCCC,circle,S,BoycottIsrael,0.0,BoycottIsrael,,Thème_5,Unknown,0,Faible,0.6358267716535433,91.75,0.1070226444620544,0.7758054041938827
Beneficial-Network91,⬢ Beneficial-Network91,Auteur,2,0.450592885375494,1.7149917746162612e-05,0.6231527093596059,0.0557395311664031,0.0038864859096475,2,2,0,2,False,False,False,True,False,False,False,False,Specialist,Specialist,Non-hub,Non-broker,Occasionnel,Bi-topic,0.499749526030442,0.27036259119239486,1.3690286020676767,0.19810229400003546,1.0294834970126097,⬢,#0000FF,diamond,S,BoycottIsrael,0.0,BoycottIsrael,,Thème_5;Thème_7,Thème_5,2,Forte,0.8169291338582677,53.091269841269856,0.05573953116640316,0.45873329421695647
Squidieyy,○ Squidieyy,Auteur,0,0.2687747035573122,3.233939231930051e-05,0.5776255707762558,0.0079589141320069,0.0041729640395139,1,1,0,1,False,False,False,False,False,False,False,False,Regular,Regular,Non-hub,Non-broker,Occasionnel,Monotopic,0.3704712242827537,0.16127775789131502,0.7852030263919616,0.17489562375543774,0.656132643881085,○,#CCCCCC,circle,XS,BoycottIsrael,0.0,BoycottIsrael,,Thème_6,Unknown,0,Faible,0.38779527559055116,53.16666666666666,0.007958914132006906,0.6970300404115418
tyuptyupolpolp,⬢ tyuptyupolpolp,Auteur,3,0.525691699604743,0.0002748182700436,0.6728723404255319,0.0556866552529556,0.0045494310505193,2,2,0,2,False,False,False,True,False,False,False,False,Specialist,Specialist,Semi-hub,Non-broker,Occasionnel,Bi-topic,0.5310704912053461,0.31552494707086326,1.3690286020676767,0.21313644231327247,1.0420118830825713,⬢,#0000FF,diamond,M,BoycottIsrael,0.0,BoycottIsrael,,Thème_10;Thème_5,Thème_10,2,Forte,0.8779527559055118,61.293650793650805,0.05568665525295561,0.35837750360152765
Hopeful_Worth315,○ Hopeful_Worth315,Auteur,2,0.4308300395256916,5.2257423759762985e-06,0.6372795969773299,0.1070226444620544,0.005106458178527,1,1,0,1,False,False,False,False,False,False,False,False,Regular,Regular,Non-hub,Non-broker,Occasionnel,Monotopic,0.4331492160793081,0.25850011401236533,0.7852030263919616,0.21259102085679785,0.6812038405997068,○,#CCCCCC,circle,S,BoycottIsrael,0.0,BoycottIsrael,,Thème_5,Unknown,0,Faible,0.6358267716535433,91.75,0.1070226444620544,0.7758054041938827
palilibre,⬢ palilibre,Auteur,0,0.6521739130434783,4.527057672786167e-05,0.7419354838709677,0.0619524550299699,0.0052730117854777,2,2,0,2,False,False,False,True,False,False,False,False,Specialist,Specialist,Hub,Non-broker,Occasionnel,Bi-topic,0.5821881933301181,0.3913224560567781,1.3690286020676767,0.23499377145564823,1.0624589639324802,⬢,#0000FF,diamond,M,BoycottIsrael,0.0,BoycottIsrael,,Thème_6;Thème_5,Thème_6,2,Forte,0.9133858267716536,81.57936507936508,0.06195245502996991,0.3280085642358354
VISlONSOFALIFE,○ VISlONSOFALIFE,Auteur,2,0.4308300395256916,5.2257423759762985e-06,0.6372795969773299,0.1070226444620544,0.005106458178527,1,1,0,1,False,False,False,False,False,False,False,False,Regular,Regular,Non-hub,Non-broker,Occasionnel,Monotopic,0.4331492160793081,0.25850011401236533,0.7852030263919616,0.21259102085679785,0.6812038405997068,○,#CCCCCC,circle,S,BoycottIsrael,0.0,BoycottIsrael,,Thème_5,Unknown,0,Faible,0.6358267716535433,91.75,0.1070226444620544,0.7758054041938827
Wolf4612,⬢ Wolf4612,Auteur,6,0.1146245059288537,0.0002254324425536,0.496078431372549,0.0016520767540804,0.0024071954623542,2,2,0,2,False,False,False,True,False,False,False,False,Specialist,Specialist,Non-hub,Non-broker,Occasionnel,Bi-topic,0.36950523605661406,0.06886487653433365,1.3690286020676767,0.14926666098385755,0.9773857810230785,⬢,#0000FF,diamond,XS,BoycottIsrael,0.0,BoycottIsrael,,Thème_7;Thème_1,Thème_7,2,Forte,0.3031496062992126,12.074603174603176,0.0016520767540804749,0.22891523948133566
Sp1dderxyz,○ Sp1dderxyz,Auteur,2,0.4308300395256916,5.2257423759762985e-06,0.6372795969773299,0.1070226444620544,0.005106458178527,1,1,0,1,False,False,False,False,False,False,False,False,Regular,Regular,Non-hub,Non-broker,Occasionnel,Monotopic,0.4331492160793081,0.25850011401236533,0.7852030263919616,0.21259102085679785,0.6812038405997068,○,#CCCCCC,circle,S,BoycottIsrael,0.0,BoycottIsrael,,Thème_5,Unknown,0,Faible,0.6358267716535433,91.75,0.1070226444620544,0.7758054041938827
Responsible-Term4482,○ Responsible-Term4482,Auteur,0,0.2687747035573122,3.233939231930051e-05,0.5776255707762558,0.0079589141320069,0.0041729640395139,1,1,0,1,False,False,False,False,False,False,False,False,Regular,Regular,Non-hub,Non-broker,Occasionnel,Monotopic,0.3704712242827537,0.16127775789131502,0.7852030263919616,0.17489562375543774,0.656132643881085,○,#CCCCCC,circle,XS,BoycottIsrael,0.0,BoycottIsrael,,Thème_6,Unknown,0,Faible,0.38779527559055116,53.16666666666666,0.007958914132006906,0.6970300404115418
SylviaPlathsDaughter,○ SylviaPlathsDaughter,Auteur,6,0.0592885375494071,5.39526231225836e-06,0.4951076320939334,0.0001328982859187,0.0030159568964811,1,1,0,1,False,False,False,False,False,False,False,False,Regular,Regular,Non-hub,Non-broker,Occasionnel,Monotopic,0.28889253627925293,0.03557528063456916,0.7852030263919616,0.1485615669165199,0.6235011686796847,○,#CCCCCC,circle,XS,BoycottIsrael,0.0,BoycottIsrael,,Thème_2,Unknown,0,Faible,0.06692913385826772,11.833333333333334,0.00013289828591876037,0.6918899514811697
comrade-sunflower,○ comrade-sunflower,Auteur,5,0.0711462450592885,3.0367550258508547e-05,0.5173824130879345,0.0009839881217552,0.0025601847586136,1,1,0,1,False,False,False,False,False,False,False,False,Regular,Regular,Non-hub,Non-broker,Occasionnel,Monotopic,0.2952764550790981,0.0426998940556765,0.7852030263919616,0.15542670532586064,0.6260547361996228,○,#CCCCCC,circle,XS,BoycottIsrael,0.0,BoycottIsrael,,Thème_8,Unknown,0,Faible,0.16141732283464566,12.833333333333332,0.0009839881217552843,0.594095113279812
cats_and_coffee15,○ cats_and_coffee15,Auteur,2,0.4308300395256916,5.2257423759762985e-06,0.6372795969773299,0.1070226444620544,0.005106458178527,1,1,0,1,False,False,False,False,False,False,False,False,Regular,Regular,Non-hub,Non-broker,Occasionnel,Monotopic,0.4331492160793081,0.25850011401236533,0.7852030263919616,0.21259102085679785,0.6812038405997068,○,#CCCCCC,circle,S,BoycottIsrael,0.0,BoycottIsrael,,Thème_5,Unknown,0,Faible,0.6358267716535433,91.75,0.1070226444620544,0.7758054041938827
walkyslaysh,○ walkyslaysh,Auteur,3,0.1106719367588932,6.363827699912904e-07,0.4970530451866404,0.0009885243482228,0.0033153360357185,1,1,0,1,False,False,False,False,False,False,False,False,Regular,Regular,Non-hub,Non-broker,Occasionnel,Monotopic,0.30707007759195826,0.06640341660844391,0.7852030263919616,0.14931393661702166,0.6307721852047669,○,#CCCCCC,circle,XS,BoycottIsrael,0.0,BoycottIsrael,,Thème_10,Unknown,0,Faible,0.25393700787401574,22.83333333333333,0.00098852434822287,0.7423881620877425
hanandmeow,○ hanandmeow,Auteur,3,0.1106719367588932,6.363827699912904e-07,0.4970530451866404,0.0009885243482228,0.0033153360357185,1,1,0,1,False,False,False,False,False,False,False,False,Regular,Regular,Non-hub,Non-broker,Occasionnel,Monotopic,0.30707007759195826,0.06640341660844391,0.7852030263919616,0.14931393661702166,0.6307721852047669,○,#CCCCCC,circle,XS,BoycottIsrael,0.0,BoycottIsrael,,Thème_10,Unknown,0,Faible,0.25393700787401574,22.83333333333333,0.00098852434822287,0.7423881620877425
Amoonthedollygirl,○ Amoonthedollygirl,Auteur,5,0.0790513833992094,7.495970228889483e-06,0.4856046065259117,0.0008446485247361,0.0029506820377605,1,1,0,1,False,False,False,False,False,False,False,False,Regular,Regular,Non-hub,Non-broker,Occasionnel,Monotopic,0.2948597549468608,0.047433828427617196,0.7852030263919616,0.14585405964783515,0.6258880561467278,○,#CCCCCC,circle,XS,BoycottIsrael,0.0,BoycottIsrael,,Thème_4,Unknown,0,Faible,0.1141732283464567,16.083333333333332,0.0008446485247361378,0.7180335386417718
Ambitious-Narwhal158,⬢ Ambitious-Narwhal158,Auteur,2,0.4782608695652173,3.587017456165752e-05,0.6340852130325815,0.0558107691570047,0.0041416661329824,2,2,0,2,False,False,False,True,False,False,False,False,Specialist,Specialist,Non-hub,Non-broker,Occasionnel,Bi-topic,0.5105312509283466,0.28697086980895503,1.3690286020676767,0.20140565282845618,1.0337961869717716,⬢,#0000FF,diamond,S,BoycottIsrael,0.0,BoycottIsrael,,Thème_8;Thème_5,Thème_8,2,Forte,0.8248031496062992,55.96031746031748,0.055810769157004794,0.41398893667155906
SamZ025,○ SamZ025,Auteur,5,0.0790513833992094,7.495970228889483e-06,0.4856046065259117,0.0008446485247361,0.0029506820377605,1,1,0,1,False,False,False,False,False,False,False,False,Regular,Regular,Non-hub,Non-broker,Occasionnel,Monotopic,0.2948597549468608,0.047433828427617196,0.7852030263919616,0.14585405964783515,0.6258880561467278,○,#CCCCCC,circle,XS,BoycottIsrael,0.0,BoycottIsrael,,Thème_4,Unknown,0,Faible,0.1141732283464567,16.083333333333332,0.0008446485247361378,0.7180335386417718
Unfair_Enthusiasm696,○ Unfair_Enthusiasm696,Auteur,0,0.2687747035573122,3.233939231930051e-05,0.5776255707762558,0.0079589141320069,0.0041729640395139,1,1,0,1,False,False,False,False,False,False,False,False,Regular,Regular,Non-hub,Non-broker,Occasionnel,Monotopic,0.3704712242827537,0.16127775789131502,0.7852030263919616,0.17489562375543774,0.656132643881085,○,#CCCCCC,circle,XS,BoycottIsrael,0.0,BoycottIsrael,,Thème_6,Unknown,0,Faible,0.38779527559055116,53.16666666666666,0.007958914132006906,0.6970300404115418
peachemistry,○ peachemistry,Auteur,2,0.4308300395256916,5.2257423759762985e-06,0.6372795969773299,0.1070226444620544,0.005106458178527,1,1,0,1,False,False,False,False,False,False,False,False,Regular,Regular,Non-hub,Non-broker,Occasionnel,Monotopic,0.4331492160793081,0.25850011401236533,0.7852030263919616,0.21259102085679785,0.6812038405997068,○,#CCCCCC,circle,S,BoycottIsrael,0.0,BoycottIsrael,,Thème_5,Unknown,0,Faible,0.6358267716535433,91.75,0.1070226444620544,0.7758054041938827
Ok-Bicycle-12345,○ Ok-Bicycle-12345,Auteur,0,0.2687747035573122,3.233939231930051e-05,0.5776255707762558,0.0079589141320069,0.0041729640395139,1,1,0,1,False,False,False,False,False,False,False,False,Regular,Regular,Non-hub,Non-broker,Occasionnel,Monotopic,0.3704712242827537,0.16127775789131502,0.7852030263919616,0.17489562375543774,0.656132643881085,○,#CCCCCC,circle,XS,BoycottIsrael,0.0,BoycottIsrael,,Thème_6,Unknown,0,Faible,0.38779527559055116,53.16666666666666,0.007958914132006906,0.6970300404115418
ComfortableJello508,○ ComfortableJello508,Auteur,0,0.2687747035573122,3.233939231930051e-05,0.5776255707762558,0.0079589141320069,0.0041729640395139,1,1,0,1,False,False,False,False,False,False,False,False,Regular,Regular,Non-hub,Non-broker,Occasionnel,Monotopic,0.3704712242827537,0.16127775789131502,0.7852030263919616,0.17489562375543774,0.656132643881085,○,#CCCCCC,circle,XS,BoycottIsrael,0.0,BoycottIsrael,,Thème_6,Unknown,0,Faible,0.38779527559055116,53.16666666666666,0.007958914132006906,0.6970300404115418
GermanLetsKotz,○ GermanLetsKotz,Auteur,5,0.0711462450592885,3.0367550258508547e-05,0.5173824130879345,0.0009839881217552,0.0025601847586136,1,1,0,1,False,False,False,False,False,False,False,False,Regular,Regular,Non-hub,Non-broker,Occasionnel,Monotopic,0.2952764550790981,0.0426998940556765,0.7852030263919616,0.15542670532586064,0.6260547361996228,○,#CCCCCC,circle,XS,BoycottIsrael,0.0,BoycottIsrael,,Thème_8,Unknown,0,Faible,0.16141732283464566,12.833333333333332,0.0009839881217552843,0.594095113279812
KrackalackinKraken,○ KrackalackinKraken,Auteur,3,0.1106719367588932,6.363827699912904e-07,0.4970530451866404,0.0009885243482228,0.0033153360357185,1,1,0,1,False,False,False,False,False,False,False,False,Regular,Regular,Non-hub,Non-broker,Occasionnel,Monotopic,0.30707007759195826,0.06640341660844391,0.7852030263919616,0.14931393661702166,0.6307721852047669,○,#CCCCCC,circle,XS,BoycottIsrael,0.0,BoycottIsrael,,Thème_10,Unknown,0,Faible,0.25393700787401574,22.83333333333333,0.00098852434822287,0.7423881620877425
SystemNo524,○ SystemNo524,Auteur,3,0.1106719367588932,6.363827699912904e-07,0.4970530451866404,0.0009885243482228,0.0033153360357185,1,1,0,1,False,False,False,False,False,False,False,False,Regular,Regular,Non-hub,Non-broker,Occasionnel,Monotopic,0.30707007759195826,0.06640341660844391,0.7852030263919616,0.14931393661702166,0.6307721852047669,○,#CCCCCC,circle,XS,BoycottIsrael,0.0,BoycottIsrael,,Thème_10,Unknown,0,Faible,0.25393700787401574,22.83333333333333,0.00098852434822287,0.7423881620877425
FlabbyShabby,○ FlabbyShabby,Auteur,0,0.2687747035573122,3.233939231930051e-05,0.5776255707762558,0.0079589141320069,0.0041729640395139,1,1,0,1,False,False,False,False,False,False,False,False,Regular,Regular,Non-hub,Non-broker,Occasionnel,Monotopic,0.3704712242827537,0.16127775789131502,0.7852030263919616,0.17489562375543774,0.656132643881085,○,#CCCCCC,circle,XS,BoycottIsrael,0.0,BoycottIsrael,,Thème_6,Unknown,0,Faible,0.38779527559055116,53.16666666666666,0.007958914132006906,0.6970300404115418
Justarandomguy-fuck,○ Justarandomguy-fuck,Auteur,0,0.2687747035573122,3.233939231930051e-05,0.5776255707762558,0.0079589141320069,0.0041729640395139,1,1,0,1,False,False,False,False,False,False,False,False,Regular,Regular,Non-hub,Non-broker,Occasionnel,Monotopic,0.3704712242827537,0.16127775789131502,0.7852030263919616,0.17489562375543774,0.656132643881085,○,#CCCCCC,circle,XS,BoycottIsrael,0.0,BoycottIsrael,,Thème_6,Unknown,0,Faible,0.38779527559055116,53.16666666666666,0.007958914132006906,0.6970300404115418
_maeverie,○ _maeverie,Auteur,6,0.0592885375494071,5.39526231225836e-06,0.4951076320939334,0.0001328982859187,0.0030159568964811,1,1,0,1,False,False,False,False,False,False,False,False,Regular,Regular,Non-hub,Non-broker,Occasionnel,Monotopic,0.28889253627925293,0.03557528063456916,0.7852030263919616,0.1485615669165199,0.6235011686796847,○,#CCCCCC,circle,XS,BoycottIsrael,0.0,BoycottIsrael,,Thème_2,Unknown,0,Faible,0.06692913385826772,11.833333333333334,0.00013289828591876037,0.6918899514811697
thatsjustarandomname,○ thatsjustarandomname,Auteur,2,0.4308300395256916,5.2257423759762985e-06,0.6372795969773299,0.1070226444620544,0.005106458178527,1,1,0,1,False,False,False,False,False,False,False,False,Regular,Regular,Non-hub,Non-broker,Occasionnel,Monotopic,0.4331492160793081,0.25850011401236533,0.7852030263919616,0.21259102085679785,0.6812038405997068,○,#CCCCCC,circle,S,BoycottIsrael,0.0,BoycottIsrael,,Thème_5,Unknown,0,Faible,0.6358267716535433,91.75,0.1070226444620544,0.7758054041938827
Fit_Fisherman_3317,○ Fit_Fisherman_3317,Auteur,6,0.0474308300395256,0.0,0.4633699633699634,0.0009194872269079,0.0021050530548811,2,1,0,2,False,False,False,False,False,False,False,False,Regular,Regular,Non-hub,Non-broker,Occasionnel,Monotopic,0.3626602445844523,0.02845849802371536,1.0690286020676767,0.1391948864563706,0.7746477844342138,○,#CCCCCC,circle,XS,BoycottIsrael,0.0,BoycottIsrael,,Thème_7,Unknown,0,Faible,0.297244094488189,8.25,0.0009194872269079694,0.5684565117987789
ResearchWorking3402,○ ResearchWorking3402,Auteur,5,0.0790513833992094,7.495970228889483e-06,0.4856046065259117,0.0008446485247361,0.0029506820377605,2,1,0,2,False,False,False,False,False,False,False,False,Regular,Regular,Non-hub,Non-broker,Occasionnel,Monotopic,0.3759527765684937,0.047433828427617196,1.0690286020676767,0.14585405964783515,0.7799647972278304,○,#CCCCCC,circle,XS,BoycottIsrael,0.0,BoycottIsrael,,Thème_4,Unknown,0,Faible,0.4744094488188976,16.083333333333332,0.0008446485247361378,0.7180335386417718
Late-Test2209,○ Late-Test2209,Auteur,0,0.2687747035573122,3.233939231930051e-05,0.5776255707762558,0.0079589141320069,0.0041729640395139,1,1,0,1,False,False,False,False,False,False,False,False,Regular,Regular,Non-hub,Non-broker,Occasionnel,Monotopic,0.3704712242827537,0.16127775789131502,0.7852030263919616,0.17489562375543774,0.656132643881085,○,#CCCCCC,circle,XS,BoycottIsrael,0.0,BoycottIsrael,,Thème_6,Unknown,0,Faible,0.38779527559055116,53.16666666666666,0.007958914132006906,0.6970300404115418
ElectricalChance3664,⬢ ElectricalChance3664,Auteur,0,0.375494071146245,0.0134653993349645,0.6155717761557178,0.0043120987979424,0.0037501425796765,3,3,0,3,False,False,False,True,False,False,False,False,Specialist,Specialist,Non-hub,Non-broker,Actif,Tri-topic,0.5136053245744767,0.23068260242173277,1.8704060527839232,0.19226665227378606,1.321330438165758,⬢,#0000FF,diamond,S,BoycottIsrael,0.0,BoycottIsrael,,Thème_6;Thème_2;Thème_1,Thème_6,3,Forte,0.8346456692913385,31.17142857142854,0.0043120987979424485,0.2023265171804902
OkShelter6459,○ OkShelter6459,Auteur,6,0.0474308300395256,0.0,0.4633699633699634,0.0009194872269079,0.0021050530548811,1,1,0,1,False,False,False,False,False,False,False,False,Regular,Regular,Non-hub,Non-broker,Occasionnel,Monotopic,0.28156722296281933,0.02845849802371536,0.7852030263919616,0.1391948864563706,0.6205710433531113,○,#CCCCCC,circle,XS,BoycottIsrael,0.0,BoycottIsrael,,Thème_7,Unknown,0,Faible,0.03543307086614173,8.25,0.0009194872269079694,0.5684565117987789
MrLabbrow,○ MrLabbrow,Auteur,0,0.2687747035573122,3.233939231930051e-05,0.5776255707762558,0.0079589141320069,0.0041729640395139,1,1,0,1,False,False,False,False,False,False,False,False,Regular,Regular,Non-hub,Non-broker,Occasionnel,Monotopic,0.3704712242827537,0.16127775789131502,0.7852030263919616,0.17489562375543774,0.656132643881085,○,#CCCCCC,circle,XS,BoycottIsrael,0.0,BoycottIsrael,,Thème_6,Unknown,0,Faible,0.38779527559055116,53.16666666666666,0.007958914132006906,0.6970300404115418
Akram-Brahimi,⬢ Akram-Brahimi,Auteur,2,0.4387351778656126,3.0304993800689555e-05,0.6185819070904646,0.0560070784132011,0.0035543320150575,4,2,0,4,False,False,False,True,False,False,False,False,Specialist,Specialist,Non-hub,Non-broker,Actif,Bi-topic,0.5973106616972811,0.26325322871688783,1.7266065387038703,0.19679114030667993,1.2217556384091426,⬢,#0000FF,diamond,S,BoycottIsrael,0.0,BoycottIsrael,,Thème_9;Thème_5,Thème_9,2,Forte,0.9212598425196851,52.00793650793652,0.056007078413201176,0.4798108183257141
Sea_Banana882,⬢ Sea_Banana882,Auteur,0,0.6521739130434783,4.527057672786167e-05,0.7419354838709677,0.0619524550299699,0.0052730117854777,3,2,0,3,False,False,False,True,False,False,False,False,Specialist,Specialist,Hub,Non-broker,Actif,Bi-topic,0.6397246078204744,0.3913224560567781,1.5704060527839232,0.23499377145564823,1.171778151464157,⬢,#0000FF,diamond,M,BoycottIsrael,0.0,BoycottIsrael,,Thème_6;Thème_5,Thème_6,2,Forte,0.937007874015748,81.57936507936508,0.06195245502996991,0.32800856423583546
nesmacon,○ nesmacon,Auteur,6,0.0592885375494071,5.39526231225836e-06,0.4951076320939334,0.0001328982859187,0.0030159568964811,1,1,0,1,False,False,False,False,False,False,False,False,Regular,Regular,Non-hub,Non-broker,Occasionnel,Monotopic,0.28889253627925293,0.03557528063456916,0.7852030263919616,0.1485615669165199,0.6235011686796847,○,#CCCCCC,circle,XS,BoycottIsrael,0.0,BoycottIsrael,,Thème_2,Unknown,0,Faible,0.06692913385826772,11.833333333333334,0.00013289828591876037,0.6918899514811697
CatacaX,○ CatacaX,Auteur,0,0.2687747035573122,3.233939231930051e-05,0.5776255707762558,0.0079589141320069,0.0041729640395139,1,1,0,1,False,False,False,False,False,False,False,False,Regular,Regular,Non-hub,Non-broker,Occasionnel,Monotopic,0.3704712242827537,0.16127775789131502,0.7852030263919616,0.17489562375543774,0.656132643881085,○,#CCCCCC,circle,XS,BoycottIsrael,0.0,BoycottIsrael,,Thème_6,Unknown,0,Faible,0.38779527559055116,53.16666666666666,0.007958914132006906,0.6970300404115418
Altruistic-Look6136,○ Altruistic-Look6136,Auteur,3,0.1106719367588932,6.363827699912904e-07,0.4970530451866404,0.0009885243482228,0.0033153360357185,1,1,0,1,False,False,False,False,False,False,False,False,Regular,Regular,Non-hub,Non-broker,Occasionnel,Monotopic,0.30707007759195826,0.06640341660844391,0.7852030263919616,0.14931393661702166,0.6307721852047669,○,#CCCCCC,circle,XS,BoycottIsrael,0.0,BoycottIsrael,,Thème_10,Unknown,0,Faible,0.25393700787401574,22.83333333333333,0.00098852434822287,0.7423881620877425
TonkaMaze,○ TonkaMaze,Auteur,0,0.2687747035573122,3.233939231930051e-05,0.5776255707762558,0.0079589141320069,0.0041729640395139,1,1,0,1,False,False,False,False,False,False,False,False,Regular,Regular,Non-hub,Non-broker,Occasionnel,Monotopic,0.3704712242827537,0.16127775789131502,0.7852030263919616,0.17489562375543774,0.656132643881085,○,#CCCCCC,circle,XS,BoycottIsrael,0.0,BoycottIsrael,,Thème_6,Unknown,0,Faible,0.38779527559055116,53.16666666666666,0.007958914132006906,0.6970300404115418
m7mdhassballa,○ m7mdhassballa,Auteur,2,0.4308300395256916,5.2257423759762985e-06,0.6372795969773299,0.1070226444620544,0.005106458178527,1,1,0,1,False,False,False,False,False,False,False,False,Regular,Regular,Non-hub,Non-broker,Occasionnel,Monotopic,0.4331492160793081,0.25850011401236533,0.7852030263919616,0.21259102085679785,0.6812038405997068,○,#CCCCCC,circle,S,BoycottIsrael,0.0,BoycottIsrael,,Thème_5,Unknown,0,Faible,0.6358267716535433,91.75,0.1070226444620544,0.7758054041938826
J3ssM,○ J3ssM,Auteur,0,0.2687747035573122,3.233939231930051e-05,0.5776255707762558,0.0079589141320069,0.0041729640395139,1,1,0,1,False,False,False,False,False,False,False,False,Regular,Regular,Non-hub,Non-broker,Occasionnel,Monotopic,0.3704712242827537,0.16127775789131502,0.7852030263919616,0.17489562375543774,0.656132643881085,○,#CCCCCC,circle,XS,BoycottIsrael,0.0,BoycottIsrael,,Thème_6,Unknown,0,Faible,0.38779527559055116,53.16666666666666,0.007958914132006906,0.6970300404115418
Early_Bad_,○ Early_Bad_,Auteur,0,0.2687747035573122,3.233939231930051e-05,0.5776255707762558,0.0079589141320069,0.0041729640395139,1,1,0,1,False,False,False,False,False,False,False,False,Regular,Regular,Non-hub,Non-broker,Occasionnel,Monotopic,0.3704712242827537,0.16127775789131502,0.7852030263919616,0.17489562375543774,0.656132643881085,○,#CCCCCC,circle,XS,BoycottIsrael,0.0,BoycottIsrael,,Thème_6,Unknown,0,Faible,0.38779527559055116,53.16666666666666,0.007958914132006906,0.6970300404115418
Accomplished-Low9635,○ Accomplished-Low9635,Auteur,3,0.1106719367588932,6.363827699912904e-07,0.4970530451866404,0.0009885243482228,0.0033153360357185,1,1,0,1,False,False,False,False,False,False,False,False,Regular,Regular,Non-hub,Non-broker,Occasionnel,Monotopic,0.30707007759195826,0.06640341660844391,0.7852030263919616,0.14931393661702166,0.6307721852047669,○,#CCCCCC,circle,XS,BoycottIsrael,0.0,BoycottIsrael,,Thème_10,Unknown,0,Faible,0.25393700787401574,22.83333333333333,0.00098852434822287,0.7423881620877425
Fantastic_Bag1560,○ Fantastic_Bag1560,Auteur,2,0.4308300395256916,5.2257423759762985e-06,0.6372795969773299,0.1070226444620544,0.005106458178527,1,1,0,1,False,False,False,False,False,False,False,False,Regular,Regular,Non-hub,Non-broker,Occasionnel,Monotopic,0.4331492160793081,0.25850011401236533,0.7852030263919616,0.21259102085679785,0.6812038405997068,○,#CCCCCC,circle,S,BoycottIsrael,0.0,BoycottIsrael,,Thème_5,Unknown,0,Faible,0.6358267716535433,91.75,0.1070226444620544,0.7758054041938826
Forward-Molasses4404,○ Forward-Molasses4404,Auteur,3,0.1106719367588932,6.363827699912904e-07,0.4970530451866404,0.0009885243482228,0.0033153360357185,1,1,0,1,False,False,False,False,False,False,False,False,Regular,Regular,Non-hub,Non-broker,Occasionnel,Monotopic,0.30707007759195826,0.06640341660844391,0.7852030263919616,0.14931393661702166,0.6307721852047669,○,#CCCCCC,circle,XS,BoycottIsrael,0.0,BoycottIsrael,,Thème_10,Unknown,0,Faible,0.25393700787401574,22.83333333333333,0.00098852434822287,0.7423881620877425
abenites99,○ abenites99,Auteur,0,0.2687747035573122,3.233939231930051e-05,0.5776255707762558,0.0079589141320069,0.0041729640395139,1,1,0,1,False,False,False,False,False,False,False,False,Regular,Regular,Non-hub,Non-broker,Occasionnel,Monotopic,0.3704712242827537,0.16127775789131502,0.7852030263919616,0.17489562375543774,0.656132643881085,○,#CCCCCC,circle,XS,BoycottIsrael,0.0,BoycottIsrael,,Thème_6,Unknown,0,Faible,0.38779527559055116,53.16666666666666,0.007958914132006906,0.6970300404115418
Zealousideal-Item607,⬢ Zealousideal-Item607,Auteur,0,0.3122529644268774,3.385733199397796e-05,0.5829493087557603,0.005137304308398,0.0037232241348416,2,2,0,2,False,False,False,True,False,False,False,False,Specialist,Specialist,Non-hub,Non-broker,Occasionnel,Bi-topic,0.44731439049160354,0.18736532158892402,1.3690286020676767,0.17592918215440467,1.0085094427970744,⬢,#0000FF,diamond,S,BoycottIsrael,0.0,BoycottIsrael,,Thème_6;Thème_4,Thème_6,2,Forte,0.7834645669291339,36.61904761904761,0.005137304308398026,0.3532684389044278
NewPatron-St,○ NewPatron-St,Auteur,0,0.2687747035573122,3.233939231930051e-05,0.5776255707762558,0.0079589141320069,0.0041729640395139,1,1,0,1,False,False,False,False,False,False,False,False,Regular,Regular,Non-hub,Non-broker,Occasionnel,Monotopic,0.3704712242827537,0.16127775789131502,0.7852030263919616,0.17489562375543774,0.656132643881085,○,#CCCCCC,circle,XS,BoycottIsrael,0.0,BoycottIsrael,,Thème_6,Unknown,0,Faible,0.38779527559055116,53.16666666666666,0.007958914132006906,0.6970300404115418
ChangePrestigious702,○ ChangePrestigious702,Auteur,0,0.2687747035573122,3.233939231930051e-05,0.5776255707762558,0.0079589141320069,0.0041729640395139,1,1,0,1,False,False,False,False,False,False,False,False,Regular,Regular,Non-hub,Non-broker,Occasionnel,Monotopic,0.3704712242827537,0.16127775789131502,0.7852030263919616,0.17489562375543774,0.656132643881085,○,#CCCCCC,circle,XS,BoycottIsrael,0.0,BoycottIsrael,,Thème_6,Unknown,0,Faible,0.38779527559055116,53.16666666666666,0.007958914132006906,0.6970300404115418
Moth_Man_68,○ Moth_Man_68,Auteur,0,0.2687747035573122,3.233939231930051e-05,0.5776255707762558,0.0079589141320069,0.0041729640395139,1,1,0,1,False,False,False,False,False,False,False,False,Regular,Regular,Non-hub,Non-broker,Occasionnel,Monotopic,0.3704712242827537,0.16127775789131502,0.7852030263919616,0.17489562375543774,0.656132643881085,○,#CCCCCC,circle,XS,BoycottIsrael,0.0,BoycottIsrael,,Thème_6,Unknown,0,Faible,0.38779527559055116,53.16666666666666,0.007958914132006906,0.6970300404115418
guibidesc,○ guibidesc,Auteur,5,0.0790513833992094,7.495970228889483e-06,0.4856046065259117,0.0008446485247361,0.0029506820377605,1,1,0,1,False,False,False,False,False,False,False,False,Regular,Regular,Non-hub,Non-broker,Occasionnel,Monotopic,0.2948597549468608,0.047433828427617196,0.7852030263919616,0.14585405964783515,0.6258880561467278,○,#CCCCCC,circle,XS,BoycottIsrael,0.0,BoycottIsrael,,Thème_4,Unknown,0,Faible,0.1141732283464567,16.083333333333332,0.0008446485247361378,0.7180335386417718
No_Snow2245,○ No_Snow2245,Auteur,0,0.2687747035573122,3.233939231930051e-05,0.5776255707762558,0.0079589141320069,0.0041729640395139,1,1,0,1,False,False,False,False,False,False,False,False,Regular,Regular,Non-hub,Non-broker,Occasionnel,Monotopic,0.3704712242827537,0.16127775789131502,0.7852030263919616,0.17489562375543774,0.656132643881085,○,#CCCCCC,circle,XS,BoycottIsrael,0.0,BoycottIsrael,,Thème_6,Unknown,0,Faible,0.38779527559055116,53.16666666666666,0.007958914132006906,0.6970300404115418
Perfect-Parking1536,○ Perfect-Parking1536,Auteur,0,0.2687747035573122,3.233939231930051e-05,0.5776255707762558,0.0079589141320069,0.0041729640395139,1,1,0,1,False,False,False,False,False,False,False,False,Regular,Regular,Non-hub,Non-broker,Occasionnel,Monotopic,0.3704712242827537,0.16127775789131502,0.7852030263919616,0.17489562375543774,0.656132643881085,○,#CCCCCC,circle,XS,BoycottIsrael,0.0,BoycottIsrael,,Thème_6,Unknown,0,Faible,0.38779527559055116,53.16666666666666,0.007958914132006906,0.6970300404115418
Farley_B,○ Farley_B,Auteur,6,0.0592885375494071,5.39526231225836e-06,0.4951076320939334,0.0001328982859187,0.0030159568964811,1,1,0,1,False,False,False,False,False,False,False,False,Regular,Regular,Non-hub,Non-broker,Occasionnel,Monotopic,0.28889253627925293,0.03557528063456916,0.7852030263919616,0.1485615669165199,0.6235011686796847,○,#CCCCCC,circle,XS,BoycottIsrael,0.0,BoycottIsrael,,Thème_2,Unknown,0,Faible,0.06692913385826772,11.833333333333334,0.00013289828591876037,0.6918899514811696
HuckleberryFuzzy918,○ HuckleberryFuzzy918,Auteur,2,0.4308300395256916,5.2257423759762985e-06,0.6372795969773299,0.1070226444620544,0.005106458178527,1,1,0,1,False,False,False,False,False,False,False,False,Regular,Regular,Non-hub,Non-broker,Occasionnel,Monotopic,0.4331492160793081,0.25850011401236533,0.7852030263919616,0.21259102085679785,0.6812038405997068,○,#CCCCCC,circle,S,BoycottIsrael,0.0,BoycottIsrael,,Thème_5,Unknown,0,Faible,0.6358267716535433,91.75,0.1070226444620544,0.7758054041938827
ResolutionDull5054,○ ResolutionDull5054,Auteur,2,0.4308300395256916,5.2257423759762985e-06,0.6372795969773299,0.1070226444620544,0.005106458178527,1,1,0,1,False,False,False,False,False,False,False,False,Regular,Regular,Non-hub,Non-broker,Occasionnel,Monotopic,0.4331492160793081,0.25850011401236533,0.7852030263919616,0.21259102085679785,0.6812038405997068,○,#CCCCCC,circle,S,BoycottIsrael,0.0,BoycottIsrael,,Thème_5,Unknown,0,Faible,0.6358267716535433,91.75,0.1070226444620544,0.7758054041938827
Ok_Strawberry_2143,⬢ Ok_Strawberry_2143,Auteur,3,0.1936758893280632,0.0012648271200557,0.5281837160751566,0.0020974177002978,0.0031165160821305,2,2,0,2,False,False,False,True,False,False,False,False,Specialist,Specialist,Non-hub,Non-broker,Occasionnel,Bi-topic,0.4006435973859737,0.11671146444486019,1.3690286020676767,0.15950701192263436,0.9898411255548224,⬢,#0000FF,diamond,XS,BoycottIsrael,0.0,BoycottIsrael,,Thème_1;Thème_10,Thème_1,2,Forte,0.4921259842519685,21.0436507936508,0.002097417700297842,0.2515643953699772
DragonflyNo19,○ DragonflyNo19,Auteur,6,0.0592885375494071,5.39526231225836e-06,0.4951076320939334,0.0001328982859187,0.0030159568964811,1,1,0,1,False,False,False,False,False,False,False,False,Regular,Regular,Non-hub,Non-broker,Occasionnel,Monotopic,0.28889253627925293,0.03557528063456916,0.7852030263919616,0.1485615669165199,0.6235011686796847,○,#CCCCCC,circle,XS,BoycottIsrael,0.0,BoycottIsrael,,Thème_2,Unknown,0,Faible,0.06692913385826772,11.833333333333334,0.00013289828591876037,0.6918899514811697
secret-agent-zero,○ secret-agent-zero,Auteur,4,0.0355731225296442,0.0,0.4517857142857143,0.0011653935201975,0.0014142955354549,1,1,0,1,False,False,False,False,False,False,False,False,Regular,Regular,Non-hub,Non-broker,Occasionnel,Monotopic,0.276258600425936,0.02134387351778652,0.7852030263919616,0.13576879298975378,0.6184475943383579,○,#CCCCCC,circle,XS,BoycottIsrael,0.0,BoycottIsrael,,Thème_9,Unknown,0,Faible,0.017716535433070866,5.583333333333333,0.0011653935201975214,0.5506278207147606
Ok_Somewhere9687,○ Ok_Somewhere9687,Auteur,0,0.2687747035573122,3.233939231930051e-05,0.5776255707762558,0.0079589141320069,0.0041729640395139,1,1,0,1,False,False,False,False,False,False,False,False,Regular,Regular,Non-hub,Non-broker,Occasionnel,Monotopic,0.3704712242827537,0.16127775789131502,0.7852030263919616,0.17489562375543774,0.656132643881085,○,#CCCCCC,circle,XS,BoycottIsrael,0.0,BoycottIsrael,,Thème_6,Unknown,0,Faible,0.38779527559055116,53.16666666666666,0.007958914132006906,0.6970300404115418
Ur_Shado,○ Ur_Shado,Auteur,3,0.1106719367588932,6.363827699912904e-07,0.4970530451866404,0.0009885243482228,0.0033153360357185,1,1,0,1,False,False,False,False,False,False,False,False,Regular,Regular,Non-hub,Non-broker,Occasionnel,Monotopic,0.30707007759195826,0.06640341660844391,0.7852030263919616,0.14931393661702166,0.6307721852047669,○,#CCCCCC,circle,XS,BoycottIsrael,0.0,BoycottIsrael,,Thème_10,Unknown,0,Faible,0.25393700787401574,22.83333333333333,0.00098852434822287,0.7423881620877425
VanillaAdventurous74,○ VanillaAdventurous74,Auteur,2,0.4308300395256916,5.2257423759762985e-06,0.6372795969773299,0.1070226444620544,0.005106458178527,1,1,0,1,False,False,False,False,False,False,False,False,Regular,Regular,Non-hub,Non-broker,Occasionnel,Monotopic,0.4331492160793081,0.25850011401236533,0.7852030263919616,0.21259102085679785,0.6812038405997068,○,#CCCCCC,circle,S,BoycottIsrael,0.0,BoycottIsrael,,Thème_5,Unknown,0,Faible,0.6358267716535433,91.75,0.1070226444620544,0.7758054041938827
TheAlphaKiller17,○ TheAlphaKiller17,Auteur,2,0.4308300395256916,5.2257423759762985e-06,0.6372795969773299,0.1070226444620544,0.005106458178527,1,1,0,1,False,False,False,False,False,False,False,False,Regular,Regular,Non-hub,Non-broker,Occasionnel,Monotopic,0.4331492160793081,0.25850011401236533,0.7852030263919616,0.21259102085679785,0.6812038405997068,○,#CCCCCC,circle,S,BoycottIsrael,0.0,BoycottIsrael,,Thème_5,Unknown,0,Faible,0.6358267716535433,91.75,0.1070226444620544,0.7758054041938827
CrossingVoid,○ CrossingVoid,Auteur,0,0.2687747035573122,3.233939231930051e-05,0.5776255707762558,0.0079589141320069,0.0041729640395139,1,1,0,1,False,False,False,False,False,False,False,False,Regular,Regular,Non-hub,Non-broker,Occasionnel,Monotopic,0.3704712242827537,0.16127775789131502,0.7852030263919616,0.17489562375543774,0.656132643881085,○,#CCCCCC,circle,XS,BoycottIsrael,0.0,BoycottIsrael,,Thème_6,Unknown,0,Faible,0.38779527559055116,53.16666666666666,0.007958914132006906,0.6970300404115418
venrir,○ venrir,Auteur,6,0.0790513833992094,8.083864844668388e-05,0.5111111111111111,0.001924438282644,0.0022769104262537,1,1,0,1,False,False,False,False,False,False,False,False,Regular,Regular,Non-hub,Non-broker,Occasionnel,Monotopic,0.2974287410749351,0.047463165498904315,0.7852030263919616,0.15375864031408545,0.6269156505979576,○,#CCCCCC,circle,XS,BoycottIsrael,0.0,BoycottIsrael,,Thème_1,Unknown,0,Faible,0.20078740157480315,12.916666666666668,0.0019244382826440146,0.5434349976393735
Icy_Giraffe3903,○ Icy_Giraffe3903,Auteur,0,0.2687747035573122,3.233939231930051e-05,0.5776255707762558,0.0079589141320069,0.0041729640395139,1,1,0,1,False,False,False,False,False,False,False,False,Regular,Regular,Non-hub,Non-broker,Occasionnel,Monotopic,0.3704712242827537,0.16127775789131502,0.7852030263919616,0.17489562375543774,0.656132643881085,○,#CCCCCC,circle,XS,BoycottIsrael,0.0,BoycottIsrael,,Thème_6,Unknown,0,Faible,0.38779527559055116,53.16666666666666,0.007958914132006906,0.6970300404115418
tallbigbear,○ tallbigbear,Auteur,5,0.0711462450592885,3.0367550258508547e-05,0.5173824130879345,0.0009839881217552,0.0025601847586136,1,1,0,1,False,False,False,False,False,False,False,False,Regular,Regular,Non-hub,Non-broker,Occasionnel,Monotopic,0.2952764550790981,0.0426998940556765,0.7852030263919616,0.15542670532586064,0.6260547361996228,○,#CCCCCC,circle,XS,BoycottIsrael,0.0,BoycottIsrael,,Thème_8,Unknown,0,Faible,0.16141732283464566,12.833333333333332,0.0009839881217552843,0.594095113279812
doctormelody18,○ doctormelody18,Auteur,2,0.4308300395256916,5.2257423759762985e-06,0.6372795969773299,0.1070226444620544,0.005106458178527,1,1,0,1,False,False,False,False,False,False,False,False,Regular,Regular,Non-hub,Non-broker,Occasionnel,Monotopic,0.4331492160793081,0.25850011401236533,0.7852030263919616,0.21259102085679785,0.6812038405997068,○,#CCCCCC,circle,S,BoycottIsrael,0.0,BoycottIsrael,,Thème_5,Unknown,0,Faible,0.6358267716535433,91.75,0.1070226444620544,0.7758054041938827
No_Degree3814,○ No_Degree3814,Auteur,0,0.2687747035573122,3.233939231930051e-05,0.5776255707762558,0.0079589141320069,0.0041729640395139,1,1,0,1,False,False,False,False,False,False,False,False,Regular,Regular,Non-hub,Non-broker,Occasionnel,Monotopic,0.3704712242827537,0.16127775789131502,0.7852030263919616,0.17489562375543774,0.656132643881085,○,#CCCCCC,circle,XS,BoycottIsrael,0.0,BoycottIsrael,,Thème_6,Unknown,0,Faible,0.38779527559055116,53.16666666666666,0.007958914132006906,0.6970300404115418
