Source,Target,Type,Weight,Similarity
richards1052,90stvkid,Undirected,0.2857142857142857,0.2857142857142857
richards1052,Tr0jan___,Undirected,0.6666666666666666,0.6666666666666666
richards1052,manofwater3615,Undirected,0.3333333333333333,0.3333333333333333
richards1052,TendieRetard,Undirected,0.3333333333333333,0.3333333333333333
richards1052,ContentChecker,Undirected,0.625,0.625
richards1052,Ilovedia,Undirected,0.6666666666666666,0.6666666666666666
richards1052,newsspotter,Undirected,0.42857142857142855,0.42857142857142855
richards1052,K9Imperium,Undirected,0.3333333333333333,0.3333333333333333
richards1052,YamFrosty6169,Undirected,0.3333333333333333,0.3333333333333333
richards1052,Glad_Opinion_6339,Undirected,0.2857142857142857,0.2857142857142857
richards1052,[deleted],Undirected,0.625,0.625
richards1052,Dingus-the-Mingus,Undirected,0.3333333333333333,0.3333333333333333
richards1052,Practical_Chef_7897,Undirected,0.375,0.375
richards1052,Burning-Bush-613,Undirected,0.3333333333333333,0.3333333333333333
richards1052,endingcolonialism,Undirected,0.3333333333333333,0.3333333333333333
richards1052,KnowTheTruthMatters,Undirected,0.6666666666666666,0.6666666666666666
richards1052,Nomogg,Undirected,0.25,0.25
richards1052,MrJasonMason,Undirected,0.3333333333333333,0.3333333333333333
richards1052,KingofTrilobites123,Undirected,0.5,0.5
richards1052,Apollo_Delphi,Undirected,0.3333333333333333,0.3333333333333333
richards1052,SecretBiscotti8128,Undirected,0.3333333333333333,0.3333333333333333
richards1052,adilbuilds,Undirected,0.25,0.25
richards1052,pumpkinzh,Undirected,0.42857142857142855,0.42857142857142855
richards1052,librephili,Undirected,0.625,0.625
richards1052,safemath,Undirected,0.3333333333333333,0.3333333333333333
richards1052,Particular_Log_3594,Undirected,0.42857142857142855,0.42857142857142855
richards1052,Enough_Credit_8199,Undirected,0.3333333333333333,0.3333333333333333
richards1052,Financial_Smile4143,Undirected,0.42857142857142855,0.42857142857142855
richards1052,Pinkblushdiva,Undirected,0.3333333333333333,0.3333333333333333
richards1052,Able_Compote6571,Undirected,0.42857142857142855,0.42857142857142855
richards1052,CopiousCool,Undirected,0.5,0.5
richards1052,tyuptyupolpolp,Undirected,0.3333333333333333,0.3333333333333333
richards1052,palilibre,Undirected,0.3333333333333333,0.3333333333333333
richards1052,Ambitious-Narwhal158,Undirected,0.3333333333333333,0.3333333333333333
richards1052,ElectricalChance3664,Undirected,0.2857142857142857,0.2857142857142857
richards1052,Sea_Banana882,Undirected,0.3333333333333333,0.3333333333333333
richards1052,Ok_Strawberry_2143,Undirected,0.3333333333333333,0.3333333333333333
wild_orca,melow_shri,Undirected,1.0,1.0
wild_orca,adilbuilds,Undirected,0.25,0.25
wild_orca,pumpkinzh,Undirected,0.25,0.25
wild_orca,Aqn95,Undirected,1.0,1.0
wild_orca,Narrow_Guava_6239,Undirected,0.5,0.5
wild_orca,Particular_Log_3594,Undirected,0.25,0.25
wild_orca,mania_d,Undirected,1.0,1.0
wild_orca,willflameboy,Undirected,1.0,1.0
wild_orca,Beneficial-Network91,Undirected,0.5,0.5
wild_orca,Wolf4612,Undirected,0.5,0.5
wild_orca,Fit_Fisherman_3317,Undirected,1.0,1.0
wild_orca,OkShelter6459,Undirected,1.0,1.0
Level-Kiwi-3836,90stvkid,Undirected,0.3333333333333333,0.3333333333333333
Level-Kiwi-3836,TendieRetard,Undirected,0.5,0.5
Level-Kiwi-3836,Firm_Paint8474,Undirected,0.5,0.5
Level-Kiwi-3836,Ilovedia,Undirected,0.25,0.25
Level-Kiwi-3836,newsspotter,Undirected,0.25,0.25
Level-Kiwi-3836,Amr_Abu_Ouda,Undirected,1.0,1.0
Level-Kiwi-3836,WhichSideOfNoWhere,Undirected,1.0,1.0
Level-Kiwi-3836,GRS_89,Undirected,1.0,1.0
Level-Kiwi-3836,Due_Sun9,Undirected,1.0,1.0
Level-Kiwi-3836,CharlieSmith_27,Undirected,1.0,1.0
Level-Kiwi-3836,K9Imperium,Undirected,0.5,0.5
Level-Kiwi-3836,YamFrosty6169,Undirected,0.5,0.5
Level-Kiwi-3836,reparationsNowToday,Undirected,1.0,1.0
Level-Kiwi-3836,angels-cry,Undirected,1.0,1.0
Level-Kiwi-3836,iLikeDucks72,Undirected,1.0,1.0
Level-Kiwi-3836,CelestialCometDoll,Undirected,1.0,1.0
Level-Kiwi-3836,tortilla_avalanche,Undirected,0.5,0.5
Level-Kiwi-3836,Relative-Narwhal-504,Undirected,1.0,1.0
Level-Kiwi-3836,Brutally_Honest_Swan,Undirected,1.0,1.0
Level-Kiwi-3836,OmegaDGalaxyGoji777,Undirected,1.0,1.0
Level-Kiwi-3836,Life-Focus-3105,Undirected,1.0,1.0
Level-Kiwi-3836,Dingus-the-Mingus,Undirected,0.5,0.5
Level-Kiwi-3836,Virtual_Ad_4734,Undirected,1.0,1.0
Level-Kiwi-3836,SuccessfulOwl9919,Undirected,1.0,1.0
Level-Kiwi-3836,mornunglake,Undirected,1.0,1.0
Level-Kiwi-3836,veinsouls,Undirected,1.0,1.0
Level-Kiwi-3836,No-Trick-7397,Undirected,1.0,1.0
Level-Kiwi-3836,dark00H,Undirected,1.0,1.0
Level-Kiwi-3836,DesignerSkyline01,Undirected,1.0,1.0
Level-Kiwi-3836,Accomplished_Cry6108,Undirected,1.0,1.0
Level-Kiwi-3836,SchemeBoth2169,Undirected,1.0,1.0
Level-Kiwi-3836,CraftyOpportunity646,Undirected,1.0,1.0
Level-Kiwi-3836,VolkswagenPanda,Undirected,1.0,1.0
Level-Kiwi-3836,amotivatedgal,Undirected,1.0,1.0
Level-Kiwi-3836,Pack_Em_Up,Undirected,1.0,1.0
Level-Kiwi-3836,Burning-Bush-613,Undirected,0.5,0.5
Level-Kiwi-3836,SnooOnions4663,Undirected,1.0,1.0
Level-Kiwi-3836,mar_de_mariposas,Undirected,1.0,1.0
Level-Kiwi-3836,endingcolonialism,Undirected,0.5,0.5
Level-Kiwi-3836,KnowTheTruthMatters,Undirected,0.25,0.25
Level-Kiwi-3836,barb_20,Undirected,1.0,1.0
Level-Kiwi-3836,Fhlurrhy108,Undirected,1.0,1.0
Level-Kiwi-3836,antifamarketer,Undirected,1.0,1.0
Level-Kiwi-3836,MoonGlissades,Undirected,1.0,1.0
Level-Kiwi-3836,MrJasonMason,Undirected,0.5,0.5
Level-Kiwi-3836,shane_4_us,Undirected,1.0,1.0
Level-Kiwi-3836,Comfortable_Spend436,Undirected,1.0,1.0
Level-Kiwi-3836,KingofTrilobites123,Undirected,0.3333333333333333,0.3333333333333333
Level-Kiwi-3836,ABCecy,Undirected,1.0,1.0
Level-Kiwi-3836,Apollo_Delphi,Undirected,0.5,0.5
Level-Kiwi-3836,Alternative-Dare-601,Undirected,1.0,1.0
Level-Kiwi-3836,Witty-Savings-2048,Undirected,1.0,1.0
Level-Kiwi-3836,SecretBiscotti8128,Undirected,0.5,0.5
Level-Kiwi-3836,adilbuilds,Undirected,0.25,0.25
Level-Kiwi-3836,Narrow_Guava_6239,Undirected,0.5,0.5
Level-Kiwi-3836,Particular_Log_3594,Undirected,0.25,0.25
Level-Kiwi-3836,Able_Ad_4891,Undirected,1.0,1.0
Level-Kiwi-3836,itsamefas,Undirected,1.0,1.0
Level-Kiwi-3836,CosmeticChemistPro,Undirected,1.0,1.0
Level-Kiwi-3836,Hamdan-mohamed,Undirected,1.0,1.0
Level-Kiwi-3836,SillyPassion7773,Undirected,1.0,1.0
Level-Kiwi-3836,That-Flamingo9866,Undirected,1.0,1.0
Level-Kiwi-3836,No_Newspaper_2914,Undirected,1.0,1.0
Level-Kiwi-3836,Sad_Recognition_6037,Undirected,1.0,1.0
Level-Kiwi-3836,DarkShadow13206,Undirected,1.0,1.0
Level-Kiwi-3836,introvertaltsakki,Undirected,1.0,1.0
Level-Kiwi-3836,Jealous-Ad-4838,Undirected,1.0,1.0
Level-Kiwi-3836,PandoraHadess,Undirected,1.0,1.0
Level-Kiwi-3836,Weird-Noise-180,Undirected,1.0,1.0
Level-Kiwi-3836,Financial_Smile4143,Undirected,0.25,0.25
Level-Kiwi-3836,ElkNational9973,Undirected,1.0,1.0
Level-Kiwi-3836,Colei_the_weird,Undirected,1.0,1.0
Level-Kiwi-3836,isaboobers,Undirected,1.0,1.0
Level-Kiwi-3836,Ok-Divide4719,Undirected,0.5,0.5
Level-Kiwi-3836,LofiOcean131,Undirected,1.0,1.0
Level-Kiwi-3836,Apprehensive-Cut9959,Undirected,1.0,1.0
Level-Kiwi-3836,Pinkblushdiva,Undirected,0.5,0.5
Level-Kiwi-3836,Ridussey,Undirected,1.0,1.0
Level-Kiwi-3836,Away-Lavishness-3805,Undirected,1.0,1.0
Level-Kiwi-3836,winter_in_eden,Undirected,1.0,1.0
Level-Kiwi-3836,Asinead666,Undirected,1.0,1.0
Level-Kiwi-3836,SnooOwls4954,Undirected,1.0,1.0
Level-Kiwi-3836,Margiethecat,Undirected,1.0,1.0
Level-Kiwi-3836,Able_Compote6571,Undirected,0.25,0.25
Level-Kiwi-3836,pickl3dguava,Undirected,1.0,1.0
Level-Kiwi-3836,CopiousCool,Undirected,0.3333333333333333,0.3333333333333333
Level-Kiwi-3836,butterflyfrenchfry,Undirected,1.0,1.0
Level-Kiwi-3836,Effective_Nothing519,Undirected,1.0,1.0
Level-Kiwi-3836,Kekeegan,Undirected,1.0,1.0
Level-Kiwi-3836,aym0_0n,Undirected,1.0,1.0
Level-Kiwi-3836,Beneficial-Network91,Undirected,0.5,0.5
Level-Kiwi-3836,tyuptyupolpolp,Undirected,0.5,0.5
Level-Kiwi-3836,Hopeful_Worth315,Undirected,1.0,1.0
Level-Kiwi-3836,palilibre,Undirected,0.5,0.5
Level-Kiwi-3836,VISlONSOFALIFE,Undirected,1.0,1.0
Level-Kiwi-3836,Sp1dderxyz,Undirected,1.0,1.0
Level-Kiwi-3836,cats_and_coffee15,Undirected,1.0,1.0
Level-Kiwi-3836,Ambitious-Narwhal158,Undirected,0.5,0.5
Level-Kiwi-3836,peachemistry,Undirected,1.0,1.0
Level-Kiwi-3836,thatsjustarandomname,Undirected,1.0,1.0
Level-Kiwi-3836,Akram-Brahimi,Undirected,0.5,0.5
Level-Kiwi-3836,Sea_Banana882,Undirected,0.5,0.5
Level-Kiwi-3836,m7mdhassballa,Undirected,1.0,1.0
Level-Kiwi-3836,Fantastic_Bag1560,Undirected,1.0,1.0
Level-Kiwi-3836,HuckleberryFuzzy918,Undirected,1.0,1.0
Level-Kiwi-3836,ResolutionDull5054,Undirected,1.0,1.0
Level-Kiwi-3836,VanillaAdventurous74,Undirected,1.0,1.0
Level-Kiwi-3836,TheAlphaKiller17,Undirected,1.0,1.0
Level-Kiwi-3836,doctormelody18,Undirected,1.0,1.0
90stvkid,TendieRetard,Undirected,0.25,0.25
90stvkid,ContentChecker,Undirected,0.25,0.25
90stvkid,Reasonable-Image-938,Undirected,0.3333333333333333,0.3333333333333333
90stvkid,Firm_Paint8474,Undirected,0.25,0.25
90stvkid,Ilovedia,Undirected,0.4,0.4
90stvkid,newsspotter,Undirected,0.4,0.4
90stvkid,Amr_Abu_Ouda,Undirected,0.3333333333333333,0.3333333333333333
90stvkid,WhichSideOfNoWhere,Undirected,0.3333333333333333,0.3333333333333333
90stvkid,GRS_89,Undirected,0.3333333333333333,0.3333333333333333
90stvkid,Due_Sun9,Undirected,0.3333333333333333,0.3333333333333333
90stvkid,CharlieSmith_27,Undirected,0.3333333333333333,0.3333333333333333
90stvkid,redSpider2077,Undirected,0.3333333333333333,0.3333333333333333
90stvkid,FireProStan,Undirected,0.3333333333333333,0.3333333333333333
90stvkid,K9Imperium,Undirected,0.6666666666666666,0.6666666666666666
90stvkid,YamFrosty6169,Undirected,0.6666666666666666,0.6666666666666666
90stvkid,reparationsNowToday,Undirected,0.3333333333333333,0.3333333333333333
90stvkid,angels-cry,Undirected,0.3333333333333333,0.3333333333333333
90stvkid,iLikeDucks72,Undirected,0.3333333333333333,0.3333333333333333
90stvkid,Affectionate-Rent415,Undirected,0.3333333333333333,0.3333333333333333
90stvkid,CelestialCometDoll,Undirected,0.3333333333333333,0.3333333333333333
90stvkid,ChargeResponsible112,Undirected,0.3333333333333333,0.3333333333333333
90stvkid,SnooTomatoes1513,Undirected,0.3333333333333333,0.3333333333333333
90stvkid,tortilla_avalanche,Undirected,0.25,0.25
90stvkid,Relative-Narwhal-504,Undirected,0.3333333333333333,0.3333333333333333
90stvkid,Brutally_Honest_Swan,Undirected,0.3333333333333333,0.3333333333333333
90stvkid,[deleted],Undirected,0.25,0.25
90stvkid,OmegaDGalaxyGoji777,Undirected,0.3333333333333333,0.3333333333333333
90stvkid,Life-Focus-3105,Undirected,0.3333333333333333,0.3333333333333333
90stvkid,Dingus-the-Mingus,Undirected,0.6666666666666666,0.6666666666666666
90stvkid,Fledgling_112896,Undirected,0.3333333333333333,0.3333333333333333
90stvkid,Virtual_Ad_4734,Undirected,0.3333333333333333,0.3333333333333333
90stvkid,barccy,Undirected,0.3333333333333333,0.3333333333333333
90stvkid,SuccessfulOwl9919,Undirected,0.3333333333333333,0.3333333333333333
90stvkid,mornunglake,Undirected,0.3333333333333333,0.3333333333333333
90stvkid,Unlikely-Sky6932,Undirected,0.3333333333333333,0.3333333333333333
90stvkid,veinsouls,Undirected,0.3333333333333333,0.3333333333333333
90stvkid,No-Trick-7397,Undirected,0.3333333333333333,0.3333333333333333
90stvkid,dark00H,Undirected,0.3333333333333333,0.3333333333333333
90stvkid,DesignerSkyline01,Undirected,0.3333333333333333,0.3333333333333333
90stvkid,Accomplished_Cry6108,Undirected,0.3333333333333333,0.3333333333333333
90stvkid,SchemeBoth2169,Undirected,0.3333333333333333,0.3333333333333333
90stvkid,CraftyOpportunity646,Undirected,0.3333333333333333,0.3333333333333333
90stvkid,VolkswagenPanda,Undirected,0.3333333333333333,0.3333333333333333
90stvkid,Imaginary-Hold5898,Undirected,0.3333333333333333,0.3333333333333333
90stvkid,amotivatedgal,Undirected,0.3333333333333333,0.3333333333333333
90stvkid,Pack_Em_Up,Undirected,0.3333333333333333,0.3333333333333333
90stvkid,Burning-Bush-613,Undirected,0.25,0.25
90stvkid,SnooOnions4663,Undirected,0.3333333333333333,0.3333333333333333
90stvkid,mar_de_mariposas,Undirected,0.3333333333333333,0.3333333333333333
90stvkid,endingcolonialism,Undirected,0.6666666666666666,0.6666666666666666
90stvkid,KnowTheTruthMatters,Undirected,0.4,0.4
90stvkid,hmountain,Undirected,0.3333333333333333,0.3333333333333333
90stvkid,Pepperina_G,Undirected,0.3333333333333333,0.3333333333333333
90stvkid,barb_20,Undirected,0.3333333333333333,0.3333333333333333
90stvkid,Fhlurrhy108,Undirected,0.3333333333333333,0.3333333333333333
90stvkid,antifamarketer,Undirected,0.3333333333333333,0.3333333333333333
90stvkid,Virtual-Tale7778,Undirected,0.3333333333333333,0.3333333333333333
90stvkid,MoonGlissades,Undirected,0.3333333333333333,0.3333333333333333
90stvkid,Dear-Boot4077,Undirected,0.3333333333333333,0.3333333333333333
90stvkid,MrJasonMason,Undirected,0.25,0.25
90stvkid,shane_4_us,Undirected,0.3333333333333333,0.3333333333333333
90stvkid,Comfortable_Spend436,Undirected,0.3333333333333333,0.3333333333333333
90stvkid,KingofTrilobites123,Undirected,0.5,0.5
90stvkid,ABCecy,Undirected,0.3333333333333333,0.3333333333333333
90stvkid,pinklewickers,Undirected,0.3333333333333333,0.3333333333333333
90stvkid,Chobikil,Undirected,0.3333333333333333,0.3333333333333333
90stvkid,Apollo_Delphi,Undirected,0.25,0.25
90stvkid,Alternative-Dare-601,Undirected,0.3333333333333333,0.3333333333333333
90stvkid,ReachZestyclose,Undirected,0.3333333333333333,0.3333333333333333
90stvkid,Witty-Savings-2048,Undirected,0.3333333333333333,0.3333333333333333
90stvkid,Ok-Following6886,Undirected,0.3333333333333333,0.3333333333333333
90stvkid,SecretBiscotti8128,Undirected,0.25,0.25
90stvkid,adilbuilds,Undirected,0.4,0.4
90stvkid,damon121231,Undirected,0.3333333333333333,0.3333333333333333
90stvkid,librephili,Undirected,0.42857142857142855,0.42857142857142855
90stvkid,Songmorning,Undirected,0.3333333333333333,0.3333333333333333
90stvkid,Narrow_Guava_6239,Undirected,0.25,0.25
90stvkid,Plane-Imagination593,Undirected,0.3333333333333333,0.3333333333333333
90stvkid,safemath,Undirected,0.25,0.25
90stvkid,Particular_Log_3594,Undirected,0.4,0.4
90stvkid,chopstickemup,Undirected,0.3333333333333333,0.3333333333333333
90stvkid,Able_Ad_4891,Undirected,0.3333333333333333,0.3333333333333333
90stvkid,carTot254,Undirected,0.3333333333333333,0.3333333333333333
90stvkid,itsamefas,Undirected,0.3333333333333333,0.3333333333333333
90stvkid,CosmeticChemistPro,Undirected,0.3333333333333333,0.3333333333333333
90stvkid,Hamdan-mohamed,Undirected,0.3333333333333333,0.3333333333333333
90stvkid,natural_piano1836,Undirected,0.3333333333333333,0.3333333333333333
90stvkid,SillyPassion7773,Undirected,0.3333333333333333,0.3333333333333333
90stvkid,librePali,Undirected,0.3333333333333333,0.3333333333333333
90stvkid,ExtHD,Undirected,0.3333333333333333,0.3333333333333333
90stvkid,ibrahim_D12,Undirected,0.3333333333333333,0.3333333333333333
90stvkid,That-Flamingo9866,Undirected,0.3333333333333333,0.3333333333333333
90stvkid,ConfidenceCareless71,Undirected,0.3333333333333333,0.3333333333333333
90stvkid,No_Newspaper_2914,Undirected,0.3333333333333333,0.3333333333333333
90stvkid,Enough_Credit_8199,Undirected,0.25,0.25
90stvkid,Sad_Recognition_6037,Undirected,0.3333333333333333,0.3333333333333333
90stvkid,DarkShadow13206,Undirected,0.3333333333333333,0.3333333333333333
90stvkid,Miserable-Spinach867,Undirected,0.3333333333333333,0.3333333333333333
90stvkid,Big_Fennel2186,Undirected,0.3333333333333333,0.3333333333333333
90stvkid,introvertaltsakki,Undirected,0.3333333333333333,0.3333333333333333
90stvkid,Jealous-Ad-4838,Undirected,0.3333333333333333,0.3333333333333333
90stvkid,PandoraHadess,Undirected,0.3333333333333333,0.3333333333333333
90stvkid,Weird-Noise-180,Undirected,0.3333333333333333,0.3333333333333333
90stvkid,Financial_Smile4143,Undirected,0.75,0.75
90stvkid,ElkNational9973,Undirected,0.3333333333333333,0.3333333333333333
90stvkid,jodio_hoestar,Undirected,0.25,0.25
90stvkid,Colei_the_weird,Undirected,0.3333333333333333,0.3333333333333333
90stvkid,isaboobers,Undirected,0.3333333333333333,0.3333333333333333
90stvkid,-SimpleRicks-,Undirected,0.3333333333333333,0.3333333333333333
90stvkid,Ok-Divide4719,Undirected,0.6666666666666666,0.6666666666666666
90stvkid,LofiOcean131,Undirected,0.3333333333333333,0.3333333333333333
90stvkid,Apprehensive-Cut9959,Undirected,0.3333333333333333,0.3333333333333333
90stvkid,Pinkblushdiva,Undirected,0.6666666666666666,0.6666666666666666
90stvkid,Ridussey,Undirected,0.3333333333333333,0.3333333333333333
90stvkid,Away-Lavishness-3805,Undirected,0.3333333333333333,0.3333333333333333
90stvkid,winter_in_eden,Undirected,0.3333333333333333,0.3333333333333333
90stvkid,Asinead666,Undirected,0.3333333333333333,0.3333333333333333
90stvkid,calombia,Undirected,0.3333333333333333,0.3333333333333333
90stvkid,SnooOwls4954,Undirected,0.3333333333333333,0.3333333333333333
90stvkid,Margiethecat,Undirected,0.3333333333333333,0.3333333333333333
90stvkid,Able_Compote6571,Undirected,0.75,0.75
90stvkid,pickl3dguava,Undirected,0.3333333333333333,0.3333333333333333
90stvkid,CopiousCool,Undirected,0.5,0.5
90stvkid,butterflyfrenchfry,Undirected,0.3333333333333333,0.3333333333333333
90stvkid,Psychological-Gear78,Undirected,0.3333333333333333,0.3333333333333333
90stvkid,Effective_Nothing519,Undirected,0.3333333333333333,0.3333333333333333
90stvkid,Kekeegan,Undirected,0.3333333333333333,0.3333333333333333
90stvkid,aym0_0n,Undirected,0.3333333333333333,0.3333333333333333
90stvkid,Beneficial-Network91,Undirected,0.25,0.25
90stvkid,Squidieyy,Undirected,0.3333333333333333,0.3333333333333333
90stvkid,tyuptyupolpolp,Undirected,0.25,0.25
90stvkid,Hopeful_Worth315,Undirected,0.3333333333333333,0.3333333333333333
90stvkid,palilibre,Undirected,0.6666666666666666,0.6666666666666666
90stvkid,VISlONSOFALIFE,Undirected,0.3333333333333333,0.3333333333333333
90stvkid,Sp1dderxyz,Undirected,0.3333333333333333,0.3333333333333333
90stvkid,Responsible-Term4482,Undirected,0.3333333333333333,0.3333333333333333
90stvkid,cats_and_coffee15,Undirected,0.3333333333333333,0.3333333333333333
90stvkid,Amoonthedollygirl,Undirected,0.3333333333333333,0.3333333333333333
90stvkid,Ambitious-Narwhal158,Undirected,0.25,0.25
90stvkid,SamZ025,Undirected,0.3333333333333333,0.3333333333333333
90stvkid,Unfair_Enthusiasm696,Undirected,0.3333333333333333,0.3333333333333333
90stvkid,peachemistry,Undirected,0.3333333333333333,0.3333333333333333
90stvkid,Ok-Bicycle-12345,Undirected,0.3333333333333333,0.3333333333333333
90stvkid,ComfortableJello508,Undirected,0.3333333333333333,0.3333333333333333
90stvkid,FlabbyShabby,Undirected,0.3333333333333333,0.3333333333333333
90stvkid,Justarandomguy-fuck,Undirected,0.3333333333333333,0.3333333333333333
90stvkid,thatsjustarandomname,Undirected,0.3333333333333333,0.3333333333333333
90stvkid,ResearchWorking3402,Undirected,0.3333333333333333,0.3333333333333333
90stvkid,Late-Test2209,Undirected,0.3333333333333333,0.3333333333333333
90stvkid,MrLabbrow,Undirected,0.3333333333333333,0.3333333333333333
90stvkid,Akram-Brahimi,Undirected,0.25,0.25
90stvkid,Sea_Banana882,Undirected,0.6666666666666666,0.6666666666666666
90stvkid,CatacaX,Undirected,0.3333333333333333,0.3333333333333333
90stvkid,TonkaMaze,Undirected,0.3333333333333333,0.3333333333333333
90stvkid,m7mdhassballa,Undirected,0.3333333333333333,0.3333333333333333
90stvkid,J3ssM,Undirected,0.3333333333333333,0.3333333333333333
90stvkid,Early_Bad_,Undirected,0.3333333333333333,0.3333333333333333
90stvkid,Fantastic_Bag1560,Undirected,0.3333333333333333,0.3333333333333333
90stvkid,abenites99,Undirected,0.3333333333333333,0.3333333333333333
90stvkid,Zealousideal-Item607,Undirected,0.6666666666666666,0.6666666666666666
90stvkid,NewPatron-St,Undirected,0.3333333333333333,0.3333333333333333
90stvkid,ChangePrestigious702,Undirected,0.3333333333333333,0.3333333333333333
90stvkid,Moth_Man_68,Undirected,0.3333333333333333,0.3333333333333333
90stvkid,guibidesc,Undirected,0.3333333333333333,0.3333333333333333
90stvkid,No_Snow2245,Undirected,0.3333333333333333,0.3333333333333333
90stvkid,Perfect-Parking1536,Undirected,0.3333333333333333,0.3333333333333333
90stvkid,HuckleberryFuzzy918,Undirected,0.3333333333333333,0.3333333333333333
90stvkid,ResolutionDull5054,Undirected,0.3333333333333333,0.3333333333333333
90stvkid,Ok_Somewhere9687,Undirected,0.3333333333333333,0.3333333333333333
90stvkid,VanillaAdventurous74,Undirected,0.3333333333333333,0.3333333333333333
90stvkid,TheAlphaKiller17,Undirected,0.3333333333333333,0.3333333333333333
90stvkid,CrossingVoid,Undirected,0.3333333333333333,0.3333333333333333
90stvkid,Icy_Giraffe3903,Undirected,0.3333333333333333,0.3333333333333333
90stvkid,doctormelody18,Undirected,0.3333333333333333,0.3333333333333333
90stvkid,No_Degree3814,Undirected,0.3333333333333333,0.3333333333333333
Tr0jan___,manofwater3615,Undirected,0.2222222222222222,0.2222222222222222
Tr0jan___,TendieRetard,Undirected,0.2222222222222222,0.2222222222222222
Tr0jan___,ContentChecker,Undirected,0.7777777777777778,0.7777777777777778
Tr0jan___,Firm_Paint8474,Undirected,0.2222222222222222,0.2222222222222222
Tr0jan___,Ilovedia,Undirected,0.4444444444444444,0.4444444444444444
Tr0jan___,newsspotter,Undirected,0.4444444444444444,0.4444444444444444
Tr0jan___,K9Imperium,Undirected,0.2222222222222222,0.2222222222222222
Tr0jan___,YamFrosty6169,Undirected,0.2222222222222222,0.2222222222222222
Tr0jan___,Glad_Opinion_6339,Undirected,0.3333333333333333,0.3333333333333333
Tr0jan___,tortilla_avalanche,Undirected,0.2222222222222222,0.2222222222222222
Tr0jan___,[deleted],Undirected,0.7777777777777778,0.7777777777777778
Tr0jan___,Dingus-the-Mingus,Undirected,0.2222222222222222,0.2222222222222222
Tr0jan___,Die_Hard_new3492,Undirected,0.2222222222222222,0.2222222222222222
Tr0jan___,Practical_Chef_7897,Undirected,0.5555555555555556,0.5555555555555556
Tr0jan___,Burning-Bush-613,Undirected,0.2222222222222222,0.2222222222222222
Tr0jan___,endingcolonialism,Undirected,0.2222222222222222,0.2222222222222222
Tr0jan___,KnowTheTruthMatters,Undirected,0.4444444444444444,0.4444444444444444
Tr0jan___,Nomogg,Undirected,0.3,0.3
Tr0jan___,MrJasonMason,Undirected,0.2222222222222222,0.2222222222222222
Tr0jan___,KingofTrilobites123,Undirected,0.3333333333333333,0.3333333333333333
Tr0jan___,Apollo_Delphi,Undirected,0.2222222222222222,0.2222222222222222
Tr0jan___,SecretBiscotti8128,Undirected,0.2222222222222222,0.2222222222222222
Tr0jan___,adilbuilds,Undirected,0.4444444444444444,0.4444444444444444
Tr0jan___,pumpkinzh,Undirected,0.4444444444444444,0.4444444444444444
Tr0jan___,librephili,Undirected,0.6,0.6
Tr0jan___,Narrow_Guava_6239,Undirected,0.2222222222222222,0.2222222222222222
Tr0jan___,safemath,Undirected,0.2222222222222222,0.2222222222222222
Tr0jan___,Particular_Log_3594,Undirected,0.4444444444444444,0.4444444444444444
Tr0jan___,Enough_Credit_8199,Undirected,0.2222222222222222,0.2222222222222222
Tr0jan___,Financial_Smile4143,Undirected,0.3,0.3
Tr0jan___,jodio_hoestar,Undirected,0.2222222222222222,0.2222222222222222
Tr0jan___,Pinkblushdiva,Undirected,0.2222222222222222,0.2222222222222222
Tr0jan___,johnsmithoncemore,Undirected,0.2222222222222222,0.2222222222222222
Tr0jan___,Able_Compote6571,Undirected,0.3,0.3
Tr0jan___,CopiousCool,Undirected,0.3333333333333333,0.3333333333333333
Tr0jan___,Beneficial-Network91,Undirected,0.2222222222222222,0.2222222222222222
Tr0jan___,tyuptyupolpolp,Undirected,0.2222222222222222,0.2222222222222222
Tr0jan___,palilibre,Undirected,0.2222222222222222,0.2222222222222222
Tr0jan___,Wolf4612,Undirected,0.2222222222222222,0.2222222222222222
Tr0jan___,Ambitious-Narwhal158,Undirected,0.2222222222222222,0.2222222222222222
Tr0jan___,ElectricalChance3664,Undirected,0.3333333333333333,0.3333333333333333
Tr0jan___,Akram-Brahimi,Undirected,0.2222222222222222,0.2222222222222222
Tr0jan___,Sea_Banana882,Undirected,0.2222222222222222,0.2222222222222222
Tr0jan___,Ok_Strawberry_2143,Undirected,0.2222222222222222,0.2222222222222222
manofwater3615,BuyingDragonScimitar,Undirected,0.5,0.5
manofwater3615,Glad_Opinion_6339,Undirected,0.25,0.25
manofwater3615,Kernowite,Undirected,0.5,0.5
manofwater3615,[deleted],Undirected,0.2857142857142857,0.2857142857142857
manofwater3615,Die_Hard_new3492,Undirected,0.3333333333333333,0.3333333333333333
manofwater3615,pimpin_n_stuff,Undirected,0.5,0.5
manofwater3615,Altruistic_You9489,Undirected,0.5,0.5
manofwater3615,Nervous-Savings2251,Undirected,0.5,0.5
manofwater3615,Relative-Chain73,Undirected,0.5,0.5
manofwater3615,MagnusRottcodd,Undirected,0.5,0.5
manofwater3615,roxi3smiles,Undirected,0.5,0.5
manofwater3615,elifshafakenthusiast,Undirected,0.5,0.5
manofwater3615,yanonce,Undirected,0.5,0.5
manofwater3615,KingofTrilobites123,Undirected,0.25,0.25
manofwater3615,ThrovvQuestionsAway,Undirected,0.5,0.5
manofwater3615,kamotos,Undirected,0.5,0.5
manofwater3615,Apollo_Delphi,Undirected,0.3333333333333333,0.3333333333333333
manofwater3615,safemath,Undirected,0.3333333333333333,0.3333333333333333
manofwater3615,CosmiicBrowni,Undirected,0.5,0.5
manofwater3615,ShedSoManyTears4Gaza,Undirected,0.5,0.5
manofwater3615,dramaqueen09,Undirected,0.5,0.5
manofwater3615,Enough_Credit_8199,Undirected,0.3333333333333333,0.3333333333333333
manofwater3615,urek__mazino_4444,Undirected,0.5,0.5
manofwater3615,shladvic,Undirected,0.5,0.5
manofwater3615,Novel_Bass6032,Undirected,0.5,0.5
manofwater3615,littleeeloveee,Undirected,0.5,0.5
manofwater3615,CryingInTheGrass,Undirected,0.5,0.5
manofwater3615,tyuptyupolpolp,Undirected,0.3333333333333333,0.3333333333333333
manofwater3615,comrade-sunflower,Undirected,0.5,0.5
manofwater3615,walkyslaysh,Undirected,0.5,0.5
manofwater3615,hanandmeow,Undirected,0.5,0.5
manofwater3615,Ambitious-Narwhal158,Undirected,0.3333333333333333,0.3333333333333333
manofwater3615,GermanLetsKotz,Undirected,0.5,0.5
manofwater3615,KrackalackinKraken,Undirected,0.5,0.5
manofwater3615,SystemNo524,Undirected,0.5,0.5
manofwater3615,Altruistic-Look6136,Undirected,0.5,0.5
manofwater3615,Accomplished-Low9635,Undirected,0.5,0.5
manofwater3615,Forward-Molasses4404,Undirected,0.5,0.5
manofwater3615,Ok_Strawberry_2143,Undirected,0.3333333333333333,0.3333333333333333
manofwater3615,Ur_Shado,Undirected,0.5,0.5
manofwater3615,tallbigbear,Undirected,0.5,0.5
blue_dottt,TendieRetard,Undirected,0.5,0.5
blue_dottt,Ilovedia,Undirected,0.25,0.25
blue_dottt,Burning-Bush-613,Undirected,0.5,0.5
blue_dottt,KnowTheTruthMatters,Undirected,0.25,0.25
blue_dottt,Nomogg,Undirected,0.25,0.25
blue_dottt,MrJasonMason,Undirected,0.5,0.5
blue_dottt,torbatosecco,Undirected,1.0,1.0
blue_dottt,SecretBiscotti8128,Undirected,0.5,0.5
blue_dottt,QuranTutor_Muhamad,Undirected,1.0,1.0
blue_dottt,UXUI75,Undirected,1.0,1.0
blue_dottt,PerspectiveGrand716,Undirected,1.0,1.0
blue_dottt,Blood11Orange,Undirected,1.0,1.0
blue_dottt,weirdgurl24,Undirected,1.0,1.0
blue_dottt,johnsmithoncemore,Undirected,0.5,0.5
blue_dottt,Dangermouse0214,Undirected,1.0,1.0
blue_dottt,CopiousCool,Undirected,0.3333333333333333,0.3333333333333333
blue_dottt,Wolf4612,Undirected,0.5,0.5
blue_dottt,ElectricalChance3664,Undirected,0.3333333333333333,0.3333333333333333
blue_dottt,Ok_Strawberry_2143,Undirected,0.5,0.5
blue_dottt,venrir,Undirected,1.0,1.0
TendieRetard,ContentChecker,Undirected,0.2857142857142857,0.2857142857142857
TendieRetard,Firm_Paint8474,Undirected,0.3333333333333333,0.3333333333333333
TendieRetard,Ilovedia,Undirected,0.5,0.5
TendieRetard,Amr_Abu_Ouda,Undirected,0.5,0.5
TendieRetard,WhichSideOfNoWhere,Undirected,0.5,0.5
TendieRetard,GRS_89,Undirected,0.5,0.5
TendieRetard,Due_Sun9,Undirected,0.5,0.5
TendieRetard,CharlieSmith_27,Undirected,0.5,0.5
TendieRetard,K9Imperium,Undirected,0.3333333333333333,0.3333333333333333
TendieRetard,YamFrosty6169,Undirected,0.3333333333333333,0.3333333333333333
TendieRetard,reparationsNowToday,Undirected,0.5,0.5
TendieRetard,angels-cry,Undirected,0.5,0.5
TendieRetard,iLikeDucks72,Undirected,0.5,0.5
TendieRetard,CelestialCometDoll,Undirected,0.5,0.5
TendieRetard,tortilla_avalanche,Undirected,0.3333333333333333,0.3333333333333333
TendieRetard,Relative-Narwhal-504,Undirected,0.5,0.5
TendieRetard,Brutally_Honest_Swan,Undirected,0.5,0.5
TendieRetard,[deleted],Undirected,0.2857142857142857,0.2857142857142857
TendieRetard,OmegaDGalaxyGoji777,Undirected,0.5,0.5
TendieRetard,Life-Focus-3105,Undirected,0.5,0.5
TendieRetard,Dingus-the-Mingus,Undirected,0.3333333333333333,0.3333333333333333
TendieRetard,Virtual_Ad_4734,Undirected,0.5,0.5
TendieRetard,SuccessfulOwl9919,Undirected,0.5,0.5
TendieRetard,mornunglake,Undirected,0.5,0.5
TendieRetard,veinsouls,Undirected,0.5,0.5
TendieRetard,No-Trick-7397,Undirected,0.5,0.5
TendieRetard,dark00H,Undirected,0.5,0.5
TendieRetard,DesignerSkyline01,Undirected,0.5,0.5
TendieRetard,Accomplished_Cry6108,Undirected,0.5,0.5
TendieRetard,SchemeBoth2169,Undirected,0.5,0.5
TendieRetard,CraftyOpportunity646,Undirected,0.5,0.5
TendieRetard,VolkswagenPanda,Undirected,0.5,0.5
TendieRetard,amotivatedgal,Undirected,0.5,0.5
TendieRetard,Pack_Em_Up,Undirected,0.5,0.5
TendieRetard,Burning-Bush-613,Undirected,1.0,1.0
TendieRetard,SnooOnions4663,Undirected,0.5,0.5
TendieRetard,mar_de_mariposas,Undirected,0.5,0.5
TendieRetard,endingcolonialism,Undirected,0.3333333333333333,0.3333333333333333
TendieRetard,KnowTheTruthMatters,Undirected,0.5,0.5
TendieRetard,barb_20,Undirected,0.5,0.5
TendieRetard,Fhlurrhy108,Undirected,0.5,0.5
TendieRetard,antifamarketer,Undirected,0.5,0.5
TendieRetard,MoonGlissades,Undirected,0.5,0.5
TendieRetard,MrJasonMason,Undirected,1.0,1.0
TendieRetard,shane_4_us,Undirected,0.5,0.5
TendieRetard,Comfortable_Spend436,Undirected,0.5,0.5
TendieRetard,KingofTrilobites123,Undirected,0.25,0.25
TendieRetard,ABCecy,Undirected,0.5,0.5
TendieRetard,Apollo_Delphi,Undirected,0.3333333333333333,0.3333333333333333
TendieRetard,Alternative-Dare-601,Undirected,0.5,0.5
TendieRetard,torbatosecco,Undirected,0.5,0.5
TendieRetard,Witty-Savings-2048,Undirected,0.5,0.5
TendieRetard,SecretBiscotti8128,Undirected,1.0,1.0
TendieRetard,QuranTutor_Muhamad,Undirected,0.5,0.5
TendieRetard,UXUI75,Undirected,0.5,0.5
TendieRetard,librephili,Undirected,0.2857142857142857,0.2857142857142857
TendieRetard,Narrow_Guava_6239,Undirected,0.3333333333333333,0.3333333333333333
TendieRetard,Able_Ad_4891,Undirected,0.5,0.5
TendieRetard,PerspectiveGrand716,Undirected,0.5,0.5
TendieRetard,itsamefas,Undirected,0.5,0.5
TendieRetard,CosmeticChemistPro,Undirected,0.5,0.5
TendieRetard,Hamdan-mohamed,Undirected,0.5,0.5
TendieRetard,Blood11Orange,Undirected,0.5,0.5
TendieRetard,SillyPassion7773,Undirected,0.5,0.5
TendieRetard,That-Flamingo9866,Undirected,0.5,0.5
TendieRetard,No_Newspaper_2914,Undirected,0.5,0.5
TendieRetard,Sad_Recognition_6037,Undirected,0.5,0.5
TendieRetard,DarkShadow13206,Undirected,0.5,0.5
TendieRetard,introvertaltsakki,Undirected,0.5,0.5
TendieRetard,Jealous-Ad-4838,Undirected,0.5,0.5
TendieRetard,PandoraHadess,Undirected,0.5,0.5
TendieRetard,Weird-Noise-180,Undirected,0.5,0.5
TendieRetard,ElkNational9973,Undirected,0.5,0.5
TendieRetard,Colei_the_weird,Undirected,0.5,0.5
TendieRetard,isaboobers,Undirected,0.5,0.5
TendieRetard,weirdgurl24,Undirected,0.5,0.5
TendieRetard,Ok-Divide4719,Undirected,0.3333333333333333,0.3333333333333333
TendieRetard,LofiOcean131,Undirected,0.5,0.5
TendieRetard,Apprehensive-Cut9959,Undirected,0.5,0.5
TendieRetard,Pinkblushdiva,Undirected,0.3333333333333333,0.3333333333333333
TendieRetard,johnsmithoncemore,Undirected,0.3333333333333333,0.3333333333333333
TendieRetard,Dangermouse0214,Undirected,0.5,0.5
TendieRetard,Ridussey,Undirected,0.5,0.5
TendieRetard,Away-Lavishness-3805,Undirected,0.5,0.5
TendieRetard,winter_in_eden,Undirected,0.5,0.5
TendieRetard,Asinead666,Undirected,0.5,0.5
TendieRetard,SnooOwls4954,Undirected,0.5,0.5
TendieRetard,Margiethecat,Undirected,0.5,0.5
TendieRetard,pickl3dguava,Undirected,0.5,0.5
TendieRetard,CopiousCool,Undirected,0.6666666666666666,0.6666666666666666
TendieRetard,butterflyfrenchfry,Undirected,0.5,0.5
TendieRetard,Effective_Nothing519,Undirected,0.5,0.5
TendieRetard,Kekeegan,Undirected,0.5,0.5
TendieRetard,aym0_0n,Undirected,0.5,0.5
TendieRetard,Beneficial-Network91,Undirected,0.3333333333333333,0.3333333333333333
TendieRetard,tyuptyupolpolp,Undirected,0.3333333333333333,0.3333333333333333
TendieRetard,Hopeful_Worth315,Undirected,0.5,0.5
TendieRetard,palilibre,Undirected,0.3333333333333333,0.3333333333333333
TendieRetard,VISlONSOFALIFE,Undirected,0.5,0.5
TendieRetard,Wolf4612,Undirected,0.3333333333333333,0.3333333333333333
TendieRetard,Sp1dderxyz,Undirected,0.5,0.5
TendieRetard,cats_and_coffee15,Undirected,0.5,0.5
TendieRetard,Ambitious-Narwhal158,Undirected,0.3333333333333333,0.3333333333333333
TendieRetard,peachemistry,Undirected,0.5,0.5
TendieRetard,thatsjustarandomname,Undirected,0.5,0.5
TendieRetard,ElectricalChance3664,Undirected,0.25,0.25
TendieRetard,Akram-Brahimi,Undirected,0.3333333333333333,0.3333333333333333
TendieRetard,Sea_Banana882,Undirected,0.3333333333333333,0.3333333333333333
TendieRetard,m7mdhassballa,Undirected,0.5,0.5
TendieRetard,Fantastic_Bag1560,Undirected,0.5,0.5
TendieRetard,HuckleberryFuzzy918,Undirected,0.5,0.5
TendieRetard,ResolutionDull5054,Undirected,0.5,0.5
TendieRetard,Ok_Strawberry_2143,Undirected,0.3333333333333333,0.3333333333333333
TendieRetard,VanillaAdventurous74,Undirected,0.5,0.5
TendieRetard,TheAlphaKiller17,Undirected,0.5,0.5
TendieRetard,venrir,Undirected,0.5,0.5
TendieRetard,doctormelody18,Undirected,0.5,0.5
ContentChecker,Firm_Paint8474,Undirected,0.2857142857142857,0.2857142857142857
ContentChecker,Ilovedia,Undirected,0.375,0.375
ContentChecker,newsspotter,Undirected,0.5714285714285714,0.5714285714285714
ContentChecker,K9Imperium,Undirected,0.2857142857142857,0.2857142857142857
ContentChecker,YamFrosty6169,Undirected,0.2857142857142857,0.2857142857142857
ContentChecker,Glad_Opinion_6339,Undirected,0.42857142857142855,0.42857142857142855
ContentChecker,tortilla_avalanche,Undirected,0.2857142857142857,0.2857142857142857
ContentChecker,[deleted],Undirected,0.5555555555555556,0.5555555555555556
ContentChecker,Dingus-the-Mingus,Undirected,0.2857142857142857,0.2857142857142857
ContentChecker,Practical_Chef_7897,Undirected,0.5,0.5
ContentChecker,Burning-Bush-613,Undirected,0.2857142857142857,0.2857142857142857
ContentChecker,endingcolonialism,Undirected,0.2857142857142857,0.2857142857142857
ContentChecker,KnowTheTruthMatters,Undirected,0.375,0.375
ContentChecker,Nomogg,Undirected,0.375,0.375
ContentChecker,MrJasonMason,Undirected,0.2857142857142857,0.2857142857142857
ContentChecker,KingofTrilobites123,Undirected,0.25,0.25
ContentChecker,Apollo_Delphi,Undirected,0.2857142857142857,0.2857142857142857
ContentChecker,SecretBiscotti8128,Undirected,0.2857142857142857,0.2857142857142857
ContentChecker,adilbuilds,Undirected,0.375,0.375
ContentChecker,pumpkinzh,Undirected,0.375,0.375
ContentChecker,librephili,Undirected,0.5555555555555556,0.5555555555555556
ContentChecker,Particular_Log_3594,Undirected,0.375,0.375
ContentChecker,Financial_Smile4143,Undirected,0.375,0.375
ContentChecker,jodio_hoestar,Undirected,0.2857142857142857,0.2857142857142857
ContentChecker,Pinkblushdiva,Undirected,0.2857142857142857,0.2857142857142857
ContentChecker,johnsmithoncemore,Undirected,0.2857142857142857,0.2857142857142857
ContentChecker,Able_Compote6571,Undirected,0.375,0.375
ContentChecker,CopiousCool,Undirected,0.42857142857142855,0.42857142857142855
ContentChecker,palilibre,Undirected,0.2857142857142857,0.2857142857142857
ContentChecker,Ambitious-Narwhal158,Undirected,0.2857142857142857,0.2857142857142857
ContentChecker,ElectricalChance3664,Undirected,0.42857142857142855,0.42857142857142855
ContentChecker,Akram-Brahimi,Undirected,0.2857142857142857,0.2857142857142857
ContentChecker,Sea_Banana882,Undirected,0.2857142857142857,0.2857142857142857
Reasonable-Image-938,Ilovedia,Undirected,0.25,0.25
Reasonable-Image-938,newsspotter,Undirected,0.25,0.25
Reasonable-Image-938,redSpider2077,Undirected,1.0,1.0
Reasonable-Image-938,FireProStan,Undirected,1.0,1.0
Reasonable-Image-938,K9Imperium,Undirected,0.5,0.5
Reasonable-Image-938,YamFrosty6169,Undirected,0.5,0.5
Reasonable-Image-938,Glad_Opinion_6339,Undirected,0.3333333333333333,0.3333333333333333
Reasonable-Image-938,Affectionate-Rent415,Undirected,1.0,1.0
Reasonable-Image-938,ChargeResponsible112,Undirected,1.0,1.0
Reasonable-Image-938,Dingus-the-Mingus,Undirected,0.5,0.5
Reasonable-Image-938,Fledgling_112896,Undirected,1.0,1.0
Reasonable-Image-938,Imaginary-Hold5898,Undirected,1.0,1.0
Reasonable-Image-938,endingcolonialism,Undirected,0.5,0.5
Reasonable-Image-938,KnowTheTruthMatters,Undirected,0.25,0.25
Reasonable-Image-938,Pepperina_G,Undirected,1.0,1.0
Reasonable-Image-938,Dear-Boot4077,Undirected,1.0,1.0
Reasonable-Image-938,KingofTrilobites123,Undirected,0.3333333333333333,0.3333333333333333
Reasonable-Image-938,ReachZestyclose,Undirected,1.0,1.0
Reasonable-Image-938,Ok-Following6886,Undirected,1.0,1.0
Reasonable-Image-938,adilbuilds,Undirected,0.25,0.25
Reasonable-Image-938,pumpkinzh,Undirected,0.25,0.25
Reasonable-Image-938,Songmorning,Undirected,1.0,1.0
Reasonable-Image-938,Plane-Imagination593,Undirected,1.0,1.0
Reasonable-Image-938,safemath,Undirected,0.5,0.5
Reasonable-Image-938,Particular_Log_3594,Undirected,0.25,0.25
Reasonable-Image-938,chopstickemup,Undirected,1.0,1.0
Reasonable-Image-938,carTot254,Undirected,1.0,1.0
Reasonable-Image-938,natural_piano1836,Undirected,1.0,1.0
Reasonable-Image-938,librePali,Undirected,1.0,1.0
Reasonable-Image-938,ExtHD,Undirected,1.0,1.0
Reasonable-Image-938,ibrahim_D12,Undirected,1.0,1.0
Reasonable-Image-938,ConfidenceCareless71,Undirected,1.0,1.0
Reasonable-Image-938,Enough_Credit_8199,Undirected,0.5,0.5
Reasonable-Image-938,Miserable-Spinach867,Undirected,1.0,1.0
Reasonable-Image-938,Big_Fennel2186,Undirected,1.0,1.0
Reasonable-Image-938,Financial_Smile4143,Undirected,0.25,0.25
Reasonable-Image-938,jodio_hoestar,Undirected,0.5,0.5
Reasonable-Image-938,Pinkblushdiva,Undirected,0.5,0.5
Reasonable-Image-938,Able_Compote6571,Undirected,0.25,0.25
Reasonable-Image-938,CopiousCool,Undirected,0.3333333333333333,0.3333333333333333
Reasonable-Image-938,Squidieyy,Undirected,1.0,1.0
Reasonable-Image-938,palilibre,Undirected,0.5,0.5
Reasonable-Image-938,Responsible-Term4482,Undirected,1.0,1.0
Reasonable-Image-938,Unfair_Enthusiasm696,Undirected,1.0,1.0
Reasonable-Image-938,Ok-Bicycle-12345,Undirected,1.0,1.0
Reasonable-Image-938,ComfortableJello508,Undirected,1.0,1.0
Reasonable-Image-938,FlabbyShabby,Undirected,1.0,1.0
Reasonable-Image-938,Justarandomguy-fuck,Undirected,1.0,1.0
Reasonable-Image-938,Late-Test2209,Undirected,1.0,1.0
Reasonable-Image-938,ElectricalChance3664,Undirected,0.3333333333333333,0.3333333333333333
Reasonable-Image-938,MrLabbrow,Undirected,1.0,1.0
Reasonable-Image-938,Sea_Banana882,Undirected,0.5,0.5
Reasonable-Image-938,CatacaX,Undirected,1.0,1.0
Reasonable-Image-938,TonkaMaze,Undirected,1.0,1.0
Reasonable-Image-938,J3ssM,Undirected,1.0,1.0
Reasonable-Image-938,Early_Bad_,Undirected,1.0,1.0
Reasonable-Image-938,abenites99,Undirected,1.0,1.0
Reasonable-Image-938,Zealousideal-Item607,Undirected,0.5,0.5
Reasonable-Image-938,NewPatron-St,Undirected,1.0,1.0
Reasonable-Image-938,ChangePrestigious702,Undirected,1.0,1.0
Reasonable-Image-938,Moth_Man_68,Undirected,1.0,1.0
Reasonable-Image-938,No_Snow2245,Undirected,1.0,1.0
Reasonable-Image-938,Perfect-Parking1536,Undirected,1.0,1.0
Reasonable-Image-938,Ok_Somewhere9687,Undirected,1.0,1.0
Reasonable-Image-938,CrossingVoid,Undirected,1.0,1.0
Reasonable-Image-938,Icy_Giraffe3903,Undirected,1.0,1.0
Reasonable-Image-938,No_Degree3814,Undirected,1.0,1.0
Firm_Paint8474,Amr_Abu_Ouda,Undirected,0.5,0.5
Firm_Paint8474,WhichSideOfNoWhere,Undirected,0.5,0.5
Firm_Paint8474,GRS_89,Undirected,0.5,0.5
Firm_Paint8474,Due_Sun9,Undirected,0.5,0.5
Firm_Paint8474,CharlieSmith_27,Undirected,0.5,0.5
Firm_Paint8474,K9Imperium,Undirected,0.3333333333333333,0.3333333333333333
Firm_Paint8474,YamFrosty6169,Undirected,0.3333333333333333,0.3333333333333333
Firm_Paint8474,reparationsNowToday,Undirected,0.5,0.5
Firm_Paint8474,Glad_Opinion_6339,Undirected,0.25,0.25
Firm_Paint8474,angels-cry,Undirected,0.5,0.5
Firm_Paint8474,iLikeDucks72,Undirected,0.5,0.5
Firm_Paint8474,CelestialCometDoll,Undirected,0.5,0.5
Firm_Paint8474,tortilla_avalanche,Undirected,1.0,1.0
Firm_Paint8474,Relative-Narwhal-504,Undirected,0.5,0.5
Firm_Paint8474,Brutally_Honest_Swan,Undirected,0.5,0.5
Firm_Paint8474,OmegaDGalaxyGoji777,Undirected,0.5,0.5
Firm_Paint8474,Life-Focus-3105,Undirected,0.5,0.5
Firm_Paint8474,Dingus-the-Mingus,Undirected,0.3333333333333333,0.3333333333333333
Firm_Paint8474,Virtual_Ad_4734,Undirected,0.5,0.5
Firm_Paint8474,SuccessfulOwl9919,Undirected,0.5,0.5
Firm_Paint8474,mornunglake,Undirected,0.5,0.5
Firm_Paint8474,veinsouls,Undirected,0.5,0.5
Firm_Paint8474,No-Trick-7397,Undirected,0.5,0.5
Firm_Paint8474,dark00H,Undirected,0.5,0.5
Firm_Paint8474,DesignerSkyline01,Undirected,0.5,0.5
Firm_Paint8474,Accomplished_Cry6108,Undirected,0.5,0.5
Firm_Paint8474,SchemeBoth2169,Undirected,0.5,0.5
Firm_Paint8474,CraftyOpportunity646,Undirected,0.5,0.5
Firm_Paint8474,VolkswagenPanda,Undirected,0.5,0.5
Firm_Paint8474,amotivatedgal,Undirected,0.5,0.5
Firm_Paint8474,Pack_Em_Up,Undirected,0.5,0.5
Firm_Paint8474,Burning-Bush-613,Undirected,0.3333333333333333,0.3333333333333333
Firm_Paint8474,SnooOnions4663,Undirected,0.5,0.5
Firm_Paint8474,mar_de_mariposas,Undirected,0.5,0.5
Firm_Paint8474,endingcolonialism,Undirected,0.3333333333333333,0.3333333333333333
Firm_Paint8474,barb_20,Undirected,0.5,0.5
Firm_Paint8474,Fhlurrhy108,Undirected,0.5,0.5
Firm_Paint8474,antifamarketer,Undirected,0.5,0.5
Firm_Paint8474,MoonGlissades,Undirected,0.5,0.5
Firm_Paint8474,MrJasonMason,Undirected,0.3333333333333333,0.3333333333333333
Firm_Paint8474,shane_4_us,Undirected,0.5,0.5
Firm_Paint8474,Comfortable_Spend436,Undirected,0.5,0.5
Firm_Paint8474,KingofTrilobites123,Undirected,0.25,0.25
Firm_Paint8474,ABCecy,Undirected,0.5,0.5
Firm_Paint8474,Apollo_Delphi,Undirected,0.3333333333333333,0.3333333333333333
Firm_Paint8474,Alternative-Dare-601,Undirected,0.5,0.5
Firm_Paint8474,Witty-Savings-2048,Undirected,0.5,0.5
Firm_Paint8474,SecretBiscotti8128,Undirected,0.3333333333333333,0.3333333333333333
Firm_Paint8474,adilbuilds,Undirected,0.5,0.5
Firm_Paint8474,whater39,Undirected,0.5,0.5
Firm_Paint8474,Narrow_Guava_6239,Undirected,0.3333333333333333,0.3333333333333333
Firm_Paint8474,Able_Ad_4891,Undirected,0.5,0.5
Firm_Paint8474,itsamefas,Undirected,0.5,0.5
Firm_Paint8474,CosmeticChemistPro,Undirected,0.5,0.5
Firm_Paint8474,Hamdan-mohamed,Undirected,0.5,0.5
Firm_Paint8474,CNCMachina,Undirected,0.5,0.5
Firm_Paint8474,SillyPassion7773,Undirected,0.5,0.5
Firm_Paint8474,That-Flamingo9866,Undirected,0.5,0.5
Firm_Paint8474,No_Newspaper_2914,Undirected,0.5,0.5
Firm_Paint8474,Sad_Recognition_6037,Undirected,0.5,0.5
Firm_Paint8474,DarkShadow13206,Undirected,0.5,0.5
Firm_Paint8474,introvertaltsakki,Undirected,0.5,0.5
Firm_Paint8474,Jealous-Ad-4838,Undirected,0.5,0.5
Firm_Paint8474,PandoraHadess,Undirected,0.5,0.5
Firm_Paint8474,Weird-Noise-180,Undirected,0.5,0.5
Firm_Paint8474,ElkNational9973,Undirected,0.5,0.5
Firm_Paint8474,jodio_hoestar,Undirected,0.3333333333333333,0.3333333333333333
Firm_Paint8474,Colei_the_weird,Undirected,0.5,0.5
Firm_Paint8474,isaboobers,Undirected,0.5,0.5
Firm_Paint8474,Ok-Divide4719,Undirected,0.3333333333333333,0.3333333333333333
Firm_Paint8474,LofiOcean131,Undirected,0.5,0.5
Firm_Paint8474,Apprehensive-Cut9959,Undirected,0.5,0.5
Firm_Paint8474,Pinkblushdiva,Undirected,0.3333333333333333,0.3333333333333333
Firm_Paint8474,Ridussey,Undirected,0.5,0.5
Firm_Paint8474,Away-Lavishness-3805,Undirected,0.5,0.5
Firm_Paint8474,winter_in_eden,Undirected,0.5,0.5
Firm_Paint8474,Asinead666,Undirected,0.5,0.5
Firm_Paint8474,SnooOwls4954,Undirected,0.5,0.5
Firm_Paint8474,Margiethecat,Undirected,0.5,0.5
Firm_Paint8474,pickl3dguava,Undirected,0.5,0.5
Firm_Paint8474,CopiousCool,Undirected,0.25,0.25
Firm_Paint8474,butterflyfrenchfry,Undirected,0.5,0.5
Firm_Paint8474,Effective_Nothing519,Undirected,0.5,0.5
Firm_Paint8474,Kekeegan,Undirected,0.5,0.5
Firm_Paint8474,Rich_Ask3503,Undirected,0.5,0.5
Firm_Paint8474,aym0_0n,Undirected,0.5,0.5
Firm_Paint8474,Beneficial-Network91,Undirected,0.3333333333333333,0.3333333333333333
Firm_Paint8474,tyuptyupolpolp,Undirected,0.3333333333333333,0.3333333333333333
Firm_Paint8474,Hopeful_Worth315,Undirected,0.5,0.5
Firm_Paint8474,palilibre,Undirected,0.3333333333333333,0.3333333333333333
Firm_Paint8474,VISlONSOFALIFE,Undirected,0.5,0.5
Firm_Paint8474,Sp1dderxyz,Undirected,0.5,0.5
Firm_Paint8474,cats_and_coffee15,Undirected,0.5,0.5
Firm_Paint8474,Ambitious-Narwhal158,Undirected,0.3333333333333333,0.3333333333333333
Firm_Paint8474,peachemistry,Undirected,0.5,0.5
Firm_Paint8474,thatsjustarandomname,Undirected,0.5,0.5
Firm_Paint8474,Akram-Brahimi,Undirected,1.0,1.0
Firm_Paint8474,Sea_Banana882,Undirected,0.3333333333333333,0.3333333333333333
Firm_Paint8474,m7mdhassballa,Undirected,0.5,0.5
Firm_Paint8474,Fantastic_Bag1560,Undirected,0.5,0.5
Firm_Paint8474,HuckleberryFuzzy918,Undirected,0.5,0.5
Firm_Paint8474,ResolutionDull5054,Undirected,0.5,0.5
Firm_Paint8474,secret-agent-zero,Undirected,0.5,0.5
Firm_Paint8474,VanillaAdventurous74,Undirected,0.5,0.5
Firm_Paint8474,TheAlphaKiller17,Undirected,0.5,0.5
Firm_Paint8474,doctormelody18,Undirected,0.5,0.5
Ilovedia,newsspotter,Undirected,0.3333333333333333,0.3333333333333333
Ilovedia,Amr_Abu_Ouda,Undirected,0.25,0.25
Ilovedia,WhichSideOfNoWhere,Undirected,0.25,0.25
Ilovedia,GRS_89,Undirected,0.25,0.25
Ilovedia,Due_Sun9,Undirected,0.25,0.25
Ilovedia,CharlieSmith_27,Undirected,0.25,0.25
Ilovedia,redSpider2077,Undirected,0.25,0.25
Ilovedia,FireProStan,Undirected,0.25,0.25
Ilovedia,K9Imperium,Undirected,0.5,0.5
Ilovedia,YamFrosty6169,Undirected,0.5,0.5
Ilovedia,reparationsNowToday,Undirected,0.25,0.25
Ilovedia,angels-cry,Undirected,0.25,0.25
Ilovedia,iLikeDucks72,Undirected,0.25,0.25
Ilovedia,Affectionate-Rent415,Undirected,0.25,0.25
Ilovedia,CelestialCometDoll,Undirected,0.25,0.25
Ilovedia,ChargeResponsible112,Undirected,0.25,0.25
Ilovedia,Kernowite,Undirected,0.25,0.25
Ilovedia,Relative-Narwhal-504,Undirected,0.25,0.25
Ilovedia,Brutally_Honest_Swan,Undirected,0.25,0.25
Ilovedia,[deleted],Undirected,0.5714285714285714,0.5714285714285714
Ilovedia,OmegaDGalaxyGoji777,Undirected,0.25,0.25
Ilovedia,Life-Focus-3105,Undirected,0.25,0.25
Ilovedia,Dingus-the-Mingus,Undirected,0.5,0.5
Ilovedia,Fledgling_112896,Undirected,0.25,0.25
Ilovedia,Virtual_Ad_4734,Undirected,0.25,0.25
Ilovedia,SuccessfulOwl9919,Undirected,0.25,0.25
Ilovedia,mornunglake,Undirected,0.25,0.25
Ilovedia,veinsouls,Undirected,0.25,0.25
Ilovedia,pimpin_n_stuff,Undirected,0.25,0.25
Ilovedia,No-Trick-7397,Undirected,0.25,0.25
Ilovedia,dark00H,Undirected,0.25,0.25
Ilovedia,Altruistic_You9489,Undirected,0.25,0.25
Ilovedia,Nervous-Savings2251,Undirected,0.25,0.25
Ilovedia,DesignerSkyline01,Undirected,0.25,0.25
Ilovedia,Accomplished_Cry6108,Undirected,0.25,0.25
Ilovedia,SchemeBoth2169,Undirected,0.25,0.25
Ilovedia,CraftyOpportunity646,Undirected,0.25,0.25
Ilovedia,VolkswagenPanda,Undirected,0.25,0.25
Ilovedia,Imaginary-Hold5898,Undirected,0.25,0.25
Ilovedia,Practical_Chef_7897,Undirected,0.2857142857142857,0.2857142857142857
Ilovedia,amotivatedgal,Undirected,0.25,0.25
Ilovedia,Pack_Em_Up,Undirected,0.25,0.25
Ilovedia,Burning-Bush-613,Undirected,0.5,0.5
Ilovedia,SnooOnions4663,Undirected,0.25,0.25
Ilovedia,mar_de_mariposas,Undirected,0.25,0.25
Ilovedia,endingcolonialism,Undirected,0.5,0.5
Ilovedia,KnowTheTruthMatters,Undirected,1.0,1.0
Ilovedia,Pepperina_G,Undirected,0.25,0.25
Ilovedia,barb_20,Undirected,0.25,0.25
Ilovedia,Fhlurrhy108,Undirected,0.25,0.25
Ilovedia,antifamarketer,Undirected,0.25,0.25
Ilovedia,roxi3smiles,Undirected,0.25,0.25
Ilovedia,MoonGlissades,Undirected,0.25,0.25
Ilovedia,Dear-Boot4077,Undirected,0.25,0.25
Ilovedia,MrJasonMason,Undirected,0.5,0.5
Ilovedia,shane_4_us,Undirected,0.25,0.25
Ilovedia,Comfortable_Spend436,Undirected,0.25,0.25
Ilovedia,KingofTrilobites123,Undirected,0.75,0.75
Ilovedia,ABCecy,Undirected,0.25,0.25
Ilovedia,ThrovvQuestionsAway,Undirected,0.25,0.25
Ilovedia,Alternative-Dare-601,Undirected,0.25,0.25
Ilovedia,ReachZestyclose,Undirected,0.25,0.25
Ilovedia,torbatosecco,Undirected,0.25,0.25
Ilovedia,Witty-Savings-2048,Undirected,0.25,0.25
Ilovedia,Ok-Following6886,Undirected,0.25,0.25
Ilovedia,SecretBiscotti8128,Undirected,0.5,0.5
Ilovedia,adilbuilds,Undirected,0.3333333333333333,0.3333333333333333
Ilovedia,QuranTutor_Muhamad,Undirected,0.25,0.25
Ilovedia,UXUI75,Undirected,0.25,0.25
Ilovedia,librephili,Undirected,0.5714285714285714,0.5714285714285714
Ilovedia,Songmorning,Undirected,0.25,0.25
Ilovedia,Plane-Imagination593,Undirected,0.25,0.25
Ilovedia,safemath,Undirected,0.5,0.5
Ilovedia,Particular_Log_3594,Undirected,0.3333333333333333,0.3333333333333333
Ilovedia,chopstickemup,Undirected,0.25,0.25
Ilovedia,Able_Ad_4891,Undirected,0.25,0.25
Ilovedia,PerspectiveGrand716,Undirected,0.25,0.25
Ilovedia,CosmiicBrowni,Undirected,0.25,0.25
Ilovedia,carTot254,Undirected,0.25,0.25
Ilovedia,ShedSoManyTears4Gaza,Undirected,0.25,0.25
Ilovedia,itsamefas,Undirected,0.25,0.25
Ilovedia,CosmeticChemistPro,Undirected,0.25,0.25
Ilovedia,Hamdan-mohamed,Undirected,0.25,0.25
Ilovedia,natural_piano1836,Undirected,0.25,0.25
Ilovedia,Blood11Orange,Undirected,0.25,0.25
Ilovedia,SillyPassion7773,Undirected,0.25,0.25
Ilovedia,librePali,Undirected,0.25,0.25
Ilovedia,ExtHD,Undirected,0.25,0.25
Ilovedia,ibrahim_D12,Undirected,0.25,0.25
Ilovedia,That-Flamingo9866,Undirected,0.25,0.25
Ilovedia,ConfidenceCareless71,Undirected,0.25,0.25
Ilovedia,No_Newspaper_2914,Undirected,0.25,0.25
Ilovedia,Enough_Credit_8199,Undirected,0.5,0.5
Ilovedia,Sad_Recognition_6037,Undirected,0.25,0.25
Ilovedia,DarkShadow13206,Undirected,0.25,0.25
Ilovedia,Miserable-Spinach867,Undirected,0.25,0.25
Ilovedia,Big_Fennel2186,Undirected,0.25,0.25
Ilovedia,introvertaltsakki,Undirected,0.25,0.25
Ilovedia,Jealous-Ad-4838,Undirected,0.25,0.25
Ilovedia,urek__mazino_4444,Undirected,0.25,0.25
Ilovedia,PandoraHadess,Undirected,0.25,0.25
Ilovedia,Weird-Noise-180,Undirected,0.25,0.25
Ilovedia,Financial_Smile4143,Undirected,0.3333333333333333,0.3333333333333333
Ilovedia,ElkNational9973,Undirected,0.25,0.25
Ilovedia,Colei_the_weird,Undirected,0.25,0.25
Ilovedia,isaboobers,Undirected,0.25,0.25
Ilovedia,weirdgurl24,Undirected,0.25,0.25
Ilovedia,shladvic,Undirected,0.25,0.25
Ilovedia,LofiOcean131,Undirected,0.25,0.25
Ilovedia,Apprehensive-Cut9959,Undirected,0.25,0.25
Ilovedia,Pinkblushdiva,Undirected,0.5,0.5
Ilovedia,Dangermouse0214,Undirected,0.25,0.25
Ilovedia,Ridussey,Undirected,0.25,0.25
Ilovedia,Away-Lavishness-3805,Undirected,0.25,0.25
Ilovedia,winter_in_eden,Undirected,0.25,0.25
Ilovedia,Asinead666,Undirected,0.25,0.25
Ilovedia,SnooOwls4954,Undirected,0.25,0.25
Ilovedia,Margiethecat,Undirected,0.25,0.25
Ilovedia,Able_Compote6571,Undirected,0.3333333333333333,0.3333333333333333
Ilovedia,pickl3dguava,Undirected,0.25,0.25
Ilovedia,CopiousCool,Undirected,0.75,0.75
Ilovedia,butterflyfrenchfry,Undirected,0.25,0.25
Ilovedia,littleeeloveee,Undirected,0.25,0.25
Ilovedia,Effective_Nothing519,Undirected,0.25,0.25
Ilovedia,CryingInTheGrass,Undirected,0.25,0.25
Ilovedia,Kekeegan,Undirected,0.25,0.25
Ilovedia,aym0_0n,Undirected,0.25,0.25
Ilovedia,Squidieyy,Undirected,0.25,0.25
Ilovedia,tyuptyupolpolp,Undirected,0.5,0.5
Ilovedia,Hopeful_Worth315,Undirected,0.25,0.25
Ilovedia,palilibre,Undirected,0.5,0.5
Ilovedia,VISlONSOFALIFE,Undirected,0.25,0.25
Ilovedia,Sp1dderxyz,Undirected,0.25,0.25
Ilovedia,Responsible-Term4482,Undirected,0.25,0.25
Ilovedia,cats_and_coffee15,Undirected,0.25,0.25
Ilovedia,walkyslaysh,Undirected,0.25,0.25
Ilovedia,hanandmeow,Undirected,0.25,0.25
Ilovedia,Unfair_Enthusiasm696,Undirected,0.25,0.25
Ilovedia,peachemistry,Undirected,0.25,0.25
Ilovedia,Ok-Bicycle-12345,Undirected,0.25,0.25
Ilovedia,ComfortableJello508,Undirected,0.25,0.25
Ilovedia,KrackalackinKraken,Undirected,0.25,0.25
Ilovedia,SystemNo524,Undirected,0.25,0.25
Ilovedia,FlabbyShabby,Undirected,0.25,0.25
Ilovedia,Justarandomguy-fuck,Undirected,0.25,0.25
Ilovedia,thatsjustarandomname,Undirected,0.25,0.25
Ilovedia,Late-Test2209,Undirected,0.25,0.25
Ilovedia,ElectricalChance3664,Undirected,0.4,0.4
Ilovedia,MrLabbrow,Undirected,0.25,0.25
Ilovedia,Sea_Banana882,Undirected,0.5,0.5
Ilovedia,CatacaX,Undirected,0.25,0.25
Ilovedia,Altruistic-Look6136,Undirected,0.25,0.25
Ilovedia,TonkaMaze,Undirected,0.25,0.25
Ilovedia,m7mdhassballa,Undirected,0.25,0.25
Ilovedia,J3ssM,Undirected,0.25,0.25
Ilovedia,Early_Bad_,Undirected,0.25,0.25
Ilovedia,Accomplished-Low9635,Undirected,0.25,0.25
Ilovedia,Fantastic_Bag1560,Undirected,0.25,0.25
Ilovedia,Forward-Molasses4404,Undirected,0.25,0.25
Ilovedia,abenites99,Undirected,0.25,0.25
Ilovedia,NewPatron-St,Undirected,0.25,0.25
Ilovedia,ChangePrestigious702,Undirected,0.25,0.25
Ilovedia,Moth_Man_68,Undirected,0.25,0.25
Ilovedia,No_Snow2245,Undirected,0.25,0.25
Ilovedia,Perfect-Parking1536,Undirected,0.25,0.25
Ilovedia,HuckleberryFuzzy918,Undirected,0.25,0.25
Ilovedia,ResolutionDull5054,Undirected,0.25,0.25
Ilovedia,Ok_Strawberry_2143,Undirected,0.5,0.5
Ilovedia,Ok_Somewhere9687,Undirected,0.25,0.25
Ilovedia,Ur_Shado,Undirected,0.25,0.25
Ilovedia,VanillaAdventurous74,Undirected,0.25,0.25
Ilovedia,TheAlphaKiller17,Undirected,0.25,0.25
Ilovedia,CrossingVoid,Undirected,0.25,0.25
Ilovedia,venrir,Undirected,0.25,0.25
Ilovedia,Icy_Giraffe3903,Undirected,0.25,0.25
Ilovedia,doctormelody18,Undirected,0.25,0.25
Ilovedia,No_Degree3814,Undirected,0.25,0.25
newsspotter,Amr_Abu_Ouda,Undirected,0.25,0.25
newsspotter,WhichSideOfNoWhere,Undirected,0.25,0.25
newsspotter,GRS_89,Undirected,0.25,0.25
newsspotter,Due_Sun9,Undirected,0.25,0.25
newsspotter,CharlieSmith_27,Undirected,0.25,0.25
newsspotter,redSpider2077,Undirected,0.25,0.25
newsspotter,FireProStan,Undirected,0.25,0.25
newsspotter,K9Imperium,Undirected,0.5,0.5
newsspotter,YamFrosty6169,Undirected,0.5,0.5
newsspotter,reparationsNowToday,Undirected,0.25,0.25
newsspotter,angels-cry,Undirected,0.25,0.25
newsspotter,iLikeDucks72,Undirected,0.25,0.25
newsspotter,Affectionate-Rent415,Undirected,0.25,0.25
newsspotter,CelestialCometDoll,Undirected,0.25,0.25
newsspotter,ChargeResponsible112,Undirected,0.25,0.25
newsspotter,Relative-Narwhal-504,Undirected,0.25,0.25
newsspotter,Brutally_Honest_Swan,Undirected,0.25,0.25
newsspotter,Just_Treacle_611,Undirected,0.25,0.25
newsspotter,[deleted],Undirected,0.375,0.375
newsspotter,OmegaDGalaxyGoji777,Undirected,0.25,0.25
newsspotter,Life-Focus-3105,Undirected,0.25,0.25
newsspotter,Dingus-the-Mingus,Undirected,0.5,0.5
newsspotter,Fledgling_112896,Undirected,0.25,0.25
newsspotter,Virtual_Ad_4734,Undirected,0.25,0.25
newsspotter,SuccessfulOwl9919,Undirected,0.25,0.25
newsspotter,mornunglake,Undirected,0.25,0.25
newsspotter,pixelatedprophecies,Undirected,0.25,0.25
newsspotter,veinsouls,Undirected,0.25,0.25
newsspotter,No-Trick-7397,Undirected,0.25,0.25
newsspotter,dark00H,Undirected,0.25,0.25
newsspotter,DesignerSkyline01,Undirected,0.25,0.25
newsspotter,Accomplished_Cry6108,Undirected,0.25,0.25
newsspotter,SchemeBoth2169,Undirected,0.25,0.25
newsspotter,CraftyOpportunity646,Undirected,0.25,0.25
newsspotter,VolkswagenPanda,Undirected,0.25,0.25
newsspotter,Imaginary-Hold5898,Undirected,0.25,0.25
newsspotter,amotivatedgal,Undirected,0.25,0.25
newsspotter,Pack_Em_Up,Undirected,0.25,0.25
newsspotter,SnooOnions4663,Undirected,0.25,0.25
newsspotter,mar_de_mariposas,Undirected,0.25,0.25
newsspotter,endingcolonialism,Undirected,0.5,0.5
newsspotter,KnowTheTruthMatters,Undirected,0.3333333333333333,0.3333333333333333
newsspotter,Conscious-Rich3823,Undirected,0.25,0.25
newsspotter,Puripuri_Purizona,Undirected,0.25,0.25
newsspotter,Pepperina_G,Undirected,0.25,0.25
newsspotter,barb_20,Undirected,0.25,0.25
newsspotter,Fhlurrhy108,Undirected,0.25,0.25
newsspotter,antifamarketer,Undirected,0.25,0.25
newsspotter,cindyloowhovian,Undirected,0.25,0.25
newsspotter,MoonGlissades,Undirected,0.25,0.25
newsspotter,Dear-Boot4077,Undirected,0.25,0.25
newsspotter,shane_4_us,Undirected,0.25,0.25
newsspotter,Comfortable_Spend436,Undirected,0.25,0.25
newsspotter,KingofTrilobites123,Undirected,0.4,0.4
newsspotter,ABCecy,Undirected,0.25,0.25
newsspotter,Alternative-Dare-601,Undirected,0.25,0.25
newsspotter,Dazzling_Pirate1411,Undirected,0.25,0.25
newsspotter,ReachZestyclose,Undirected,0.25,0.25
newsspotter,Witty-Savings-2048,Undirected,0.25,0.25
newsspotter,Ok-Following6886,Undirected,0.25,0.25
newsspotter,adilbuilds,Undirected,0.3333333333333333,0.3333333333333333
newsspotter,pumpkinzh,Undirected,0.3333333333333333,0.3333333333333333
newsspotter,librephili,Undirected,0.5714285714285714,0.5714285714285714
newsspotter,Songmorning,Undirected,0.25,0.25
newsspotter,Plane-Imagination593,Undirected,0.25,0.25
newsspotter,Particular_Log_3594,Undirected,0.3333333333333333,0.3333333333333333
newsspotter,chopstickemup,Undirected,0.25,0.25
newsspotter,Able_Ad_4891,Undirected,0.25,0.25
newsspotter,carTot254,Undirected,0.25,0.25
newsspotter,itsamefas,Undirected,0.25,0.25
newsspotter,CosmeticChemistPro,Undirected,0.25,0.25
newsspotter,Hamdan-mohamed,Undirected,0.25,0.25
newsspotter,natural_piano1836,Undirected,0.25,0.25
newsspotter,SillyPassion7773,Undirected,0.25,0.25
newsspotter,librePali,Undirected,0.25,0.25
newsspotter,Known-Platform1735,Undirected,0.25,0.25
newsspotter,ExtHD,Undirected,0.25,0.25
newsspotter,ibrahim_D12,Undirected,0.25,0.25
newsspotter,That-Flamingo9866,Undirected,0.25,0.25
newsspotter,ConfidenceCareless71,Undirected,0.25,0.25
newsspotter,No_Newspaper_2914,Undirected,0.25,0.25
newsspotter,Sad_Recognition_6037,Undirected,0.25,0.25
newsspotter,DarkShadow13206,Undirected,0.25,0.25
newsspotter,Miserable-Spinach867,Undirected,0.25,0.25
newsspotter,Big_Fennel2186,Undirected,0.25,0.25
newsspotter,introvertaltsakki,Undirected,0.25,0.25
newsspotter,Jealous-Ad-4838,Undirected,0.25,0.25
newsspotter,PandoraHadess,Undirected,0.25,0.25
newsspotter,Weird-Noise-180,Undirected,0.25,0.25
newsspotter,Financial_Smile4143,Undirected,0.6,0.6
newsspotter,ElkNational9973,Undirected,0.25,0.25
newsspotter,Colei_the_weird,Undirected,0.25,0.25
newsspotter,isaboobers,Undirected,0.25,0.25
newsspotter,LofiOcean131,Undirected,0.25,0.25
newsspotter,Ok_Consequence_5756,Undirected,0.25,0.25
newsspotter,Apprehensive-Cut9959,Undirected,0.25,0.25
newsspotter,Pinkblushdiva,Undirected,0.5,0.5
newsspotter,Ridussey,Undirected,0.25,0.25
newsspotter,Away-Lavishness-3805,Undirected,0.25,0.25
newsspotter,winter_in_eden,Undirected,0.25,0.25
newsspotter,Asinead666,Undirected,0.25,0.25
newsspotter,SnooOwls4954,Undirected,0.25,0.25
newsspotter,Margiethecat,Undirected,0.25,0.25
newsspotter,BlackberryIcy2214,Undirected,0.25,0.25
newsspotter,Able_Compote6571,Undirected,0.3333333333333333,0.3333333333333333
newsspotter,pickl3dguava,Undirected,0.25,0.25
newsspotter,CopiousCool,Undirected,0.4,0.4
newsspotter,butterflyfrenchfry,Undirected,0.25,0.25
newsspotter,Effective_Nothing519,Undirected,0.25,0.25
newsspotter,Kekeegan,Undirected,0.25,0.25
newsspotter,aym0_0n,Undirected,0.25,0.25
newsspotter,Squidieyy,Undirected,0.25,0.25
newsspotter,Hopeful_Worth315,Undirected,0.25,0.25
newsspotter,palilibre,Undirected,0.5,0.5
newsspotter,VISlONSOFALIFE,Undirected,0.25,0.25
newsspotter,Sp1dderxyz,Undirected,0.25,0.25
newsspotter,Responsible-Term4482,Undirected,0.25,0.25
newsspotter,SylviaPlathsDaughter,Undirected,0.25,0.25
newsspotter,cats_and_coffee15,Undirected,0.25,0.25
newsspotter,Unfair_Enthusiasm696,Undirected,0.25,0.25
newsspotter,peachemistry,Undirected,0.25,0.25
newsspotter,Ok-Bicycle-12345,Undirected,0.25,0.25
newsspotter,ComfortableJello508,Undirected,0.25,0.25
newsspotter,FlabbyShabby,Undirected,0.25,0.25
newsspotter,Justarandomguy-fuck,Undirected,0.25,0.25
newsspotter,_maeverie,Undirected,0.25,0.25
newsspotter,thatsjustarandomname,Undirected,0.25,0.25
newsspotter,Late-Test2209,Undirected,0.25,0.25
newsspotter,ElectricalChance3664,Undirected,0.4,0.4
newsspotter,MrLabbrow,Undirected,0.25,0.25
newsspotter,Sea_Banana882,Undirected,0.5,0.5
newsspotter,nesmacon,Undirected,0.25,0.25
newsspotter,CatacaX,Undirected,0.25,0.25
newsspotter,TonkaMaze,Undirected,0.25,0.25
newsspotter,m7mdhassballa,Undirected,0.25,0.25
newsspotter,J3ssM,Undirected,0.25,0.25
newsspotter,Early_Bad_,Undirected,0.25,0.25
newsspotter,Fantastic_Bag1560,Undirected,0.25,0.25
newsspotter,abenites99,Undirected,0.25,0.25
newsspotter,NewPatron-St,Undirected,0.25,0.25
newsspotter,ChangePrestigious702,Undirected,0.25,0.25
newsspotter,Moth_Man_68,Undirected,0.25,0.25
newsspotter,No_Snow2245,Undirected,0.25,0.25
newsspotter,Perfect-Parking1536,Undirected,0.25,0.25
newsspotter,Farley_B,Undirected,0.25,0.25
newsspotter,HuckleberryFuzzy918,Undirected,0.25,0.25
newsspotter,ResolutionDull5054,Undirected,0.25,0.25
newsspotter,DragonflyNo19,Undirected,0.25,0.25
newsspotter,Ok_Somewhere9687,Undirected,0.25,0.25
newsspotter,VanillaAdventurous74,Undirected,0.25,0.25
newsspotter,TheAlphaKiller17,Undirected,0.25,0.25
newsspotter,CrossingVoid,Undirected,0.25,0.25
newsspotter,Icy_Giraffe3903,Undirected,0.25,0.25
newsspotter,doctormelody18,Undirected,0.25,0.25
newsspotter,No_Degree3814,Undirected,0.25,0.25
Amr_Abu_Ouda,WhichSideOfNoWhere,Undirected,1.0,1.0
Amr_Abu_Ouda,GRS_89,Undirected,1.0,1.0
Amr_Abu_Ouda,Due_Sun9,Undirected,1.0,1.0
Amr_Abu_Ouda,CharlieSmith_27,Undirected,1.0,1.0
Amr_Abu_Ouda,K9Imperium,Undirected,0.5,0.5
Amr_Abu_Ouda,YamFrosty6169,Undirected,0.5,0.5
Amr_Abu_Ouda,reparationsNowToday,Undirected,1.0,1.0
Amr_Abu_Ouda,angels-cry,Undirected,1.0,1.0
Amr_Abu_Ouda,iLikeDucks72,Undirected,1.0,1.0
Amr_Abu_Ouda,CelestialCometDoll,Undirected,1.0,1.0
Amr_Abu_Ouda,tortilla_avalanche,Undirected,0.5,0.5
Amr_Abu_Ouda,Relative-Narwhal-504,Undirected,1.0,1.0
Amr_Abu_Ouda,Brutally_Honest_Swan,Undirected,1.0,1.0
Amr_Abu_Ouda,OmegaDGalaxyGoji777,Undirected,1.0,1.0
Amr_Abu_Ouda,Life-Focus-3105,Undirected,1.0,1.0
Amr_Abu_Ouda,Dingus-the-Mingus,Undirected,0.5,0.5
Amr_Abu_Ouda,Virtual_Ad_4734,Undirected,1.0,1.0
Amr_Abu_Ouda,SuccessfulOwl9919,Undirected,1.0,1.0
Amr_Abu_Ouda,mornunglake,Undirected,1.0,1.0
Amr_Abu_Ouda,veinsouls,Undirected,1.0,1.0
Amr_Abu_Ouda,No-Trick-7397,Undirected,1.0,1.0
Amr_Abu_Ouda,dark00H,Undirected,1.0,1.0
Amr_Abu_Ouda,DesignerSkyline01,Undirected,1.0,1.0
Amr_Abu_Ouda,Accomplished_Cry6108,Undirected,1.0,1.0
Amr_Abu_Ouda,SchemeBoth2169,Undirected,1.0,1.0
Amr_Abu_Ouda,CraftyOpportunity646,Undirected,1.0,1.0
Amr_Abu_Ouda,VolkswagenPanda,Undirected,1.0,1.0
Amr_Abu_Ouda,amotivatedgal,Undirected,1.0,1.0
Amr_Abu_Ouda,Pack_Em_Up,Undirected,1.0,1.0
Amr_Abu_Ouda,Burning-Bush-613,Undirected,0.5,0.5
Amr_Abu_Ouda,SnooOnions4663,Undirected,1.0,1.0
Amr_Abu_Ouda,mar_de_mariposas,Undirected,1.0,1.0
Amr_Abu_Ouda,endingcolonialism,Undirected,0.5,0.5
Amr_Abu_Ouda,KnowTheTruthMatters,Undirected,0.25,0.25
Amr_Abu_Ouda,barb_20,Undirected,1.0,1.0
Amr_Abu_Ouda,Fhlurrhy108,Undirected,1.0,1.0
Amr_Abu_Ouda,antifamarketer,Undirected,1.0,1.0
Amr_Abu_Ouda,MoonGlissades,Undirected,1.0,1.0
Amr_Abu_Ouda,MrJasonMason,Undirected,0.5,0.5
Amr_Abu_Ouda,shane_4_us,Undirected,1.0,1.0
Amr_Abu_Ouda,Comfortable_Spend436,Undirected,1.0,1.0
Amr_Abu_Ouda,KingofTrilobites123,Undirected,0.3333333333333333,0.3333333333333333
Amr_Abu_Ouda,ABCecy,Undirected,1.0,1.0
Amr_Abu_Ouda,Apollo_Delphi,Undirected,0.5,0.5
Amr_Abu_Ouda,Alternative-Dare-601,Undirected,1.0,1.0
Amr_Abu_Ouda,Witty-Savings-2048,Undirected,1.0,1.0
Amr_Abu_Ouda,SecretBiscotti8128,Undirected,0.5,0.5
Amr_Abu_Ouda,adilbuilds,Undirected,0.25,0.25
Amr_Abu_Ouda,Narrow_Guava_6239,Undirected,0.5,0.5
Amr_Abu_Ouda,Particular_Log_3594,Undirected,0.25,0.25
Amr_Abu_Ouda,Able_Ad_4891,Undirected,1.0,1.0
Amr_Abu_Ouda,itsamefas,Undirected,1.0,1.0
Amr_Abu_Ouda,CosmeticChemistPro,Undirected,1.0,1.0
Amr_Abu_Ouda,Hamdan-mohamed,Undirected,1.0,1.0
Amr_Abu_Ouda,SillyPassion7773,Undirected,1.0,1.0
Amr_Abu_Ouda,That-Flamingo9866,Undirected,1.0,1.0
Amr_Abu_Ouda,No_Newspaper_2914,Undirected,1.0,1.0
Amr_Abu_Ouda,Sad_Recognition_6037,Undirected,1.0,1.0
Amr_Abu_Ouda,DarkShadow13206,Undirected,1.0,1.0
Amr_Abu_Ouda,introvertaltsakki,Undirected,1.0,1.0
Amr_Abu_Ouda,Jealous-Ad-4838,Undirected,1.0,1.0
Amr_Abu_Ouda,PandoraHadess,Undirected,1.0,1.0
Amr_Abu_Ouda,Weird-Noise-180,Undirected,1.0,1.0
Amr_Abu_Ouda,Financial_Smile4143,Undirected,0.25,0.25
Amr_Abu_Ouda,ElkNational9973,Undirected,1.0,1.0
Amr_Abu_Ouda,Colei_the_weird,Undirected,1.0,1.0
Amr_Abu_Ouda,isaboobers,Undirected,1.0,1.0
Amr_Abu_Ouda,Ok-Divide4719,Undirected,0.5,0.5
Amr_Abu_Ouda,LofiOcean131,Undirected,1.0,1.0
Amr_Abu_Ouda,Apprehensive-Cut9959,Undirected,1.0,1.0
Amr_Abu_Ouda,Pinkblushdiva,Undirected,0.5,0.5
Amr_Abu_Ouda,Ridussey,Undirected,1.0,1.0
Amr_Abu_Ouda,Away-Lavishness-3805,Undirected,1.0,1.0
Amr_Abu_Ouda,winter_in_eden,Undirected,1.0,1.0
Amr_Abu_Ouda,Asinead666,Undirected,1.0,1.0
Amr_Abu_Ouda,SnooOwls4954,Undirected,1.0,1.0
Amr_Abu_Ouda,Margiethecat,Undirected,1.0,1.0
Amr_Abu_Ouda,Able_Compote6571,Undirected,0.25,0.25
Amr_Abu_Ouda,pickl3dguava,Undirected,1.0,1.0
Amr_Abu_Ouda,CopiousCool,Undirected,0.3333333333333333,0.3333333333333333
Amr_Abu_Ouda,butterflyfrenchfry,Undirected,1.0,1.0
Amr_Abu_Ouda,Effective_Nothing519,Undirected,1.0,1.0
Amr_Abu_Ouda,Kekeegan,Undirected,1.0,1.0
Amr_Abu_Ouda,aym0_0n,Undirected,1.0,1.0
Amr_Abu_Ouda,Beneficial-Network91,Undirected,0.5,0.5
Amr_Abu_Ouda,tyuptyupolpolp,Undirected,0.5,0.5
Amr_Abu_Ouda,Hopeful_Worth315,Undirected,1.0,1.0
Amr_Abu_Ouda,palilibre,Undirected,0.5,0.5
Amr_Abu_Ouda,VISlONSOFALIFE,Undirected,1.0,1.0
Amr_Abu_Ouda,Sp1dderxyz,Undirected,1.0,1.0
Amr_Abu_Ouda,cats_and_coffee15,Undirected,1.0,1.0
Amr_Abu_Ouda,Ambitious-Narwhal158,Undirected,0.5,0.5
Amr_Abu_Ouda,peachemistry,Undirected,1.0,1.0
Amr_Abu_Ouda,thatsjustarandomname,Undirected,1.0,1.0
Amr_Abu_Ouda,Akram-Brahimi,Undirected,0.5,0.5
Amr_Abu_Ouda,Sea_Banana882,Undirected,0.5,0.5
Amr_Abu_Ouda,m7mdhassballa,Undirected,1.0,1.0
Amr_Abu_Ouda,Fantastic_Bag1560,Undirected,1.0,1.0
Amr_Abu_Ouda,HuckleberryFuzzy918,Undirected,1.0,1.0
Amr_Abu_Ouda,ResolutionDull5054,Undirected,1.0,1.0
Amr_Abu_Ouda,VanillaAdventurous74,Undirected,1.0,1.0
Amr_Abu_Ouda,TheAlphaKiller17,Undirected,1.0,1.0
Amr_Abu_Ouda,doctormelody18,Undirected,1.0,1.0
WhichSideOfNoWhere,GRS_89,Undirected,1.0,1.0
WhichSideOfNoWhere,Due_Sun9,Undirected,1.0,1.0
WhichSideOfNoWhere,CharlieSmith_27,Undirected,1.0,1.0
WhichSideOfNoWhere,K9Imperium,Undirected,0.5,0.5
WhichSideOfNoWhere,YamFrosty6169,Undirected,0.5,0.5
WhichSideOfNoWhere,reparationsNowToday,Undirected,1.0,1.0
WhichSideOfNoWhere,angels-cry,Undirected,1.0,1.0
WhichSideOfNoWhere,iLikeDucks72,Undirected,1.0,1.0
WhichSideOfNoWhere,CelestialCometDoll,Undirected,1.0,1.0
WhichSideOfNoWhere,tortilla_avalanche,Undirected,0.5,0.5
WhichSideOfNoWhere,Relative-Narwhal-504,Undirected,1.0,1.0
WhichSideOfNoWhere,Brutally_Honest_Swan,Undirected,1.0,1.0
WhichSideOfNoWhere,OmegaDGalaxyGoji777,Undirected,1.0,1.0
WhichSideOfNoWhere,Life-Focus-3105,Undirected,1.0,1.0
WhichSideOfNoWhere,Dingus-the-Mingus,Undirected,0.5,0.5
WhichSideOfNoWhere,Virtual_Ad_4734,Undirected,1.0,1.0
WhichSideOfNoWhere,SuccessfulOwl9919,Undirected,1.0,1.0
WhichSideOfNoWhere,mornunglake,Undirected,1.0,1.0
WhichSideOfNoWhere,veinsouls,Undirected,1.0,1.0
WhichSideOfNoWhere,No-Trick-7397,Undirected,1.0,1.0
WhichSideOfNoWhere,dark00H,Undirected,1.0,1.0
WhichSideOfNoWhere,DesignerSkyline01,Undirected,1.0,1.0
WhichSideOfNoWhere,Accomplished_Cry6108,Undirected,1.0,1.0
WhichSideOfNoWhere,SchemeBoth2169,Undirected,1.0,1.0
WhichSideOfNoWhere,CraftyOpportunity646,Undirected,1.0,1.0
WhichSideOfNoWhere,VolkswagenPanda,Undirected,1.0,1.0
WhichSideOfNoWhere,amotivatedgal,Undirected,1.0,1.0
WhichSideOfNoWhere,Pack_Em_Up,Undirected,1.0,1.0
WhichSideOfNoWhere,Burning-Bush-613,Undirected,0.5,0.5
WhichSideOfNoWhere,SnooOnions4663,Undirected,1.0,1.0
WhichSideOfNoWhere,mar_de_mariposas,Undirected,1.0,1.0
WhichSideOfNoWhere,endingcolonialism,Undirected,0.5,0.5
WhichSideOfNoWhere,KnowTheTruthMatters,Undirected,0.25,0.25
WhichSideOfNoWhere,barb_20,Undirected,1.0,1.0
WhichSideOfNoWhere,Fhlurrhy108,Undirected,1.0,1.0
WhichSideOfNoWhere,antifamarketer,Undirected,1.0,1.0
WhichSideOfNoWhere,MoonGlissades,Undirected,1.0,1.0
WhichSideOfNoWhere,MrJasonMason,Undirected,0.5,0.5
WhichSideOfNoWhere,shane_4_us,Undirected,1.0,1.0
WhichSideOfNoWhere,Comfortable_Spend436,Undirected,1.0,1.0
WhichSideOfNoWhere,KingofTrilobites123,Undirected,0.3333333333333333,0.3333333333333333
WhichSideOfNoWhere,ABCecy,Undirected,1.0,1.0
WhichSideOfNoWhere,Apollo_Delphi,Undirected,0.5,0.5
WhichSideOfNoWhere,Alternative-Dare-601,Undirected,1.0,1.0
WhichSideOfNoWhere,Witty-Savings-2048,Undirected,1.0,1.0
WhichSideOfNoWhere,SecretBiscotti8128,Undirected,0.5,0.5
WhichSideOfNoWhere,adilbuilds,Undirected,0.25,0.25
WhichSideOfNoWhere,Narrow_Guava_6239,Undirected,0.5,0.5
WhichSideOfNoWhere,Particular_Log_3594,Undirected,0.25,0.25
WhichSideOfNoWhere,Able_Ad_4891,Undirected,1.0,1.0
WhichSideOfNoWhere,itsamefas,Undirected,1.0,1.0
WhichSideOfNoWhere,CosmeticChemistPro,Undirected,1.0,1.0
WhichSideOfNoWhere,Hamdan-mohamed,Undirected,1.0,1.0
WhichSideOfNoWhere,SillyPassion7773,Undirected,1.0,1.0
WhichSideOfNoWhere,That-Flamingo9866,Undirected,1.0,1.0
WhichSideOfNoWhere,No_Newspaper_2914,Undirected,1.0,1.0
WhichSideOfNoWhere,Sad_Recognition_6037,Undirected,1.0,1.0
WhichSideOfNoWhere,DarkShadow13206,Undirected,1.0,1.0
WhichSideOfNoWhere,introvertaltsakki,Undirected,1.0,1.0
WhichSideOfNoWhere,Jealous-Ad-4838,Undirected,1.0,1.0
WhichSideOfNoWhere,PandoraHadess,Undirected,1.0,1.0
WhichSideOfNoWhere,Weird-Noise-180,Undirected,1.0,1.0
WhichSideOfNoWhere,Financial_Smile4143,Undirected,0.25,0.25
WhichSideOfNoWhere,ElkNational9973,Undirected,1.0,1.0
WhichSideOfNoWhere,Colei_the_weird,Undirected,1.0,1.0
WhichSideOfNoWhere,isaboobers,Undirected,1.0,1.0
WhichSideOfNoWhere,Ok-Divide4719,Undirected,0.5,0.5
WhichSideOfNoWhere,LofiOcean131,Undirected,1.0,1.0
WhichSideOfNoWhere,Apprehensive-Cut9959,Undirected,1.0,1.0
WhichSideOfNoWhere,Pinkblushdiva,Undirected,0.5,0.5
WhichSideOfNoWhere,Ridussey,Undirected,1.0,1.0
WhichSideOfNoWhere,Away-Lavishness-3805,Undirected,1.0,1.0
WhichSideOfNoWhere,winter_in_eden,Undirected,1.0,1.0
WhichSideOfNoWhere,Asinead666,Undirected,1.0,1.0
WhichSideOfNoWhere,SnooOwls4954,Undirected,1.0,1.0
WhichSideOfNoWhere,Margiethecat,Undirected,1.0,1.0
WhichSideOfNoWhere,Able_Compote6571,Undirected,0.25,0.25
WhichSideOfNoWhere,pickl3dguava,Undirected,1.0,1.0
WhichSideOfNoWhere,CopiousCool,Undirected,0.3333333333333333,0.3333333333333333
WhichSideOfNoWhere,butterflyfrenchfry,Undirected,1.0,1.0
WhichSideOfNoWhere,Effective_Nothing519,Undirected,1.0,1.0
WhichSideOfNoWhere,Kekeegan,Undirected,1.0,1.0
WhichSideOfNoWhere,aym0_0n,Undirected,1.0,1.0
WhichSideOfNoWhere,Beneficial-Network91,Undirected,0.5,0.5
WhichSideOfNoWhere,tyuptyupolpolp,Undirected,0.5,0.5
WhichSideOfNoWhere,Hopeful_Worth315,Undirected,1.0,1.0
WhichSideOfNoWhere,palilibre,Undirected,0.5,0.5
WhichSideOfNoWhere,VISlONSOFALIFE,Undirected,1.0,1.0
WhichSideOfNoWhere,Sp1dderxyz,Undirected,1.0,1.0
WhichSideOfNoWhere,cats_and_coffee15,Undirected,1.0,1.0
WhichSideOfNoWhere,Ambitious-Narwhal158,Undirected,0.5,0.5
WhichSideOfNoWhere,peachemistry,Undirected,1.0,1.0
WhichSideOfNoWhere,thatsjustarandomname,Undirected,1.0,1.0
WhichSideOfNoWhere,Akram-Brahimi,Undirected,0.5,0.5
WhichSideOfNoWhere,Sea_Banana882,Undirected,0.5,0.5
WhichSideOfNoWhere,m7mdhassballa,Undirected,1.0,1.0
WhichSideOfNoWhere,Fantastic_Bag1560,Undirected,1.0,1.0
WhichSideOfNoWhere,HuckleberryFuzzy918,Undirected,1.0,1.0
WhichSideOfNoWhere,ResolutionDull5054,Undirected,1.0,1.0
WhichSideOfNoWhere,VanillaAdventurous74,Undirected,1.0,1.0
WhichSideOfNoWhere,TheAlphaKiller17,Undirected,1.0,1.0
WhichSideOfNoWhere,doctormelody18,Undirected,1.0,1.0
GRS_89,Due_Sun9,Undirected,1.0,1.0
GRS_89,CharlieSmith_27,Undirected,1.0,1.0
GRS_89,K9Imperium,Undirected,0.5,0.5
GRS_89,YamFrosty6169,Undirected,0.5,0.5
GRS_89,reparationsNowToday,Undirected,1.0,1.0
GRS_89,angels-cry,Undirected,1.0,1.0
GRS_89,iLikeDucks72,Undirected,1.0,1.0
GRS_89,CelestialCometDoll,Undirected,1.0,1.0
GRS_89,tortilla_avalanche,Undirected,0.5,0.5
GRS_89,Relative-Narwhal-504,Undirected,1.0,1.0
GRS_89,Brutally_Honest_Swan,Undirected,1.0,1.0
GRS_89,OmegaDGalaxyGoji777,Undirected,1.0,1.0
GRS_89,Life-Focus-3105,Undirected,1.0,1.0
GRS_89,Dingus-the-Mingus,Undirected,0.5,0.5
GRS_89,Virtual_Ad_4734,Undirected,1.0,1.0
GRS_89,SuccessfulOwl9919,Undirected,1.0,1.0
GRS_89,mornunglake,Undirected,1.0,1.0
GRS_89,veinsouls,Undirected,1.0,1.0
GRS_89,No-Trick-7397,Undirected,1.0,1.0
GRS_89,dark00H,Undirected,1.0,1.0
GRS_89,DesignerSkyline01,Undirected,1.0,1.0
GRS_89,Accomplished_Cry6108,Undirected,1.0,1.0
GRS_89,SchemeBoth2169,Undirected,1.0,1.0
GRS_89,CraftyOpportunity646,Undirected,1.0,1.0
GRS_89,VolkswagenPanda,Undirected,1.0,1.0
GRS_89,amotivatedgal,Undirected,1.0,1.0
GRS_89,Pack_Em_Up,Undirected,1.0,1.0
GRS_89,Burning-Bush-613,Undirected,0.5,0.5
GRS_89,SnooOnions4663,Undirected,1.0,1.0
GRS_89,mar_de_mariposas,Undirected,1.0,1.0
GRS_89,endingcolonialism,Undirected,0.5,0.5
GRS_89,KnowTheTruthMatters,Undirected,0.25,0.25
GRS_89,barb_20,Undirected,1.0,1.0
GRS_89,Fhlurrhy108,Undirected,1.0,1.0
GRS_89,antifamarketer,Undirected,1.0,1.0
GRS_89,MoonGlissades,Undirected,1.0,1.0
GRS_89,MrJasonMason,Undirected,0.5,0.5
GRS_89,shane_4_us,Undirected,1.0,1.0
GRS_89,Comfortable_Spend436,Undirected,1.0,1.0
GRS_89,KingofTrilobites123,Undirected,0.3333333333333333,0.3333333333333333
GRS_89,ABCecy,Undirected,1.0,1.0
GRS_89,Apollo_Delphi,Undirected,0.5,0.5
GRS_89,Alternative-Dare-601,Undirected,1.0,1.0
GRS_89,Witty-Savings-2048,Undirected,1.0,1.0
GRS_89,SecretBiscotti8128,Undirected,0.5,0.5
GRS_89,adilbuilds,Undirected,0.25,0.25
GRS_89,Narrow_Guava_6239,Undirected,0.5,0.5
GRS_89,Particular_Log_3594,Undirected,0.25,0.25
GRS_89,Able_Ad_4891,Undirected,1.0,1.0
GRS_89,itsamefas,Undirected,1.0,1.0
GRS_89,CosmeticChemistPro,Undirected,1.0,1.0
GRS_89,Hamdan-mohamed,Undirected,1.0,1.0
GRS_89,SillyPassion7773,Undirected,1.0,1.0
GRS_89,That-Flamingo9866,Undirected,1.0,1.0
GRS_89,No_Newspaper_2914,Undirected,1.0,1.0
GRS_89,Sad_Recognition_6037,Undirected,1.0,1.0
GRS_89,DarkShadow13206,Undirected,1.0,1.0
GRS_89,introvertaltsakki,Undirected,1.0,1.0
GRS_89,Jealous-Ad-4838,Undirected,1.0,1.0
GRS_89,PandoraHadess,Undirected,1.0,1.0
GRS_89,Weird-Noise-180,Undirected,1.0,1.0
GRS_89,Financial_Smile4143,Undirected,0.25,0.25
GRS_89,ElkNational9973,Undirected,1.0,1.0
GRS_89,Colei_the_weird,Undirected,1.0,1.0
GRS_89,isaboobers,Undirected,1.0,1.0
GRS_89,Ok-Divide4719,Undirected,0.5,0.5
GRS_89,LofiOcean131,Undirected,1.0,1.0
GRS_89,Apprehensive-Cut9959,Undirected,1.0,1.0
GRS_89,Pinkblushdiva,Undirected,0.5,0.5
GRS_89,Ridussey,Undirected,1.0,1.0
GRS_89,Away-Lavishness-3805,Undirected,1.0,1.0
GRS_89,winter_in_eden,Undirected,1.0,1.0
GRS_89,Asinead666,Undirected,1.0,1.0
GRS_89,SnooOwls4954,Undirected,1.0,1.0
GRS_89,Margiethecat,Undirected,1.0,1.0
GRS_89,Able_Compote6571,Undirected,0.25,0.25
GRS_89,pickl3dguava,Undirected,1.0,1.0
GRS_89,CopiousCool,Undirected,0.3333333333333333,0.3333333333333333
GRS_89,butterflyfrenchfry,Undirected,1.0,1.0
GRS_89,Effective_Nothing519,Undirected,1.0,1.0
GRS_89,Kekeegan,Undirected,1.0,1.0
GRS_89,aym0_0n,Undirected,1.0,1.0
GRS_89,Beneficial-Network91,Undirected,0.5,0.5
GRS_89,tyuptyupolpolp,Undirected,0.5,0.5
GRS_89,Hopeful_Worth315,Undirected,1.0,1.0
GRS_89,palilibre,Undirected,0.5,0.5
GRS_89,VISlONSOFALIFE,Undirected,1.0,1.0
GRS_89,Sp1dderxyz,Undirected,1.0,1.0
GRS_89,cats_and_coffee15,Undirected,1.0,1.0
GRS_89,Ambitious-Narwhal158,Undirected,0.5,0.5
GRS_89,peachemistry,Undirected,1.0,1.0
GRS_89,thatsjustarandomname,Undirected,1.0,1.0
GRS_89,Akram-Brahimi,Undirected,0.5,0.5
GRS_89,Sea_Banana882,Undirected,0.5,0.5
GRS_89,m7mdhassballa,Undirected,1.0,1.0
GRS_89,Fantastic_Bag1560,Undirected,1.0,1.0
GRS_89,HuckleberryFuzzy918,Undirected,1.0,1.0
GRS_89,ResolutionDull5054,Undirected,1.0,1.0
GRS_89,VanillaAdventurous74,Undirected,1.0,1.0
GRS_89,TheAlphaKiller17,Undirected,1.0,1.0
GRS_89,doctormelody18,Undirected,1.0,1.0
Due_Sun9,CharlieSmith_27,Undirected,1.0,1.0
Due_Sun9,K9Imperium,Undirected,0.5,0.5
Due_Sun9,YamFrosty6169,Undirected,0.5,0.5
Due_Sun9,reparationsNowToday,Undirected,1.0,1.0
Due_Sun9,angels-cry,Undirected,1.0,1.0
Due_Sun9,iLikeDucks72,Undirected,1.0,1.0
Due_Sun9,CelestialCometDoll,Undirected,1.0,1.0
Due_Sun9,tortilla_avalanche,Undirected,0.5,0.5
Due_Sun9,Relative-Narwhal-504,Undirected,1.0,1.0
Due_Sun9,Brutally_Honest_Swan,Undirected,1.0,1.0
Due_Sun9,OmegaDGalaxyGoji777,Undirected,1.0,1.0
Due_Sun9,Life-Focus-3105,Undirected,1.0,1.0
Due_Sun9,Dingus-the-Mingus,Undirected,0.5,0.5
Due_Sun9,Virtual_Ad_4734,Undirected,1.0,1.0
Due_Sun9,SuccessfulOwl9919,Undirected,1.0,1.0
Due_Sun9,mornunglake,Undirected,1.0,1.0
Due_Sun9,veinsouls,Undirected,1.0,1.0
Due_Sun9,No-Trick-7397,Undirected,1.0,1.0
Due_Sun9,dark00H,Undirected,1.0,1.0
Due_Sun9,DesignerSkyline01,Undirected,1.0,1.0
Due_Sun9,Accomplished_Cry6108,Undirected,1.0,1.0
Due_Sun9,SchemeBoth2169,Undirected,1.0,1.0
Due_Sun9,CraftyOpportunity646,Undirected,1.0,1.0
Due_Sun9,VolkswagenPanda,Undirected,1.0,1.0
Due_Sun9,amotivatedgal,Undirected,1.0,1.0
Due_Sun9,Pack_Em_Up,Undirected,1.0,1.0
Due_Sun9,Burning-Bush-613,Undirected,0.5,0.5
Due_Sun9,SnooOnions4663,Undirected,1.0,1.0
Due_Sun9,mar_de_mariposas,Undirected,1.0,1.0
Due_Sun9,endingcolonialism,Undirected,0.5,0.5
Due_Sun9,KnowTheTruthMatters,Undirected,0.25,0.25
Due_Sun9,barb_20,Undirected,1.0,1.0
Due_Sun9,Fhlurrhy108,Undirected,1.0,1.0
Due_Sun9,antifamarketer,Undirected,1.0,1.0
Due_Sun9,MoonGlissades,Undirected,1.0,1.0
Due_Sun9,MrJasonMason,Undirected,0.5,0.5
Due_Sun9,shane_4_us,Undirected,1.0,1.0
Due_Sun9,Comfortable_Spend436,Undirected,1.0,1.0
Due_Sun9,KingofTrilobites123,Undirected,0.3333333333333333,0.3333333333333333
Due_Sun9,ABCecy,Undirected,1.0,1.0
Due_Sun9,Apollo_Delphi,Undirected,0.5,0.5
Due_Sun9,Alternative-Dare-601,Undirected,1.0,1.0
Due_Sun9,Witty-Savings-2048,Undirected,1.0,1.0
Due_Sun9,SecretBiscotti8128,Undirected,0.5,0.5
Due_Sun9,adilbuilds,Undirected,0.25,0.25
Due_Sun9,Narrow_Guava_6239,Undirected,0.5,0.5
Due_Sun9,Particular_Log_3594,Undirected,0.25,0.25
Due_Sun9,Able_Ad_4891,Undirected,1.0,1.0
Due_Sun9,itsamefas,Undirected,1.0,1.0
Due_Sun9,CosmeticChemistPro,Undirected,1.0,1.0
Due_Sun9,Hamdan-mohamed,Undirected,1.0,1.0
Due_Sun9,SillyPassion7773,Undirected,1.0,1.0
Due_Sun9,That-Flamingo9866,Undirected,1.0,1.0
Due_Sun9,No_Newspaper_2914,Undirected,1.0,1.0
Due_Sun9,Sad_Recognition_6037,Undirected,1.0,1.0
Due_Sun9,DarkShadow13206,Undirected,1.0,1.0
Due_Sun9,introvertaltsakki,Undirected,1.0,1.0
Due_Sun9,Jealous-Ad-4838,Undirected,1.0,1.0
Due_Sun9,PandoraHadess,Undirected,1.0,1.0
Due_Sun9,Weird-Noise-180,Undirected,1.0,1.0
Due_Sun9,Financial_Smile4143,Undirected,0.25,0.25
Due_Sun9,ElkNational9973,Undirected,1.0,1.0
Due_Sun9,Colei_the_weird,Undirected,1.0,1.0
Due_Sun9,isaboobers,Undirected,1.0,1.0
Due_Sun9,Ok-Divide4719,Undirected,0.5,0.5
Due_Sun9,LofiOcean131,Undirected,1.0,1.0
Due_Sun9,Apprehensive-Cut9959,Undirected,1.0,1.0
Due_Sun9,Pinkblushdiva,Undirected,0.5,0.5
Due_Sun9,Ridussey,Undirected,1.0,1.0
Due_Sun9,Away-Lavishness-3805,Undirected,1.0,1.0
Due_Sun9,winter_in_eden,Undirected,1.0,1.0
Due_Sun9,Asinead666,Undirected,1.0,1.0
Due_Sun9,SnooOwls4954,Undirected,1.0,1.0
Due_Sun9,Margiethecat,Undirected,1.0,1.0
Due_Sun9,Able_Compote6571,Undirected,0.25,0.25
Due_Sun9,pickl3dguava,Undirected,1.0,1.0
Due_Sun9,CopiousCool,Undirected,0.3333333333333333,0.3333333333333333
Due_Sun9,butterflyfrenchfry,Undirected,1.0,1.0
Due_Sun9,Effective_Nothing519,Undirected,1.0,1.0
Due_Sun9,Kekeegan,Undirected,1.0,1.0
Due_Sun9,aym0_0n,Undirected,1.0,1.0
Due_Sun9,Beneficial-Network91,Undirected,0.5,0.5
Due_Sun9,tyuptyupolpolp,Undirected,0.5,0.5
Due_Sun9,Hopeful_Worth315,Undirected,1.0,1.0
Due_Sun9,palilibre,Undirected,0.5,0.5
Due_Sun9,VISlONSOFALIFE,Undirected,1.0,1.0
Due_Sun9,Sp1dderxyz,Undirected,1.0,1.0
Due_Sun9,cats_and_coffee15,Undirected,1.0,1.0
Due_Sun9,Ambitious-Narwhal158,Undirected,0.5,0.5
Due_Sun9,peachemistry,Undirected,1.0,1.0
Due_Sun9,thatsjustarandomname,Undirected,1.0,1.0
Due_Sun9,Akram-Brahimi,Undirected,0.5,0.5
Due_Sun9,Sea_Banana882,Undirected,0.5,0.5
Due_Sun9,m7mdhassballa,Undirected,1.0,1.0
Due_Sun9,Fantastic_Bag1560,Undirected,1.0,1.0
Due_Sun9,HuckleberryFuzzy918,Undirected,1.0,1.0
Due_Sun9,ResolutionDull5054,Undirected,1.0,1.0
Due_Sun9,VanillaAdventurous74,Undirected,1.0,1.0
Due_Sun9,TheAlphaKiller17,Undirected,1.0,1.0
Due_Sun9,doctormelody18,Undirected,1.0,1.0
CharlieSmith_27,K9Imperium,Undirected,0.5,0.5
CharlieSmith_27,YamFrosty6169,Undirected,0.5,0.5
CharlieSmith_27,reparationsNowToday,Undirected,1.0,1.0
CharlieSmith_27,angels-cry,Undirected,1.0,1.0
CharlieSmith_27,iLikeDucks72,Undirected,1.0,1.0
CharlieSmith_27,CelestialCometDoll,Undirected,1.0,1.0
CharlieSmith_27,tortilla_avalanche,Undirected,0.5,0.5
CharlieSmith_27,Relative-Narwhal-504,Undirected,1.0,1.0
CharlieSmith_27,Brutally_Honest_Swan,Undirected,1.0,1.0
CharlieSmith_27,OmegaDGalaxyGoji777,Undirected,1.0,1.0
CharlieSmith_27,Life-Focus-3105,Undirected,1.0,1.0
CharlieSmith_27,Dingus-the-Mingus,Undirected,0.5,0.5
CharlieSmith_27,Virtual_Ad_4734,Undirected,1.0,1.0
CharlieSmith_27,SuccessfulOwl9919,Undirected,1.0,1.0
CharlieSmith_27,mornunglake,Undirected,1.0,1.0
CharlieSmith_27,veinsouls,Undirected,1.0,1.0
CharlieSmith_27,No-Trick-7397,Undirected,1.0,1.0
CharlieSmith_27,dark00H,Undirected,1.0,1.0
CharlieSmith_27,DesignerSkyline01,Undirected,1.0,1.0
CharlieSmith_27,Accomplished_Cry6108,Undirected,1.0,1.0
CharlieSmith_27,SchemeBoth2169,Undirected,1.0,1.0
CharlieSmith_27,CraftyOpportunity646,Undirected,1.0,1.0
CharlieSmith_27,VolkswagenPanda,Undirected,1.0,1.0
CharlieSmith_27,amotivatedgal,Undirected,1.0,1.0
CharlieSmith_27,Pack_Em_Up,Undirected,1.0,1.0
CharlieSmith_27,Burning-Bush-613,Undirected,0.5,0.5
CharlieSmith_27,SnooOnions4663,Undirected,1.0,1.0
CharlieSmith_27,mar_de_mariposas,Undirected,1.0,1.0
CharlieSmith_27,endingcolonialism,Undirected,0.5,0.5
CharlieSmith_27,KnowTheTruthMatters,Undirected,0.25,0.25
CharlieSmith_27,barb_20,Undirected,1.0,1.0
CharlieSmith_27,Fhlurrhy108,Undirected,1.0,1.0
CharlieSmith_27,antifamarketer,Undirected,1.0,1.0
CharlieSmith_27,MoonGlissades,Undirected,1.0,1.0
CharlieSmith_27,MrJasonMason,Undirected,0.5,0.5
CharlieSmith_27,shane_4_us,Undirected,1.0,1.0
CharlieSmith_27,Comfortable_Spend436,Undirected,1.0,1.0
CharlieSmith_27,KingofTrilobites123,Undirected,0.3333333333333333,0.3333333333333333
CharlieSmith_27,ABCecy,Undirected,1.0,1.0
CharlieSmith_27,Apollo_Delphi,Undirected,0.5,0.5
CharlieSmith_27,Alternative-Dare-601,Undirected,1.0,1.0
CharlieSmith_27,Witty-Savings-2048,Undirected,1.0,1.0
CharlieSmith_27,SecretBiscotti8128,Undirected,0.5,0.5
CharlieSmith_27,adilbuilds,Undirected,0.25,0.25
CharlieSmith_27,Narrow_Guava_6239,Undirected,0.5,0.5
CharlieSmith_27,Particular_Log_3594,Undirected,0.25,0.25
CharlieSmith_27,Able_Ad_4891,Undirected,1.0,1.0
CharlieSmith_27,itsamefas,Undirected,1.0,1.0
CharlieSmith_27,CosmeticChemistPro,Undirected,1.0,1.0
CharlieSmith_27,Hamdan-mohamed,Undirected,1.0,1.0
CharlieSmith_27,SillyPassion7773,Undirected,1.0,1.0
CharlieSmith_27,That-Flamingo9866,Undirected,1.0,1.0
CharlieSmith_27,No_Newspaper_2914,Undirected,1.0,1.0
CharlieSmith_27,Sad_Recognition_6037,Undirected,1.0,1.0
CharlieSmith_27,DarkShadow13206,Undirected,1.0,1.0
CharlieSmith_27,introvertaltsakki,Undirected,1.0,1.0
CharlieSmith_27,Jealous-Ad-4838,Undirected,1.0,1.0
CharlieSmith_27,PandoraHadess,Undirected,1.0,1.0
CharlieSmith_27,Weird-Noise-180,Undirected,1.0,1.0
CharlieSmith_27,Financial_Smile4143,Undirected,0.25,0.25
CharlieSmith_27,ElkNational9973,Undirected,1.0,1.0
CharlieSmith_27,Colei_the_weird,Undirected,1.0,1.0
CharlieSmith_27,isaboobers,Undirected,1.0,1.0
CharlieSmith_27,Ok-Divide4719,Undirected,0.5,0.5
CharlieSmith_27,LofiOcean131,Undirected,1.0,1.0
CharlieSmith_27,Apprehensive-Cut9959,Undirected,1.0,1.0
CharlieSmith_27,Pinkblushdiva,Undirected,0.5,0.5
CharlieSmith_27,Ridussey,Undirected,1.0,1.0
CharlieSmith_27,Away-Lavishness-3805,Undirected,1.0,1.0
CharlieSmith_27,winter_in_eden,Undirected,1.0,1.0
CharlieSmith_27,Asinead666,Undirected,1.0,1.0
CharlieSmith_27,SnooOwls4954,Undirected,1.0,1.0
CharlieSmith_27,Margiethecat,Undirected,1.0,1.0
CharlieSmith_27,Able_Compote6571,Undirected,0.25,0.25
CharlieSmith_27,pickl3dguava,Undirected,1.0,1.0
CharlieSmith_27,CopiousCool,Undirected,0.3333333333333333,0.3333333333333333
CharlieSmith_27,butterflyfrenchfry,Undirected,1.0,1.0
CharlieSmith_27,Effective_Nothing519,Undirected,1.0,1.0
CharlieSmith_27,Kekeegan,Undirected,1.0,1.0
CharlieSmith_27,aym0_0n,Undirected,1.0,1.0
CharlieSmith_27,Beneficial-Network91,Undirected,0.5,0.5
CharlieSmith_27,tyuptyupolpolp,Undirected,0.5,0.5
CharlieSmith_27,Hopeful_Worth315,Undirected,1.0,1.0
CharlieSmith_27,palilibre,Undirected,0.5,0.5
CharlieSmith_27,VISlONSOFALIFE,Undirected,1.0,1.0
CharlieSmith_27,Sp1dderxyz,Undirected,1.0,1.0
CharlieSmith_27,cats_and_coffee15,Undirected,1.0,1.0
CharlieSmith_27,Ambitious-Narwhal158,Undirected,0.5,0.5
CharlieSmith_27,peachemistry,Undirected,1.0,1.0
CharlieSmith_27,thatsjustarandomname,Undirected,1.0,1.0
CharlieSmith_27,Akram-Brahimi,Undirected,0.5,0.5
CharlieSmith_27,Sea_Banana882,Undirected,0.5,0.5
CharlieSmith_27,m7mdhassballa,Undirected,1.0,1.0
CharlieSmith_27,Fantastic_Bag1560,Undirected,1.0,1.0
CharlieSmith_27,HuckleberryFuzzy918,Undirected,1.0,1.0
CharlieSmith_27,ResolutionDull5054,Undirected,1.0,1.0
CharlieSmith_27,VanillaAdventurous74,Undirected,1.0,1.0
CharlieSmith_27,TheAlphaKiller17,Undirected,1.0,1.0
CharlieSmith_27,doctormelody18,Undirected,1.0,1.0
redSpider2077,FireProStan,Undirected,1.0,1.0
redSpider2077,K9Imperium,Undirected,0.5,0.5
redSpider2077,YamFrosty6169,Undirected,0.5,0.5
redSpider2077,Glad_Opinion_6339,Undirected,0.3333333333333333,0.3333333333333333
redSpider2077,Affectionate-Rent415,Undirected,1.0,1.0
redSpider2077,ChargeResponsible112,Undirected,1.0,1.0
redSpider2077,Dingus-the-Mingus,Undirected,0.5,0.5
redSpider2077,Fledgling_112896,Undirected,1.0,1.0
redSpider2077,Imaginary-Hold5898,Undirected,1.0,1.0
redSpider2077,endingcolonialism,Undirected,0.5,0.5
redSpider2077,KnowTheTruthMatters,Undirected,0.25,0.25
redSpider2077,Pepperina_G,Undirected,1.0,1.0
redSpider2077,Dear-Boot4077,Undirected,1.0,1.0
redSpider2077,KingofTrilobites123,Undirected,0.3333333333333333,0.3333333333333333
redSpider2077,ReachZestyclose,Undirected,1.0,1.0
redSpider2077,Ok-Following6886,Undirected,1.0,1.0
redSpider2077,adilbuilds,Undirected,0.25,0.25
redSpider2077,pumpkinzh,Undirected,0.25,0.25
redSpider2077,Songmorning,Undirected,1.0,1.0
redSpider2077,Plane-Imagination593,Undirected,1.0,1.0
redSpider2077,safemath,Undirected,0.5,0.5
redSpider2077,Particular_Log_3594,Undirected,0.25,0.25
redSpider2077,chopstickemup,Undirected,1.0,1.0
redSpider2077,carTot254,Undirected,1.0,1.0
redSpider2077,natural_piano1836,Undirected,1.0,1.0
redSpider2077,librePali,Undirected,1.0,1.0
redSpider2077,ExtHD,Undirected,1.0,1.0
redSpider2077,ibrahim_D12,Undirected,1.0,1.0
redSpider2077,ConfidenceCareless71,Undirected,1.0,1.0
redSpider2077,Enough_Credit_8199,Undirected,0.5,0.5
redSpider2077,Miserable-Spinach867,Undirected,1.0,1.0
redSpider2077,Big_Fennel2186,Undirected,1.0,1.0
redSpider2077,Financial_Smile4143,Undirected,0.25,0.25
redSpider2077,jodio_hoestar,Undirected,0.5,0.5
redSpider2077,Pinkblushdiva,Undirected,0.5,0.5
redSpider2077,Able_Compote6571,Undirected,0.25,0.25
redSpider2077,CopiousCool,Undirected,0.3333333333333333,0.3333333333333333
redSpider2077,Squidieyy,Undirected,1.0,1.0
redSpider2077,palilibre,Undirected,0.5,0.5
redSpider2077,Responsible-Term4482,Undirected,1.0,1.0
redSpider2077,Unfair_Enthusiasm696,Undirected,1.0,1.0
redSpider2077,Ok-Bicycle-12345,Undirected,1.0,1.0
redSpider2077,ComfortableJello508,Undirected,1.0,1.0
redSpider2077,FlabbyShabby,Undirected,1.0,1.0
redSpider2077,Justarandomguy-fuck,Undirected,1.0,1.0
redSpider2077,Late-Test2209,Undirected,1.0,1.0
redSpider2077,ElectricalChance3664,Undirected,0.3333333333333333,0.3333333333333333
redSpider2077,MrLabbrow,Undirected,1.0,1.0
redSpider2077,Sea_Banana882,Undirected,0.5,0.5
redSpider2077,CatacaX,Undirected,1.0,1.0
redSpider2077,TonkaMaze,Undirected,1.0,1.0
redSpider2077,J3ssM,Undirected,1.0,1.0
redSpider2077,Early_Bad_,Undirected,1.0,1.0
redSpider2077,abenites99,Undirected,1.0,1.0
redSpider2077,Zealousideal-Item607,Undirected,0.5,0.5
redSpider2077,NewPatron-St,Undirected,1.0,1.0
redSpider2077,ChangePrestigious702,Undirected,1.0,1.0
redSpider2077,Moth_Man_68,Undirected,1.0,1.0
redSpider2077,No_Snow2245,Undirected,1.0,1.0
redSpider2077,Perfect-Parking1536,Undirected,1.0,1.0
redSpider2077,Ok_Somewhere9687,Undirected,1.0,1.0
redSpider2077,CrossingVoid,Undirected,1.0,1.0
redSpider2077,Icy_Giraffe3903,Undirected,1.0,1.0
redSpider2077,No_Degree3814,Undirected,1.0,1.0
BuyingDragonScimitar,Glad_Opinion_6339,Undirected,0.3333333333333333,0.3333333333333333
BuyingDragonScimitar,Relative-Chain73,Undirected,1.0,1.0
BuyingDragonScimitar,MagnusRottcodd,Undirected,1.0,1.0
BuyingDragonScimitar,Nomogg,Undirected,0.25,0.25
BuyingDragonScimitar,elifshafakenthusiast,Undirected,1.0,1.0
BuyingDragonScimitar,yanonce,Undirected,1.0,1.0
BuyingDragonScimitar,kamotos,Undirected,1.0,1.0
BuyingDragonScimitar,Apollo_Delphi,Undirected,0.5,0.5
BuyingDragonScimitar,pumpkinzh,Undirected,0.25,0.25
BuyingDragonScimitar,Particular_Log_3594,Undirected,0.25,0.25
BuyingDragonScimitar,dramaqueen09,Undirected,1.0,1.0
BuyingDragonScimitar,Novel_Bass6032,Undirected,1.0,1.0
BuyingDragonScimitar,Able_Compote6571,Undirected,0.25,0.25
BuyingDragonScimitar,comrade-sunflower,Undirected,1.0,1.0
BuyingDragonScimitar,Ambitious-Narwhal158,Undirected,0.5,0.5
BuyingDragonScimitar,GermanLetsKotz,Undirected,1.0,1.0
BuyingDragonScimitar,tallbigbear,Undirected,1.0,1.0
FireProStan,K9Imperium,Undirected,0.5,0.5
FireProStan,YamFrosty6169,Undirected,0.5,0.5
FireProStan,Glad_Opinion_6339,Undirected,0.3333333333333333,0.3333333333333333
FireProStan,Affectionate-Rent415,Undirected,1.0,1.0
FireProStan,ChargeResponsible112,Undirected,1.0,1.0
FireProStan,Dingus-the-Mingus,Undirected,0.5,0.5
FireProStan,Fledgling_112896,Undirected,1.0,1.0
FireProStan,Imaginary-Hold5898,Undirected,1.0,1.0
FireProStan,endingcolonialism,Undirected,0.5,0.5
FireProStan,KnowTheTruthMatters,Undirected,0.25,0.25
FireProStan,Pepperina_G,Undirected,1.0,1.0
FireProStan,Dear-Boot4077,Undirected,1.0,1.0
FireProStan,KingofTrilobites123,Undirected,0.3333333333333333,0.3333333333333333
FireProStan,ReachZestyclose,Undirected,1.0,1.0
FireProStan,Ok-Following6886,Undirected,1.0,1.0
FireProStan,adilbuilds,Undirected,0.25,0.25
FireProStan,pumpkinzh,Undirected,0.25,0.25
FireProStan,Songmorning,Undirected,1.0,1.0
FireProStan,Plane-Imagination593,Undirected,1.0,1.0
FireProStan,safemath,Undirected,0.5,0.5
FireProStan,Particular_Log_3594,Undirected,0.25,0.25
FireProStan,chopstickemup,Undirected,1.0,1.0
FireProStan,carTot254,Undirected,1.0,1.0
FireProStan,natural_piano1836,Undirected,1.0,1.0
FireProStan,librePali,Undirected,1.0,1.0
FireProStan,ExtHD,Undirected,1.0,1.0
FireProStan,ibrahim_D12,Undirected,1.0,1.0
FireProStan,ConfidenceCareless71,Undirected,1.0,1.0
FireProStan,Enough_Credit_8199,Undirected,0.5,0.5
FireProStan,Miserable-Spinach867,Undirected,1.0,1.0
FireProStan,Big_Fennel2186,Undirected,1.0,1.0
FireProStan,Financial_Smile4143,Undirected,0.25,0.25
FireProStan,jodio_hoestar,Undirected,0.5,0.5
FireProStan,Pinkblushdiva,Undirected,0.5,0.5
FireProStan,Able_Compote6571,Undirected,0.25,0.25
FireProStan,CopiousCool,Undirected,0.3333333333333333,0.3333333333333333
FireProStan,Squidieyy,Undirected,1.0,1.0
FireProStan,palilibre,Undirected,0.5,0.5
FireProStan,Responsible-Term4482,Undirected,1.0,1.0
FireProStan,Unfair_Enthusiasm696,Undirected,1.0,1.0
FireProStan,Ok-Bicycle-12345,Undirected,1.0,1.0
FireProStan,ComfortableJello508,Undirected,1.0,1.0
FireProStan,FlabbyShabby,Undirected,1.0,1.0
FireProStan,Justarandomguy-fuck,Undirected,1.0,1.0
FireProStan,Late-Test2209,Undirected,1.0,1.0
FireProStan,ElectricalChance3664,Undirected,0.3333333333333333,0.3333333333333333
FireProStan,MrLabbrow,Undirected,1.0,1.0
FireProStan,Sea_Banana882,Undirected,0.5,0.5
FireProStan,CatacaX,Undirected,1.0,1.0
FireProStan,TonkaMaze,Undirected,1.0,1.0
FireProStan,J3ssM,Undirected,1.0,1.0
FireProStan,Early_Bad_,Undirected,1.0,1.0
FireProStan,abenites99,Undirected,1.0,1.0
FireProStan,Zealousideal-Item607,Undirected,0.5,0.5
FireProStan,NewPatron-St,Undirected,1.0,1.0
FireProStan,ChangePrestigious702,Undirected,1.0,1.0
FireProStan,Moth_Man_68,Undirected,1.0,1.0
FireProStan,No_Snow2245,Undirected,1.0,1.0
FireProStan,Perfect-Parking1536,Undirected,1.0,1.0
FireProStan,Ok_Somewhere9687,Undirected,1.0,1.0
FireProStan,CrossingVoid,Undirected,1.0,1.0
FireProStan,Icy_Giraffe3903,Undirected,1.0,1.0
FireProStan,No_Degree3814,Undirected,1.0,1.0
K9Imperium,YamFrosty6169,Undirected,1.0,1.0
K9Imperium,reparationsNowToday,Undirected,0.5,0.5
K9Imperium,Glad_Opinion_6339,Undirected,0.25,0.25
K9Imperium,angels-cry,Undirected,0.5,0.5
K9Imperium,iLikeDucks72,Undirected,0.5,0.5
K9Imperium,Affectionate-Rent415,Undirected,0.5,0.5
K9Imperium,CelestialCometDoll,Undirected,0.5,0.5
K9Imperium,ChargeResponsible112,Undirected,0.5,0.5
K9Imperium,tortilla_avalanche,Undirected,0.3333333333333333,0.3333333333333333
K9Imperium,Relative-Narwhal-504,Undirected,0.5,0.5
K9Imperium,Brutally_Honest_Swan,Undirected,0.5,0.5
K9Imperium,[deleted],Undirected,0.2857142857142857,0.2857142857142857
K9Imperium,OmegaDGalaxyGoji777,Undirected,0.5,0.5
K9Imperium,Life-Focus-3105,Undirected,0.5,0.5
K9Imperium,Dingus-the-Mingus,Undirected,1.0,1.0
K9Imperium,Fledgling_112896,Undirected,0.5,0.5
K9Imperium,Virtual_Ad_4734,Undirected,0.5,0.5
K9Imperium,SuccessfulOwl9919,Undirected,0.5,0.5
K9Imperium,mornunglake,Undirected,0.5,0.5
K9Imperium,veinsouls,Undirected,0.5,0.5
K9Imperium,No-Trick-7397,Undirected,0.5,0.5
K9Imperium,dark00H,Undirected,0.5,0.5
K9Imperium,DesignerSkyline01,Undirected,0.5,0.5
K9Imperium,Accomplished_Cry6108,Undirected,0.5,0.5
K9Imperium,SchemeBoth2169,Undirected,0.5,0.5
K9Imperium,CraftyOpportunity646,Undirected,0.5,0.5
K9Imperium,VolkswagenPanda,Undirected,0.5,0.5
K9Imperium,Imaginary-Hold5898,Undirected,0.5,0.5
K9Imperium,amotivatedgal,Undirected,0.5,0.5
K9Imperium,Pack_Em_Up,Undirected,0.5,0.5
K9Imperium,Burning-Bush-613,Undirected,0.3333333333333333,0.3333333333333333
K9Imperium,SnooOnions4663,Undirected,0.5,0.5
K9Imperium,mar_de_mariposas,Undirected,0.5,0.5
K9Imperium,endingcolonialism,Undirected,1.0,1.0
K9Imperium,KnowTheTruthMatters,Undirected,0.5,0.5
K9Imperium,Pepperina_G,Undirected,0.5,0.5
K9Imperium,barb_20,Undirected,0.5,0.5
K9Imperium,Fhlurrhy108,Undirected,0.5,0.5
K9Imperium,antifamarketer,Undirected,0.5,0.5
K9Imperium,MoonGlissades,Undirected,0.5,0.5
K9Imperium,Dear-Boot4077,Undirected,0.5,0.5
K9Imperium,MrJasonMason,Undirected,0.3333333333333333,0.3333333333333333
K9Imperium,shane_4_us,Undirected,0.5,0.5
K9Imperium,Comfortable_Spend436,Undirected,0.5,0.5
K9Imperium,KingofTrilobites123,Undirected,0.6666666666666666,0.6666666666666666
K9Imperium,ABCecy,Undirected,0.5,0.5
K9Imperium,Apollo_Delphi,Undirected,0.3333333333333333,0.3333333333333333
K9Imperium,Alternative-Dare-601,Undirected,0.5,0.5
K9Imperium,ReachZestyclose,Undirected,0.5,0.5
K9Imperium,Witty-Savings-2048,Undirected,0.5,0.5
K9Imperium,Ok-Following6886,Undirected,0.5,0.5
K9Imperium,SecretBiscotti8128,Undirected,0.3333333333333333,0.3333333333333333
K9Imperium,adilbuilds,Undirected,0.5,0.5
K9Imperium,librephili,Undirected,0.2857142857142857,0.2857142857142857
K9Imperium,Songmorning,Undirected,0.5,0.5
K9Imperium,Narrow_Guava_6239,Undirected,0.3333333333333333,0.3333333333333333
K9Imperium,Plane-Imagination593,Undirected,0.5,0.5
K9Imperium,safemath,Undirected,0.3333333333333333,0.3333333333333333
K9Imperium,Particular_Log_3594,Undirected,0.5,0.5
K9Imperium,chopstickemup,Undirected,0.5,0.5
K9Imperium,Able_Ad_4891,Undirected,0.5,0.5
K9Imperium,carTot254,Undirected,0.5,0.5
K9Imperium,itsamefas,Undirected,0.5,0.5
K9Imperium,CosmeticChemistPro,Undirected,0.5,0.5
K9Imperium,Hamdan-mohamed,Undirected,0.5,0.5
K9Imperium,natural_piano1836,Undirected,0.5,0.5
K9Imperium,SillyPassion7773,Undirected,0.5,0.5
K9Imperium,librePali,Undirected,0.5,0.5
K9Imperium,ExtHD,Undirected,0.5,0.5
K9Imperium,ibrahim_D12,Undirected,0.5,0.5
K9Imperium,That-Flamingo9866,Undirected,0.5,0.5
K9Imperium,ConfidenceCareless71,Undirected,0.5,0.5
K9Imperium,No_Newspaper_2914,Undirected,0.5,0.5
K9Imperium,Enough_Credit_8199,Undirected,0.3333333333333333,0.3333333333333333
K9Imperium,Sad_Recognition_6037,Undirected,0.5,0.5
K9Imperium,DarkShadow13206,Undirected,0.5,0.5
K9Imperium,Miserable-Spinach867,Undirected,0.5,0.5
K9Imperium,Big_Fennel2186,Undirected,0.5,0.5
K9Imperium,introvertaltsakki,Undirected,0.5,0.5
K9Imperium,Jealous-Ad-4838,Undirected,0.5,0.5
K9Imperium,PandoraHadess,Undirected,0.5,0.5
K9Imperium,Weird-Noise-180,Undirected,0.5,0.5
K9Imperium,Financial_Smile4143,Undirected,0.5,0.5
K9Imperium,ElkNational9973,Undirected,0.5,0.5
K9Imperium,jodio_hoestar,Undirected,0.3333333333333333,0.3333333333333333
K9Imperium,Colei_the_weird,Undirected,0.5,0.5
K9Imperium,isaboobers,Undirected,0.5,0.5
K9Imperium,Ok-Divide4719,Undirected,0.3333333333333333,0.3333333333333333
K9Imperium,LofiOcean131,Undirected,0.5,0.5
K9Imperium,Apprehensive-Cut9959,Undirected,0.5,0.5
K9Imperium,Pinkblushdiva,Undirected,1.0,1.0
K9Imperium,Ridussey,Undirected,0.5,0.5
K9Imperium,Away-Lavishness-3805,Undirected,0.5,0.5
K9Imperium,winter_in_eden,Undirected,0.5,0.5
K9Imperium,Asinead666,Undirected,0.5,0.5
K9Imperium,SnooOwls4954,Undirected,0.5,0.5
K9Imperium,Margiethecat,Undirected,0.5,0.5
K9Imperium,Able_Compote6571,Undirected,0.5,0.5
K9Imperium,pickl3dguava,Undirected,0.5,0.5
K9Imperium,CopiousCool,Undirected,0.6666666666666666,0.6666666666666666
K9Imperium,butterflyfrenchfry,Undirected,0.5,0.5
K9Imperium,Effective_Nothing519,Undirected,0.5,0.5
K9Imperium,Kekeegan,Undirected,0.5,0.5
K9Imperium,aym0_0n,Undirected,0.5,0.5
K9Imperium,Beneficial-Network91,Undirected,0.3333333333333333,0.3333333333333333
K9Imperium,Squidieyy,Undirected,0.5,0.5
K9Imperium,tyuptyupolpolp,Undirected,0.3333333333333333,0.3333333333333333
K9Imperium,Hopeful_Worth315,Undirected,0.5,0.5
K9Imperium,palilibre,Undirected,1.0,1.0
K9Imperium,VISlONSOFALIFE,Undirected,0.5,0.5
K9Imperium,Sp1dderxyz,Undirected,0.5,0.5
K9Imperium,Responsible-Term4482,Undirected,0.5,0.5
K9Imperium,cats_and_coffee15,Undirected,0.5,0.5
K9Imperium,Ambitious-Narwhal158,Undirected,0.3333333333333333,0.3333333333333333
K9Imperium,Unfair_Enthusiasm696,Undirected,0.5,0.5
K9Imperium,peachemistry,Undirected,0.5,0.5
K9Imperium,Ok-Bicycle-12345,Undirected,0.5,0.5
K9Imperium,ComfortableJello508,Undirected,0.5,0.5
K9Imperium,FlabbyShabby,Undirected,0.5,0.5
K9Imperium,Justarandomguy-fuck,Undirected,0.5,0.5
K9Imperium,thatsjustarandomname,Undirected,0.5,0.5
K9Imperium,Late-Test2209,Undirected,0.5,0.5
K9Imperium,ElectricalChance3664,Undirected,0.25,0.25
K9Imperium,MrLabbrow,Undirected,0.5,0.5
K9Imperium,Akram-Brahimi,Undirected,0.3333333333333333,0.3333333333333333
K9Imperium,Sea_Banana882,Undirected,1.0,1.0
K9Imperium,CatacaX,Undirected,0.5,0.5
K9Imperium,TonkaMaze,Undirected,0.5,0.5
K9Imperium,m7mdhassballa,Undirected,0.5,0.5
K9Imperium,J3ssM,Undirected,0.5,0.5
K9Imperium,Early_Bad_,Undirected,0.5,0.5
K9Imperium,Fantastic_Bag1560,Undirected,0.5,0.5
K9Imperium,abenites99,Undirected,0.5,0.5
K9Imperium,Zealousideal-Item607,Undirected,0.3333333333333333,0.3333333333333333
K9Imperium,NewPatron-St,Undirected,0.5,0.5
K9Imperium,ChangePrestigious702,Undirected,0.5,0.5
K9Imperium,Moth_Man_68,Undirected,0.5,0.5
K9Imperium,No_Snow2245,Undirected,0.5,0.5
K9Imperium,Perfect-Parking1536,Undirected,0.5,0.5
K9Imperium,HuckleberryFuzzy918,Undirected,0.5,0.5
K9Imperium,ResolutionDull5054,Undirected,0.5,0.5
K9Imperium,Ok_Somewhere9687,Undirected,0.5,0.5
K9Imperium,VanillaAdventurous74,Undirected,0.5,0.5
K9Imperium,TheAlphaKiller17,Undirected,0.5,0.5
K9Imperium,CrossingVoid,Undirected,0.5,0.5
K9Imperium,Icy_Giraffe3903,Undirected,0.5,0.5
K9Imperium,doctormelody18,Undirected,0.5,0.5
K9Imperium,No_Degree3814,Undirected,0.5,0.5
YamFrosty6169,reparationsNowToday,Undirected,0.5,0.5
YamFrosty6169,Glad_Opinion_6339,Undirected,0.25,0.25
YamFrosty6169,angels-cry,Undirected,0.5,0.5
YamFrosty6169,iLikeDucks72,Undirected,0.5,0.5
YamFrosty6169,Affectionate-Rent415,Undirected,0.5,0.5
YamFrosty6169,CelestialCometDoll,Undirected,0.5,0.5
YamFrosty6169,ChargeResponsible112,Undirected,0.5,0.5
YamFrosty6169,tortilla_avalanche,Undirected,0.3333333333333333,0.3333333333333333
YamFrosty6169,Relative-Narwhal-504,Undirected,0.5,0.5
YamFrosty6169,Brutally_Honest_Swan,Undirected,0.5,0.5
YamFrosty6169,[deleted],Undirected,0.2857142857142857,0.2857142857142857
YamFrosty6169,OmegaDGalaxyGoji777,Undirected,0.5,0.5
YamFrosty6169,Life-Focus-3105,Undirected,0.5,0.5
YamFrosty6169,Dingus-the-Mingus,Undirected,1.0,1.0
YamFrosty6169,Fledgling_112896,Undirected,0.5,0.5
YamFrosty6169,Virtual_Ad_4734,Undirected,0.5,0.5
YamFrosty6169,SuccessfulOwl9919,Undirected,0.5,0.5
YamFrosty6169,mornunglake,Undirected,0.5,0.5
YamFrosty6169,veinsouls,Undirected,0.5,0.5
YamFrosty6169,No-Trick-7397,Undirected,0.5,0.5
YamFrosty6169,dark00H,Undirected,0.5,0.5
YamFrosty6169,DesignerSkyline01,Undirected,0.5,0.5
YamFrosty6169,Accomplished_Cry6108,Undirected,0.5,0.5
YamFrosty6169,SchemeBoth2169,Undirected,0.5,0.5
YamFrosty6169,CraftyOpportunity646,Undirected,0.5,0.5
YamFrosty6169,VolkswagenPanda,Undirected,0.5,0.5
YamFrosty6169,Imaginary-Hold5898,Undirected,0.5,0.5
YamFrosty6169,amotivatedgal,Undirected,0.5,0.5
YamFrosty6169,Pack_Em_Up,Undirected,0.5,0.5
YamFrosty6169,Burning-Bush-613,Undirected,0.3333333333333333,0.3333333333333333
YamFrosty6169,SnooOnions4663,Undirected,0.5,0.5
YamFrosty6169,mar_de_mariposas,Undirected,0.5,0.5
YamFrosty6169,endingcolonialism,Undirected,1.0,1.0
YamFrosty6169,KnowTheTruthMatters,Undirected,0.5,0.5
YamFrosty6169,Pepperina_G,Undirected,0.5,0.5
YamFrosty6169,barb_20,Undirected,0.5,0.5
YamFrosty6169,Fhlurrhy108,Undirected,0.5,0.5
YamFrosty6169,antifamarketer,Undirected,0.5,0.5
YamFrosty6169,MoonGlissades,Undirected,0.5,0.5
YamFrosty6169,Dear-Boot4077,Undirected,0.5,0.5
YamFrosty6169,MrJasonMason,Undirected,0.3333333333333333,0.3333333333333333
YamFrosty6169,shane_4_us,Undirected,0.5,0.5
YamFrosty6169,Comfortable_Spend436,Undirected,0.5,0.5
YamFrosty6169,KingofTrilobites123,Undirected,0.6666666666666666,0.6666666666666666
YamFrosty6169,ABCecy,Undirected,0.5,0.5
YamFrosty6169,Apollo_Delphi,Undirected,0.3333333333333333,0.3333333333333333
YamFrosty6169,Alternative-Dare-601,Undirected,0.5,0.5
YamFrosty6169,ReachZestyclose,Undirected,0.5,0.5
YamFrosty6169,Witty-Savings-2048,Undirected,0.5,0.5
YamFrosty6169,Ok-Following6886,Undirected,0.5,0.5
YamFrosty6169,SecretBiscotti8128,Undirected,0.3333333333333333,0.3333333333333333
YamFrosty6169,adilbuilds,Undirected,0.5,0.5
YamFrosty6169,librephili,Undirected,0.2857142857142857,0.2857142857142857
YamFrosty6169,Songmorning,Undirected,0.5,0.5
YamFrosty6169,Narrow_Guava_6239,Undirected,0.3333333333333333,0.3333333333333333
YamFrosty6169,Plane-Imagination593,Undirected,0.5,0.5
YamFrosty6169,safemath,Undirected,0.3333333333333333,0.3333333333333333
YamFrosty6169,Particular_Log_3594,Undirected,0.5,0.5
YamFrosty6169,chopstickemup,Undirected,0.5,0.5
YamFrosty6169,Able_Ad_4891,Undirected,0.5,0.5
YamFrosty6169,carTot254,Undirected,0.5,0.5
YamFrosty6169,itsamefas,Undirected,0.5,0.5
YamFrosty6169,CosmeticChemistPro,Undirected,0.5,0.5
YamFrosty6169,Hamdan-mohamed,Undirected,0.5,0.5
YamFrosty6169,natural_piano1836,Undirected,0.5,0.5
YamFrosty6169,SillyPassion7773,Undirected,0.5,0.5
YamFrosty6169,librePali,Undirected,0.5,0.5
YamFrosty6169,ExtHD,Undirected,0.5,0.5
YamFrosty6169,ibrahim_D12,Undirected,0.5,0.5
YamFrosty6169,That-Flamingo9866,Undirected,0.5,0.5
YamFrosty6169,ConfidenceCareless71,Undirected,0.5,0.5
YamFrosty6169,No_Newspaper_2914,Undirected,0.5,0.5
YamFrosty6169,Enough_Credit_8199,Undirected,0.3333333333333333,0.3333333333333333
YamFrosty6169,Sad_Recognition_6037,Undirected,0.5,0.5
YamFrosty6169,DarkShadow13206,Undirected,0.5,0.5
YamFrosty6169,Miserable-Spinach867,Undirected,0.5,0.5
YamFrosty6169,Big_Fennel2186,Undirected,0.5,0.5
YamFrosty6169,introvertaltsakki,Undirected,0.5,0.5
YamFrosty6169,Jealous-Ad-4838,Undirected,0.5,0.5
YamFrosty6169,PandoraHadess,Undirected,0.5,0.5
YamFrosty6169,Weird-Noise-180,Undirected,0.5,0.5
YamFrosty6169,Financial_Smile4143,Undirected,0.5,0.5
YamFrosty6169,ElkNational9973,Undirected,0.5,0.5
YamFrosty6169,jodio_hoestar,Undirected,0.3333333333333333,0.3333333333333333
YamFrosty6169,Colei_the_weird,Undirected,0.5,0.5
YamFrosty6169,isaboobers,Undirected,0.5,0.5
YamFrosty6169,Ok-Divide4719,Undirected,0.3333333333333333,0.3333333333333333
YamFrosty6169,LofiOcean131,Undirected,0.5,0.5
YamFrosty6169,Apprehensive-Cut9959,Undirected,0.5,0.5
YamFrosty6169,Pinkblushdiva,Undirected,1.0,1.0
YamFrosty6169,Ridussey,Undirected,0.5,0.5
YamFrosty6169,Away-Lavishness-3805,Undirected,0.5,0.5
YamFrosty6169,winter_in_eden,Undirected,0.5,0.5
YamFrosty6169,Asinead666,Undirected,0.5,0.5
YamFrosty6169,SnooOwls4954,Undirected,0.5,0.5
YamFrosty6169,Margiethecat,Undirected,0.5,0.5
YamFrosty6169,Able_Compote6571,Undirected,0.5,0.5
YamFrosty6169,pickl3dguava,Undirected,0.5,0.5
YamFrosty6169,CopiousCool,Undirected,0.6666666666666666,0.6666666666666666
YamFrosty6169,butterflyfrenchfry,Undirected,0.5,0.5
YamFrosty6169,Effective_Nothing519,Undirected,0.5,0.5
YamFrosty6169,Kekeegan,Undirected,0.5,0.5
YamFrosty6169,aym0_0n,Undirected,0.5,0.5
YamFrosty6169,Beneficial-Network91,Undirected,0.3333333333333333,0.3333333333333333
YamFrosty6169,Squidieyy,Undirected,0.5,0.5
YamFrosty6169,tyuptyupolpolp,Undirected,0.3333333333333333,0.3333333333333333
YamFrosty6169,Hopeful_Worth315,Undirected,0.5,0.5
YamFrosty6169,palilibre,Undirected,1.0,1.0
YamFrosty6169,VISlONSOFALIFE,Undirected,0.5,0.5
YamFrosty6169,Sp1dderxyz,Undirected,0.5,0.5
YamFrosty6169,Responsible-Term4482,Undirected,0.5,0.5
YamFrosty6169,cats_and_coffee15,Undirected,0.5,0.5
YamFrosty6169,Ambitious-Narwhal158,Undirected,0.3333333333333333,0.3333333333333333
YamFrosty6169,Unfair_Enthusiasm696,Undirected,0.5,0.5
YamFrosty6169,peachemistry,Undirected,0.5,0.5
YamFrosty6169,Ok-Bicycle-12345,Undirected,0.5,0.5
YamFrosty6169,ComfortableJello508,Undirected,0.5,0.5
YamFrosty6169,FlabbyShabby,Undirected,0.5,0.5
YamFrosty6169,Justarandomguy-fuck,Undirected,0.5,0.5
YamFrosty6169,thatsjustarandomname,Undirected,0.5,0.5
YamFrosty6169,Late-Test2209,Undirected,0.5,0.5
YamFrosty6169,ElectricalChance3664,Undirected,0.25,0.25
YamFrosty6169,MrLabbrow,Undirected,0.5,0.5
YamFrosty6169,Akram-Brahimi,Undirected,0.3333333333333333,0.3333333333333333
YamFrosty6169,Sea_Banana882,Undirected,1.0,1.0
YamFrosty6169,CatacaX,Undirected,0.5,0.5
YamFrosty6169,TonkaMaze,Undirected,0.5,0.5
YamFrosty6169,m7mdhassballa,Undirected,0.5,0.5
YamFrosty6169,J3ssM,Undirected,0.5,0.5
YamFrosty6169,Early_Bad_,Undirected,0.5,0.5
YamFrosty6169,Fantastic_Bag1560,Undirected,0.5,0.5
YamFrosty6169,abenites99,Undirected,0.5,0.5
YamFrosty6169,Zealousideal-Item607,Undirected,0.3333333333333333,0.3333333333333333
YamFrosty6169,NewPatron-St,Undirected,0.5,0.5
YamFrosty6169,ChangePrestigious702,Undirected,0.5,0.5
YamFrosty6169,Moth_Man_68,Undirected,0.5,0.5
YamFrosty6169,No_Snow2245,Undirected,0.5,0.5
YamFrosty6169,Perfect-Parking1536,Undirected,0.5,0.5
YamFrosty6169,HuckleberryFuzzy918,Undirected,0.5,0.5
YamFrosty6169,ResolutionDull5054,Undirected,0.5,0.5
YamFrosty6169,Ok_Somewhere9687,Undirected,0.5,0.5
YamFrosty6169,VanillaAdventurous74,Undirected,0.5,0.5
YamFrosty6169,TheAlphaKiller17,Undirected,0.5,0.5
YamFrosty6169,CrossingVoid,Undirected,0.5,0.5
YamFrosty6169,Icy_Giraffe3903,Undirected,0.5,0.5
YamFrosty6169,doctormelody18,Undirected,0.5,0.5
YamFrosty6169,No_Degree3814,Undirected,0.5,0.5
reparationsNowToday,angels-cry,Undirected,1.0,1.0
reparationsNowToday,iLikeDucks72,Undirected,1.0,1.0
reparationsNowToday,CelestialCometDoll,Undirected,1.0,1.0
reparationsNowToday,tortilla_avalanche,Undirected,0.5,0.5
reparationsNowToday,Relative-Narwhal-504,Undirected,1.0,1.0
reparationsNowToday,Brutally_Honest_Swan,Undirected,1.0,1.0
reparationsNowToday,OmegaDGalaxyGoji777,Undirected,1.0,1.0
reparationsNowToday,Life-Focus-3105,Undirected,1.0,1.0
reparationsNowToday,Dingus-the-Mingus,Undirected,0.5,0.5
reparationsNowToday,Virtual_Ad_4734,Undirected,1.0,1.0
reparationsNowToday,SuccessfulOwl9919,Undirected,1.0,1.0
reparationsNowToday,mornunglake,Undirected,1.0,1.0
reparationsNowToday,veinsouls,Undirected,1.0,1.0
reparationsNowToday,No-Trick-7397,Undirected,1.0,1.0
reparationsNowToday,dark00H,Undirected,1.0,1.0
reparationsNowToday,DesignerSkyline01,Undirected,1.0,1.0
reparationsNowToday,Accomplished_Cry6108,Undirected,1.0,1.0
reparationsNowToday,SchemeBoth2169,Undirected,1.0,1.0
reparationsNowToday,CraftyOpportunity646,Undirected,1.0,1.0
reparationsNowToday,VolkswagenPanda,Undirected,1.0,1.0
reparationsNowToday,amotivatedgal,Undirected,1.0,1.0
reparationsNowToday,Pack_Em_Up,Undirected,1.0,1.0
reparationsNowToday,Burning-Bush-613,Undirected,0.5,0.5
reparationsNowToday,SnooOnions4663,Undirected,1.0,1.0
reparationsNowToday,mar_de_mariposas,Undirected,1.0,1.0
reparationsNowToday,endingcolonialism,Undirected,0.5,0.5
reparationsNowToday,KnowTheTruthMatters,Undirected,0.25,0.25
reparationsNowToday,barb_20,Undirected,1.0,1.0
reparationsNowToday,Fhlurrhy108,Undirected,1.0,1.0
reparationsNowToday,antifamarketer,Undirected,1.0,1.0
reparationsNowToday,MoonGlissades,Undirected,1.0,1.0
reparationsNowToday,MrJasonMason,Undirected,0.5,0.5
reparationsNowToday,shane_4_us,Undirected,1.0,1.0
reparationsNowToday,Comfortable_Spend436,Undirected,1.0,1.0
reparationsNowToday,KingofTrilobites123,Undirected,0.3333333333333333,0.3333333333333333
reparationsNowToday,ABCecy,Undirected,1.0,1.0
reparationsNowToday,Apollo_Delphi,Undirected,0.5,0.5
reparationsNowToday,Alternative-Dare-601,Undirected,1.0,1.0
reparationsNowToday,Witty-Savings-2048,Undirected,1.0,1.0
reparationsNowToday,SecretBiscotti8128,Undirected,0.5,0.5
reparationsNowToday,adilbuilds,Undirected,0.25,0.25
reparationsNowToday,Narrow_Guava_6239,Undirected,0.5,0.5
reparationsNowToday,Particular_Log_3594,Undirected,0.25,0.25
reparationsNowToday,Able_Ad_4891,Undirected,1.0,1.0
reparationsNowToday,itsamefas,Undirected,1.0,1.0
reparationsNowToday,CosmeticChemistPro,Undirected,1.0,1.0
reparationsNowToday,Hamdan-mohamed,Undirected,1.0,1.0
reparationsNowToday,SillyPassion7773,Undirected,1.0,1.0
reparationsNowToday,That-Flamingo9866,Undirected,1.0,1.0
reparationsNowToday,No_Newspaper_2914,Undirected,1.0,1.0
reparationsNowToday,Sad_Recognition_6037,Undirected,1.0,1.0
reparationsNowToday,DarkShadow13206,Undirected,1.0,1.0
reparationsNowToday,introvertaltsakki,Undirected,1.0,1.0
reparationsNowToday,Jealous-Ad-4838,Undirected,1.0,1.0
reparationsNowToday,PandoraHadess,Undirected,1.0,1.0
reparationsNowToday,Weird-Noise-180,Undirected,1.0,1.0
reparationsNowToday,Financial_Smile4143,Undirected,0.25,0.25
reparationsNowToday,ElkNational9973,Undirected,1.0,1.0
reparationsNowToday,Colei_the_weird,Undirected,1.0,1.0
reparationsNowToday,isaboobers,Undirected,1.0,1.0
reparationsNowToday,Ok-Divide4719,Undirected,0.5,0.5
reparationsNowToday,LofiOcean131,Undirected,1.0,1.0
reparationsNowToday,Apprehensive-Cut9959,Undirected,1.0,1.0
reparationsNowToday,Pinkblushdiva,Undirected,0.5,0.5
reparationsNowToday,Ridussey,Undirected,1.0,1.0
reparationsNowToday,Away-Lavishness-3805,Undirected,1.0,1.0
reparationsNowToday,winter_in_eden,Undirected,1.0,1.0
reparationsNowToday,Asinead666,Undirected,1.0,1.0
reparationsNowToday,SnooOwls4954,Undirected,1.0,1.0
reparationsNowToday,Margiethecat,Undirected,1.0,1.0
reparationsNowToday,Able_Compote6571,Undirected,0.25,0.25
reparationsNowToday,pickl3dguava,Undirected,1.0,1.0
reparationsNowToday,CopiousCool,Undirected,0.3333333333333333,0.3333333333333333
reparationsNowToday,butterflyfrenchfry,Undirected,1.0,1.0
reparationsNowToday,Effective_Nothing519,Undirected,1.0,1.0
reparationsNowToday,Kekeegan,Undirected,1.0,1.0
reparationsNowToday,aym0_0n,Undirected,1.0,1.0
reparationsNowToday,Beneficial-Network91,Undirected,0.5,0.5
reparationsNowToday,tyuptyupolpolp,Undirected,0.5,0.5
reparationsNowToday,Hopeful_Worth315,Undirected,1.0,1.0
reparationsNowToday,palilibre,Undirected,0.5,0.5
reparationsNowToday,VISlONSOFALIFE,Undirected,1.0,1.0
reparationsNowToday,Sp1dderxyz,Undirected,1.0,1.0
reparationsNowToday,cats_and_coffee15,Undirected,1.0,1.0
reparationsNowToday,Ambitious-Narwhal158,Undirected,0.5,0.5
reparationsNowToday,peachemistry,Undirected,1.0,1.0
reparationsNowToday,thatsjustarandomname,Undirected,1.0,1.0
reparationsNowToday,Akram-Brahimi,Undirected,0.5,0.5
reparationsNowToday,Sea_Banana882,Undirected,0.5,0.5
reparationsNowToday,m7mdhassballa,Undirected,1.0,1.0
reparationsNowToday,Fantastic_Bag1560,Undirected,1.0,1.0
reparationsNowToday,HuckleberryFuzzy918,Undirected,1.0,1.0
reparationsNowToday,ResolutionDull5054,Undirected,1.0,1.0
reparationsNowToday,VanillaAdventurous74,Undirected,1.0,1.0
reparationsNowToday,TheAlphaKiller17,Undirected,1.0,1.0
reparationsNowToday,doctormelody18,Undirected,1.0,1.0
Glad_Opinion_6339,Affectionate-Rent415,Undirected,0.3333333333333333,0.3333333333333333
Glad_Opinion_6339,ChargeResponsible112,Undirected,0.3333333333333333,0.3333333333333333
Glad_Opinion_6339,tortilla_avalanche,Undirected,0.25,0.25
Glad_Opinion_6339,[deleted],Undirected,0.25,0.25
Glad_Opinion_6339,Dingus-the-Mingus,Undirected,0.25,0.25
Glad_Opinion_6339,Fledgling_112896,Undirected,0.3333333333333333,0.3333333333333333
Glad_Opinion_6339,Imaginary-Hold5898,Undirected,0.3333333333333333,0.3333333333333333
Glad_Opinion_6339,Relative-Chain73,Undirected,0.3333333333333333,0.3333333333333333
Glad_Opinion_6339,Practical_Chef_7897,Undirected,0.6,0.6
Glad_Opinion_6339,endingcolonialism,Undirected,0.25,0.25
Glad_Opinion_6339,MagnusRottcodd,Undirected,0.3333333333333333,0.3333333333333333
Glad_Opinion_6339,Pepperina_G,Undirected,0.3333333333333333,0.3333333333333333
Glad_Opinion_6339,Dear-Boot4077,Undirected,0.3333333333333333,0.3333333333333333
Glad_Opinion_6339,elifshafakenthusiast,Undirected,0.3333333333333333,0.3333333333333333
Glad_Opinion_6339,yanonce,Undirected,0.3333333333333333,0.3333333333333333
Glad_Opinion_6339,kamotos,Undirected,0.3333333333333333,0.3333333333333333
Glad_Opinion_6339,Apollo_Delphi,Undirected,0.25,0.25
Glad_Opinion_6339,ReachZestyclose,Undirected,0.3333333333333333,0.3333333333333333
Glad_Opinion_6339,Ok-Following6886,Undirected,0.3333333333333333,0.3333333333333333
Glad_Opinion_6339,adilbuilds,Undirected,0.4,0.4
Glad_Opinion_6339,pumpkinzh,Undirected,0.4,0.4
Glad_Opinion_6339,whater39,Undirected,0.3333333333333333,0.3333333333333333
Glad_Opinion_6339,Songmorning,Undirected,0.3333333333333333,0.3333333333333333
Glad_Opinion_6339,Plane-Imagination593,Undirected,0.3333333333333333,0.3333333333333333
Glad_Opinion_6339,safemath,Undirected,0.25,0.25
Glad_Opinion_6339,Particular_Log_3594,Undirected,0.4,0.4
Glad_Opinion_6339,chopstickemup,Undirected,0.3333333333333333,0.3333333333333333
Glad_Opinion_6339,carTot254,Undirected,0.3333333333333333,0.3333333333333333
Glad_Opinion_6339,natural_piano1836,Undirected,0.3333333333333333,0.3333333333333333
Glad_Opinion_6339,CNCMachina,Undirected,0.3333333333333333,0.3333333333333333
Glad_Opinion_6339,dramaqueen09,Undirected,0.3333333333333333,0.3333333333333333
Glad_Opinion_6339,librePali,Undirected,0.3333333333333333,0.3333333333333333
Glad_Opinion_6339,ExtHD,Undirected,0.3333333333333333,0.3333333333333333
Glad_Opinion_6339,ibrahim_D12,Undirected,0.3333333333333333,0.3333333333333333
Glad_Opinion_6339,ConfidenceCareless71,Undirected,0.3333333333333333,0.3333333333333333
Glad_Opinion_6339,Enough_Credit_8199,Undirected,0.25,0.25
Glad_Opinion_6339,Miserable-Spinach867,Undirected,0.3333333333333333,0.3333333333333333
Glad_Opinion_6339,Big_Fennel2186,Undirected,0.3333333333333333,0.3333333333333333
Glad_Opinion_6339,jodio_hoestar,Undirected,0.6666666666666666,0.6666666666666666
Glad_Opinion_6339,Pinkblushdiva,Undirected,0.25,0.25
Glad_Opinion_6339,Novel_Bass6032,Undirected,0.3333333333333333,0.3333333333333333
Glad_Opinion_6339,Able_Compote6571,Undirected,0.4,0.4
Glad_Opinion_6339,Rich_Ask3503,Undirected,0.3333333333333333,0.3333333333333333
Glad_Opinion_6339,Squidieyy,Undirected,0.3333333333333333,0.3333333333333333
Glad_Opinion_6339,palilibre,Undirected,0.25,0.25
Glad_Opinion_6339,Responsible-Term4482,Undirected,0.3333333333333333,0.3333333333333333
Glad_Opinion_6339,comrade-sunflower,Undirected,0.3333333333333333,0.3333333333333333
Glad_Opinion_6339,Ambitious-Narwhal158,Undirected,0.25,0.25
Glad_Opinion_6339,Unfair_Enthusiasm696,Undirected,0.3333333333333333,0.3333333333333333
Glad_Opinion_6339,Ok-Bicycle-12345,Undirected,0.3333333333333333,0.3333333333333333
Glad_Opinion_6339,ComfortableJello508,Undirected,0.3333333333333333,0.3333333333333333
Glad_Opinion_6339,GermanLetsKotz,Undirected,0.3333333333333333,0.3333333333333333
Glad_Opinion_6339,FlabbyShabby,Undirected,0.3333333333333333,0.3333333333333333
Glad_Opinion_6339,Justarandomguy-fuck,Undirected,0.3333333333333333,0.3333333333333333
Glad_Opinion_6339,Late-Test2209,Undirected,0.3333333333333333,0.3333333333333333
Glad_Opinion_6339,MrLabbrow,Undirected,0.3333333333333333,0.3333333333333333
Glad_Opinion_6339,Akram-Brahimi,Undirected,0.25,0.25
Glad_Opinion_6339,Sea_Banana882,Undirected,0.25,0.25
Glad_Opinion_6339,CatacaX,Undirected,0.3333333333333333,0.3333333333333333
Glad_Opinion_6339,TonkaMaze,Undirected,0.3333333333333333,0.3333333333333333
Glad_Opinion_6339,J3ssM,Undirected,0.3333333333333333,0.3333333333333333
Glad_Opinion_6339,Early_Bad_,Undirected,0.3333333333333333,0.3333333333333333
Glad_Opinion_6339,abenites99,Undirected,0.3333333333333333,0.3333333333333333
Glad_Opinion_6339,Zealousideal-Item607,Undirected,0.25,0.25
Glad_Opinion_6339,NewPatron-St,Undirected,0.3333333333333333,0.3333333333333333
Glad_Opinion_6339,ChangePrestigious702,Undirected,0.3333333333333333,0.3333333333333333
Glad_Opinion_6339,Moth_Man_68,Undirected,0.3333333333333333,0.3333333333333333
Glad_Opinion_6339,No_Snow2245,Undirected,0.3333333333333333,0.3333333333333333
Glad_Opinion_6339,Perfect-Parking1536,Undirected,0.3333333333333333,0.3333333333333333
Glad_Opinion_6339,secret-agent-zero,Undirected,0.3333333333333333,0.3333333333333333
Glad_Opinion_6339,Ok_Somewhere9687,Undirected,0.3333333333333333,0.3333333333333333
Glad_Opinion_6339,CrossingVoid,Undirected,0.3333333333333333,0.3333333333333333
Glad_Opinion_6339,Icy_Giraffe3903,Undirected,0.3333333333333333,0.3333333333333333
Glad_Opinion_6339,tallbigbear,Undirected,0.3333333333333333,0.3333333333333333
Glad_Opinion_6339,No_Degree3814,Undirected,0.3333333333333333,0.3333333333333333
angels-cry,iLikeDucks72,Undirected,1.0,1.0
angels-cry,CelestialCometDoll,Undirected,1.0,1.0
angels-cry,tortilla_avalanche,Undirected,0.5,0.5
angels-cry,Relative-Narwhal-504,Undirected,1.0,1.0
angels-cry,Brutally_Honest_Swan,Undirected,1.0,1.0
angels-cry,OmegaDGalaxyGoji777,Undirected,1.0,1.0
angels-cry,Life-Focus-3105,Undirected,1.0,1.0
angels-cry,Dingus-the-Mingus,Undirected,0.5,0.5
angels-cry,Virtual_Ad_4734,Undirected,1.0,1.0
angels-cry,SuccessfulOwl9919,Undirected,1.0,1.0
angels-cry,mornunglake,Undirected,1.0,1.0
angels-cry,veinsouls,Undirected,1.0,1.0
angels-cry,No-Trick-7397,Undirected,1.0,1.0
angels-cry,dark00H,Undirected,1.0,1.0
angels-cry,DesignerSkyline01,Undirected,1.0,1.0
angels-cry,Accomplished_Cry6108,Undirected,1.0,1.0
angels-cry,SchemeBoth2169,Undirected,1.0,1.0
angels-cry,CraftyOpportunity646,Undirected,1.0,1.0
angels-cry,VolkswagenPanda,Undirected,1.0,1.0
angels-cry,amotivatedgal,Undirected,1.0,1.0
angels-cry,Pack_Em_Up,Undirected,1.0,1.0
angels-cry,Burning-Bush-613,Undirected,0.5,0.5
angels-cry,SnooOnions4663,Undirected,1.0,1.0
angels-cry,mar_de_mariposas,Undirected,1.0,1.0
angels-cry,endingcolonialism,Undirected,0.5,0.5
angels-cry,KnowTheTruthMatters,Undirected,0.25,0.25
angels-cry,barb_20,Undirected,1.0,1.0
angels-cry,Fhlurrhy108,Undirected,1.0,1.0
angels-cry,antifamarketer,Undirected,1.0,1.0
angels-cry,MoonGlissades,Undirected,1.0,1.0
angels-cry,MrJasonMason,Undirected,0.5,0.5
angels-cry,shane_4_us,Undirected,1.0,1.0
angels-cry,Comfortable_Spend436,Undirected,1.0,1.0
angels-cry,KingofTrilobites123,Undirected,0.3333333333333333,0.3333333333333333
angels-cry,ABCecy,Undirected,1.0,1.0
angels-cry,Apollo_Delphi,Undirected,0.5,0.5
angels-cry,Alternative-Dare-601,Undirected,1.0,1.0
angels-cry,Witty-Savings-2048,Undirected,1.0,1.0
angels-cry,SecretBiscotti8128,Undirected,0.5,0.5
angels-cry,adilbuilds,Undirected,0.25,0.25
angels-cry,Narrow_Guava_6239,Undirected,0.5,0.5
angels-cry,Particular_Log_3594,Undirected,0.25,0.25
angels-cry,Able_Ad_4891,Undirected,1.0,1.0
angels-cry,itsamefas,Undirected,1.0,1.0
angels-cry,CosmeticChemistPro,Undirected,1.0,1.0
angels-cry,Hamdan-mohamed,Undirected,1.0,1.0
angels-cry,SillyPassion7773,Undirected,1.0,1.0
angels-cry,That-Flamingo9866,Undirected,1.0,1.0
angels-cry,No_Newspaper_2914,Undirected,1.0,1.0
angels-cry,Sad_Recognition_6037,Undirected,1.0,1.0
angels-cry,DarkShadow13206,Undirected,1.0,1.0
angels-cry,introvertaltsakki,Undirected,1.0,1.0
angels-cry,Jealous-Ad-4838,Undirected,1.0,1.0
angels-cry,PandoraHadess,Undirected,1.0,1.0
angels-cry,Weird-Noise-180,Undirected,1.0,1.0
angels-cry,Financial_Smile4143,Undirected,0.25,0.25
angels-cry,ElkNational9973,Undirected,1.0,1.0
angels-cry,Colei_the_weird,Undirected,1.0,1.0
angels-cry,isaboobers,Undirected,1.0,1.0
angels-cry,Ok-Divide4719,Undirected,0.5,0.5
angels-cry,LofiOcean131,Undirected,1.0,1.0
angels-cry,Apprehensive-Cut9959,Undirected,1.0,1.0
angels-cry,Pinkblushdiva,Undirected,0.5,0.5
angels-cry,Ridussey,Undirected,1.0,1.0
angels-cry,Away-Lavishness-3805,Undirected,1.0,1.0
angels-cry,winter_in_eden,Undirected,1.0,1.0
angels-cry,Asinead666,Undirected,1.0,1.0
angels-cry,SnooOwls4954,Undirected,1.0,1.0
angels-cry,Margiethecat,Undirected,1.0,1.0
angels-cry,Able_Compote6571,Undirected,0.25,0.25
angels-cry,pickl3dguava,Undirected,1.0,1.0
angels-cry,CopiousCool,Undirected,0.3333333333333333,0.3333333333333333
angels-cry,butterflyfrenchfry,Undirected,1.0,1.0
angels-cry,Effective_Nothing519,Undirected,1.0,1.0
angels-cry,Kekeegan,Undirected,1.0,1.0
angels-cry,aym0_0n,Undirected,1.0,1.0
angels-cry,Beneficial-Network91,Undirected,0.5,0.5
angels-cry,tyuptyupolpolp,Undirected,0.5,0.5
angels-cry,Hopeful_Worth315,Undirected,1.0,1.0
angels-cry,palilibre,Undirected,0.5,0.5
angels-cry,VISlONSOFALIFE,Undirected,1.0,1.0
angels-cry,Sp1dderxyz,Undirected,1.0,1.0
angels-cry,cats_and_coffee15,Undirected,1.0,1.0
angels-cry,Ambitious-Narwhal158,Undirected,0.5,0.5
angels-cry,peachemistry,Undirected,1.0,1.0
angels-cry,thatsjustarandomname,Undirected,1.0,1.0
angels-cry,Akram-Brahimi,Undirected,0.5,0.5
angels-cry,Sea_Banana882,Undirected,0.5,0.5
angels-cry,m7mdhassballa,Undirected,1.0,1.0
angels-cry,Fantastic_Bag1560,Undirected,1.0,1.0
angels-cry,HuckleberryFuzzy918,Undirected,1.0,1.0
angels-cry,ResolutionDull5054,Undirected,1.0,1.0
angels-cry,VanillaAdventurous74,Undirected,1.0,1.0
angels-cry,TheAlphaKiller17,Undirected,1.0,1.0
angels-cry,doctormelody18,Undirected,1.0,1.0
iLikeDucks72,CelestialCometDoll,Undirected,1.0,1.0
iLikeDucks72,tortilla_avalanche,Undirected,0.5,0.5
iLikeDucks72,Relative-Narwhal-504,Undirected,1.0,1.0
iLikeDucks72,Brutally_Honest_Swan,Undirected,1.0,1.0
iLikeDucks72,OmegaDGalaxyGoji777,Undirected,1.0,1.0
iLikeDucks72,Life-Focus-3105,Undirected,1.0,1.0
iLikeDucks72,Dingus-the-Mingus,Undirected,0.5,0.5
iLikeDucks72,Virtual_Ad_4734,Undirected,1.0,1.0
iLikeDucks72,SuccessfulOwl9919,Undirected,1.0,1.0
iLikeDucks72,mornunglake,Undirected,1.0,1.0
iLikeDucks72,veinsouls,Undirected,1.0,1.0
iLikeDucks72,No-Trick-7397,Undirected,1.0,1.0
iLikeDucks72,dark00H,Undirected,1.0,1.0
iLikeDucks72,DesignerSkyline01,Undirected,1.0,1.0
iLikeDucks72,Accomplished_Cry6108,Undirected,1.0,1.0
iLikeDucks72,SchemeBoth2169,Undirected,1.0,1.0
iLikeDucks72,CraftyOpportunity646,Undirected,1.0,1.0
iLikeDucks72,VolkswagenPanda,Undirected,1.0,1.0
iLikeDucks72,amotivatedgal,Undirected,1.0,1.0
iLikeDucks72,Pack_Em_Up,Undirected,1.0,1.0
iLikeDucks72,Burning-Bush-613,Undirected,0.5,0.5
iLikeDucks72,SnooOnions4663,Undirected,1.0,1.0
iLikeDucks72,mar_de_mariposas,Undirected,1.0,1.0
iLikeDucks72,endingcolonialism,Undirected,0.5,0.5
iLikeDucks72,KnowTheTruthMatters,Undirected,0.25,0.25
iLikeDucks72,barb_20,Undirected,1.0,1.0
iLikeDucks72,Fhlurrhy108,Undirected,1.0,1.0
iLikeDucks72,antifamarketer,Undirected,1.0,1.0
iLikeDucks72,MoonGlissades,Undirected,1.0,1.0
iLikeDucks72,MrJasonMason,Undirected,0.5,0.5
iLikeDucks72,shane_4_us,Undirected,1.0,1.0
iLikeDucks72,Comfortable_Spend436,Undirected,1.0,1.0
iLikeDucks72,KingofTrilobites123,Undirected,0.3333333333333333,0.3333333333333333
iLikeDucks72,ABCecy,Undirected,1.0,1.0
iLikeDucks72,Apollo_Delphi,Undirected,0.5,0.5
iLikeDucks72,Alternative-Dare-601,Undirected,1.0,1.0
iLikeDucks72,Witty-Savings-2048,Undirected,1.0,1.0
iLikeDucks72,SecretBiscotti8128,Undirected,0.5,0.5
iLikeDucks72,adilbuilds,Undirected,0.25,0.25
iLikeDucks72,Narrow_Guava_6239,Undirected,0.5,0.5
iLikeDucks72,Particular_Log_3594,Undirected,0.25,0.25
iLikeDucks72,Able_Ad_4891,Undirected,1.0,1.0
iLikeDucks72,itsamefas,Undirected,1.0,1.0
iLikeDucks72,CosmeticChemistPro,Undirected,1.0,1.0
iLikeDucks72,Hamdan-mohamed,Undirected,1.0,1.0
iLikeDucks72,SillyPassion7773,Undirected,1.0,1.0
iLikeDucks72,That-Flamingo9866,Undirected,1.0,1.0
iLikeDucks72,No_Newspaper_2914,Undirected,1.0,1.0
iLikeDucks72,Sad_Recognition_6037,Undirected,1.0,1.0
iLikeDucks72,DarkShadow13206,Undirected,1.0,1.0
iLikeDucks72,introvertaltsakki,Undirected,1.0,1.0
iLikeDucks72,Jealous-Ad-4838,Undirected,1.0,1.0
iLikeDucks72,PandoraHadess,Undirected,1.0,1.0
iLikeDucks72,Weird-Noise-180,Undirected,1.0,1.0
iLikeDucks72,Financial_Smile4143,Undirected,0.25,0.25
iLikeDucks72,ElkNational9973,Undirected,1.0,1.0
iLikeDucks72,Colei_the_weird,Undirected,1.0,1.0
iLikeDucks72,isaboobers,Undirected,1.0,1.0
iLikeDucks72,Ok-Divide4719,Undirected,0.5,0.5
iLikeDucks72,LofiOcean131,Undirected,1.0,1.0
iLikeDucks72,Apprehensive-Cut9959,Undirected,1.0,1.0
iLikeDucks72,Pinkblushdiva,Undirected,0.5,0.5
iLikeDucks72,Ridussey,Undirected,1.0,1.0
iLikeDucks72,Away-Lavishness-3805,Undirected,1.0,1.0
iLikeDucks72,winter_in_eden,Undirected,1.0,1.0
iLikeDucks72,Asinead666,Undirected,1.0,1.0
iLikeDucks72,SnooOwls4954,Undirected,1.0,1.0
iLikeDucks72,Margiethecat,Undirected,1.0,1.0
iLikeDucks72,Able_Compote6571,Undirected,0.25,0.25
iLikeDucks72,pickl3dguava,Undirected,1.0,1.0
iLikeDucks72,CopiousCool,Undirected,0.3333333333333333,0.3333333333333333
iLikeDucks72,butterflyfrenchfry,Undirected,1.0,1.0
iLikeDucks72,Effective_Nothing519,Undirected,1.0,1.0
iLikeDucks72,Kekeegan,Undirected,1.0,1.0
iLikeDucks72,aym0_0n,Undirected,1.0,1.0
iLikeDucks72,Beneficial-Network91,Undirected,0.5,0.5
iLikeDucks72,tyuptyupolpolp,Undirected,0.5,0.5
iLikeDucks72,Hopeful_Worth315,Undirected,1.0,1.0
iLikeDucks72,palilibre,Undirected,0.5,0.5
iLikeDucks72,VISlONSOFALIFE,Undirected,1.0,1.0
iLikeDucks72,Sp1dderxyz,Undirected,1.0,1.0
iLikeDucks72,cats_and_coffee15,Undirected,1.0,1.0
iLikeDucks72,Ambitious-Narwhal158,Undirected,0.5,0.5
iLikeDucks72,peachemistry,Undirected,1.0,1.0
iLikeDucks72,thatsjustarandomname,Undirected,1.0,1.0
iLikeDucks72,Akram-Brahimi,Undirected,0.5,0.5
iLikeDucks72,Sea_Banana882,Undirected,0.5,0.5
iLikeDucks72,m7mdhassballa,Undirected,1.0,1.0
iLikeDucks72,Fantastic_Bag1560,Undirected,1.0,1.0
iLikeDucks72,HuckleberryFuzzy918,Undirected,1.0,1.0
iLikeDucks72,ResolutionDull5054,Undirected,1.0,1.0
iLikeDucks72,VanillaAdventurous74,Undirected,1.0,1.0
iLikeDucks72,TheAlphaKiller17,Undirected,1.0,1.0
iLikeDucks72,doctormelody18,Undirected,1.0,1.0
Affectionate-Rent415,ChargeResponsible112,Undirected,1.0,1.0
Affectionate-Rent415,Dingus-the-Mingus,Undirected,0.5,0.5
Affectionate-Rent415,Fledgling_112896,Undirected,1.0,1.0
Affectionate-Rent415,Imaginary-Hold5898,Undirected,1.0,1.0
Affectionate-Rent415,endingcolonialism,Undirected,0.5,0.5
Affectionate-Rent415,KnowTheTruthMatters,Undirected,0.25,0.25
Affectionate-Rent415,Pepperina_G,Undirected,1.0,1.0
Affectionate-Rent415,Dear-Boot4077,Undirected,1.0,1.0
Affectionate-Rent415,KingofTrilobites123,Undirected,0.3333333333333333,0.3333333333333333
Affectionate-Rent415,ReachZestyclose,Undirected,1.0,1.0
Affectionate-Rent415,Ok-Following6886,Undirected,1.0,1.0
Affectionate-Rent415,adilbuilds,Undirected,0.25,0.25
Affectionate-Rent415,pumpkinzh,Undirected,0.25,0.25
Affectionate-Rent415,Songmorning,Undirected,1.0,1.0
Affectionate-Rent415,Plane-Imagination593,Undirected,1.0,1.0
Affectionate-Rent415,safemath,Undirected,0.5,0.5
Affectionate-Rent415,Particular_Log_3594,Undirected,0.25,0.25
Affectionate-Rent415,chopstickemup,Undirected,1.0,1.0
Affectionate-Rent415,carTot254,Undirected,1.0,1.0
Affectionate-Rent415,natural_piano1836,Undirected,1.0,1.0
Affectionate-Rent415,librePali,Undirected,1.0,1.0
Affectionate-Rent415,ExtHD,Undirected,1.0,1.0
Affectionate-Rent415,ibrahim_D12,Undirected,1.0,1.0
Affectionate-Rent415,ConfidenceCareless71,Undirected,1.0,1.0
Affectionate-Rent415,Enough_Credit_8199,Undirected,0.5,0.5
Affectionate-Rent415,Miserable-Spinach867,Undirected,1.0,1.0
Affectionate-Rent415,Big_Fennel2186,Undirected,1.0,1.0
Affectionate-Rent415,Financial_Smile4143,Undirected,0.25,0.25
Affectionate-Rent415,jodio_hoestar,Undirected,0.5,0.5
Affectionate-Rent415,Pinkblushdiva,Undirected,0.5,0.5
Affectionate-Rent415,Able_Compote6571,Undirected,0.25,0.25
Affectionate-Rent415,CopiousCool,Undirected,0.3333333333333333,0.3333333333333333
Affectionate-Rent415,Squidieyy,Undirected,1.0,1.0
Affectionate-Rent415,palilibre,Undirected,0.5,0.5
Affectionate-Rent415,Responsible-Term4482,Undirected,1.0,1.0
Affectionate-Rent415,Unfair_Enthusiasm696,Undirected,1.0,1.0
Affectionate-Rent415,Ok-Bicycle-12345,Undirected,1.0,1.0
Affectionate-Rent415,ComfortableJello508,Undirected,1.0,1.0
Affectionate-Rent415,FlabbyShabby,Undirected,1.0,1.0
Affectionate-Rent415,Justarandomguy-fuck,Undirected,1.0,1.0
Affectionate-Rent415,Late-Test2209,Undirected,1.0,1.0
Affectionate-Rent415,ElectricalChance3664,Undirected,0.3333333333333333,0.3333333333333333
Affectionate-Rent415,MrLabbrow,Undirected,1.0,1.0
Affectionate-Rent415,Sea_Banana882,Undirected,0.5,0.5
Affectionate-Rent415,CatacaX,Undirected,1.0,1.0
Affectionate-Rent415,TonkaMaze,Undirected,1.0,1.0
Affectionate-Rent415,J3ssM,Undirected,1.0,1.0
Affectionate-Rent415,Early_Bad_,Undirected,1.0,1.0
Affectionate-Rent415,abenites99,Undirected,1.0,1.0
Affectionate-Rent415,Zealousideal-Item607,Undirected,0.5,0.5
Affectionate-Rent415,NewPatron-St,Undirected,1.0,1.0
Affectionate-Rent415,ChangePrestigious702,Undirected,1.0,1.0
Affectionate-Rent415,Moth_Man_68,Undirected,1.0,1.0
Affectionate-Rent415,No_Snow2245,Undirected,1.0,1.0
Affectionate-Rent415,Perfect-Parking1536,Undirected,1.0,1.0
Affectionate-Rent415,Ok_Somewhere9687,Undirected,1.0,1.0
Affectionate-Rent415,CrossingVoid,Undirected,1.0,1.0
Affectionate-Rent415,Icy_Giraffe3903,Undirected,1.0,1.0
Affectionate-Rent415,No_Degree3814,Undirected,1.0,1.0
CelestialCometDoll,tortilla_avalanche,Undirected,0.5,0.5
CelestialCometDoll,Relative-Narwhal-504,Undirected,1.0,1.0
CelestialCometDoll,Brutally_Honest_Swan,Undirected,1.0,1.0
CelestialCometDoll,OmegaDGalaxyGoji777,Undirected,1.0,1.0
CelestialCometDoll,Life-Focus-3105,Undirected,1.0,1.0
CelestialCometDoll,Dingus-the-Mingus,Undirected,0.5,0.5
CelestialCometDoll,Virtual_Ad_4734,Undirected,1.0,1.0
CelestialCometDoll,SuccessfulOwl9919,Undirected,1.0,1.0
CelestialCometDoll,mornunglake,Undirected,1.0,1.0
CelestialCometDoll,veinsouls,Undirected,1.0,1.0
CelestialCometDoll,No-Trick-7397,Undirected,1.0,1.0
CelestialCometDoll,dark00H,Undirected,1.0,1.0
CelestialCometDoll,DesignerSkyline01,Undirected,1.0,1.0
CelestialCometDoll,Accomplished_Cry6108,Undirected,1.0,1.0
CelestialCometDoll,SchemeBoth2169,Undirected,1.0,1.0
CelestialCometDoll,CraftyOpportunity646,Undirected,1.0,1.0
CelestialCometDoll,VolkswagenPanda,Undirected,1.0,1.0
CelestialCometDoll,amotivatedgal,Undirected,1.0,1.0
CelestialCometDoll,Pack_Em_Up,Undirected,1.0,1.0
CelestialCometDoll,Burning-Bush-613,Undirected,0.5,0.5
CelestialCometDoll,SnooOnions4663,Undirected,1.0,1.0
CelestialCometDoll,mar_de_mariposas,Undirected,1.0,1.0
CelestialCometDoll,endingcolonialism,Undirected,0.5,0.5
CelestialCometDoll,KnowTheTruthMatters,Undirected,0.25,0.25
CelestialCometDoll,barb_20,Undirected,1.0,1.0
CelestialCometDoll,Fhlurrhy108,Undirected,1.0,1.0
CelestialCometDoll,antifamarketer,Undirected,1.0,1.0
CelestialCometDoll,MoonGlissades,Undirected,1.0,1.0
CelestialCometDoll,MrJasonMason,Undirected,0.5,0.5
CelestialCometDoll,shane_4_us,Undirected,1.0,1.0
CelestialCometDoll,Comfortable_Spend436,Undirected,1.0,1.0
CelestialCometDoll,KingofTrilobites123,Undirected,0.3333333333333333,0.3333333333333333
CelestialCometDoll,ABCecy,Undirected,1.0,1.0
CelestialCometDoll,Apollo_Delphi,Undirected,0.5,0.5
CelestialCometDoll,Alternative-Dare-601,Undirected,1.0,1.0
CelestialCometDoll,Witty-Savings-2048,Undirected,1.0,1.0
CelestialCometDoll,SecretBiscotti8128,Undirected,0.5,0.5
CelestialCometDoll,adilbuilds,Undirected,0.25,0.25
CelestialCometDoll,Narrow_Guava_6239,Undirected,0.5,0.5
CelestialCometDoll,Particular_Log_3594,Undirected,0.25,0.25
CelestialCometDoll,Able_Ad_4891,Undirected,1.0,1.0
CelestialCometDoll,itsamefas,Undirected,1.0,1.0
CelestialCometDoll,CosmeticChemistPro,Undirected,1.0,1.0
CelestialCometDoll,Hamdan-mohamed,Undirected,1.0,1.0
CelestialCometDoll,SillyPassion7773,Undirected,1.0,1.0
CelestialCometDoll,That-Flamingo9866,Undirected,1.0,1.0
CelestialCometDoll,No_Newspaper_2914,Undirected,1.0,1.0
CelestialCometDoll,Sad_Recognition_6037,Undirected,1.0,1.0
CelestialCometDoll,DarkShadow13206,Undirected,1.0,1.0
CelestialCometDoll,introvertaltsakki,Undirected,1.0,1.0
CelestialCometDoll,Jealous-Ad-4838,Undirected,1.0,1.0
CelestialCometDoll,PandoraHadess,Undirected,1.0,1.0
CelestialCometDoll,Weird-Noise-180,Undirected,1.0,1.0
CelestialCometDoll,Financial_Smile4143,Undirected,0.25,0.25
CelestialCometDoll,ElkNational9973,Undirected,1.0,1.0
CelestialCometDoll,Colei_the_weird,Undirected,1.0,1.0
CelestialCometDoll,isaboobers,Undirected,1.0,1.0
CelestialCometDoll,Ok-Divide4719,Undirected,0.5,0.5
CelestialCometDoll,LofiOcean131,Undirected,1.0,1.0
CelestialCometDoll,Apprehensive-Cut9959,Undirected,1.0,1.0
CelestialCometDoll,Pinkblushdiva,Undirected,0.5,0.5
CelestialCometDoll,Ridussey,Undirected,1.0,1.0
CelestialCometDoll,Away-Lavishness-3805,Undirected,1.0,1.0
CelestialCometDoll,winter_in_eden,Undirected,1.0,1.0
CelestialCometDoll,Asinead666,Undirected,1.0,1.0
CelestialCometDoll,SnooOwls4954,Undirected,1.0,1.0
CelestialCometDoll,Margiethecat,Undirected,1.0,1.0
CelestialCometDoll,Able_Compote6571,Undirected,0.25,0.25
CelestialCometDoll,pickl3dguava,Undirected,1.0,1.0
CelestialCometDoll,CopiousCool,Undirected,0.3333333333333333,0.3333333333333333
CelestialCometDoll,butterflyfrenchfry,Undirected,1.0,1.0
CelestialCometDoll,Effective_Nothing519,Undirected,1.0,1.0
CelestialCometDoll,Kekeegan,Undirected,1.0,1.0
CelestialCometDoll,aym0_0n,Undirected,1.0,1.0
CelestialCometDoll,Beneficial-Network91,Undirected,0.5,0.5
CelestialCometDoll,tyuptyupolpolp,Undirected,0.5,0.5
CelestialCometDoll,Hopeful_Worth315,Undirected,1.0,1.0
CelestialCometDoll,palilibre,Undirected,0.5,0.5
CelestialCometDoll,VISlONSOFALIFE,Undirected,1.0,1.0
CelestialCometDoll,Sp1dderxyz,Undirected,1.0,1.0
CelestialCometDoll,cats_and_coffee15,Undirected,1.0,1.0
CelestialCometDoll,Ambitious-Narwhal158,Undirected,0.5,0.5
CelestialCometDoll,peachemistry,Undirected,1.0,1.0
CelestialCometDoll,thatsjustarandomname,Undirected,1.0,1.0
CelestialCometDoll,Akram-Brahimi,Undirected,0.5,0.5
CelestialCometDoll,Sea_Banana882,Undirected,0.5,0.5
CelestialCometDoll,m7mdhassballa,Undirected,1.0,1.0
CelestialCometDoll,Fantastic_Bag1560,Undirected,1.0,1.0
CelestialCometDoll,HuckleberryFuzzy918,Undirected,1.0,1.0
CelestialCometDoll,ResolutionDull5054,Undirected,1.0,1.0
CelestialCometDoll,VanillaAdventurous74,Undirected,1.0,1.0
CelestialCometDoll,TheAlphaKiller17,Undirected,1.0,1.0
CelestialCometDoll,doctormelody18,Undirected,1.0,1.0
ChargeResponsible112,Dingus-the-Mingus,Undirected,0.5,0.5
ChargeResponsible112,Fledgling_112896,Undirected,1.0,1.0
ChargeResponsible112,Imaginary-Hold5898,Undirected,1.0,1.0
ChargeResponsible112,endingcolonialism,Undirected,0.5,0.5
ChargeResponsible112,KnowTheTruthMatters,Undirected,0.25,0.25
ChargeResponsible112,Pepperina_G,Undirected,1.0,1.0
ChargeResponsible112,Dear-Boot4077,Undirected,1.0,1.0
ChargeResponsible112,KingofTrilobites123,Undirected,0.3333333333333333,0.3333333333333333
ChargeResponsible112,ReachZestyclose,Undirected,1.0,1.0
ChargeResponsible112,Ok-Following6886,Undirected,1.0,1.0
ChargeResponsible112,adilbuilds,Undirected,0.25,0.25
ChargeResponsible112,pumpkinzh,Undirected,0.25,0.25
ChargeResponsible112,Songmorning,Undirected,1.0,1.0
ChargeResponsible112,Plane-Imagination593,Undirected,1.0,1.0
ChargeResponsible112,safemath,Undirected,0.5,0.5
ChargeResponsible112,Particular_Log_3594,Undirected,0.25,0.25
ChargeResponsible112,chopstickemup,Undirected,1.0,1.0
ChargeResponsible112,carTot254,Undirected,1.0,1.0
ChargeResponsible112,natural_piano1836,Undirected,1.0,1.0
ChargeResponsible112,librePali,Undirected,1.0,1.0
ChargeResponsible112,ExtHD,Undirected,1.0,1.0
ChargeResponsible112,ibrahim_D12,Undirected,1.0,1.0
ChargeResponsible112,ConfidenceCareless71,Undirected,1.0,1.0
ChargeResponsible112,Enough_Credit_8199,Undirected,0.5,0.5
ChargeResponsible112,Miserable-Spinach867,Undirected,1.0,1.0
ChargeResponsible112,Big_Fennel2186,Undirected,1.0,1.0
ChargeResponsible112,Financial_Smile4143,Undirected,0.25,0.25
ChargeResponsible112,jodio_hoestar,Undirected,0.5,0.5
ChargeResponsible112,Pinkblushdiva,Undirected,0.5,0.5
ChargeResponsible112,Able_Compote6571,Undirected,0.25,0.25
ChargeResponsible112,CopiousCool,Undirected,0.3333333333333333,0.3333333333333333
ChargeResponsible112,Squidieyy,Undirected,1.0,1.0
ChargeResponsible112,palilibre,Undirected,0.5,0.5
ChargeResponsible112,Responsible-Term4482,Undirected,1.0,1.0
ChargeResponsible112,Unfair_Enthusiasm696,Undirected,1.0,1.0
ChargeResponsible112,Ok-Bicycle-12345,Undirected,1.0,1.0
ChargeResponsible112,ComfortableJello508,Undirected,1.0,1.0
ChargeResponsible112,FlabbyShabby,Undirected,1.0,1.0
ChargeResponsible112,Justarandomguy-fuck,Undirected,1.0,1.0
ChargeResponsible112,Late-Test2209,Undirected,1.0,1.0
ChargeResponsible112,ElectricalChance3664,Undirected,0.3333333333333333,0.3333333333333333
ChargeResponsible112,MrLabbrow,Undirected,1.0,1.0
ChargeResponsible112,Sea_Banana882,Undirected,0.5,0.5
ChargeResponsible112,CatacaX,Undirected,1.0,1.0
ChargeResponsible112,TonkaMaze,Undirected,1.0,1.0
ChargeResponsible112,J3ssM,Undirected,1.0,1.0
ChargeResponsible112,Early_Bad_,Undirected,1.0,1.0
ChargeResponsible112,abenites99,Undirected,1.0,1.0
ChargeResponsible112,Zealousideal-Item607,Undirected,0.5,0.5
ChargeResponsible112,NewPatron-St,Undirected,1.0,1.0
ChargeResponsible112,ChangePrestigious702,Undirected,1.0,1.0
ChargeResponsible112,Moth_Man_68,Undirected,1.0,1.0
ChargeResponsible112,No_Snow2245,Undirected,1.0,1.0
ChargeResponsible112,Perfect-Parking1536,Undirected,1.0,1.0
ChargeResponsible112,Ok_Somewhere9687,Undirected,1.0,1.0
ChargeResponsible112,CrossingVoid,Undirected,1.0,1.0
ChargeResponsible112,Icy_Giraffe3903,Undirected,1.0,1.0
ChargeResponsible112,No_Degree3814,Undirected,1.0,1.0
SnooTomatoes1513,barccy,Undirected,1.0,1.0
SnooTomatoes1513,Unlikely-Sky6932,Undirected,1.0,1.0
SnooTomatoes1513,hmountain,Undirected,1.0,1.0
SnooTomatoes1513,Nomogg,Undirected,0.25,0.25
SnooTomatoes1513,Virtual-Tale7778,Undirected,1.0,1.0
SnooTomatoes1513,pinklewickers,Undirected,1.0,1.0
SnooTomatoes1513,Chobikil,Undirected,1.0,1.0
SnooTomatoes1513,damon121231,Undirected,1.0,1.0
SnooTomatoes1513,Financial_Smile4143,Undirected,0.25,0.25
SnooTomatoes1513,-SimpleRicks-,Undirected,1.0,1.0
SnooTomatoes1513,Ok-Divide4719,Undirected,0.5,0.5
SnooTomatoes1513,calombia,Undirected,1.0,1.0
SnooTomatoes1513,Able_Compote6571,Undirected,0.25,0.25
SnooTomatoes1513,Psychological-Gear78,Undirected,1.0,1.0
SnooTomatoes1513,Amoonthedollygirl,Undirected,1.0,1.0
SnooTomatoes1513,SamZ025,Undirected,1.0,1.0
SnooTomatoes1513,ResearchWorking3402,Undirected,1.0,1.0
SnooTomatoes1513,Zealousideal-Item607,Undirected,0.5,0.5
SnooTomatoes1513,guibidesc,Undirected,1.0,1.0
tortilla_avalanche,Relative-Narwhal-504,Undirected,0.5,0.5
tortilla_avalanche,Brutally_Honest_Swan,Undirected,0.5,0.5
tortilla_avalanche,OmegaDGalaxyGoji777,Undirected,0.5,0.5
tortilla_avalanche,Life-Focus-3105,Undirected,0.5,0.5
tortilla_avalanche,Dingus-the-Mingus,Undirected,0.3333333333333333,0.3333333333333333
tortilla_avalanche,Virtual_Ad_4734,Undirected,0.5,0.5
tortilla_avalanche,SuccessfulOwl9919,Undirected,0.5,0.5
tortilla_avalanche,mornunglake,Undirected,0.5,0.5
tortilla_avalanche,veinsouls,Undirected,0.5,0.5
tortilla_avalanche,No-Trick-7397,Undirected,0.5,0.5
tortilla_avalanche,dark00H,Undirected,0.5,0.5
tortilla_avalanche,DesignerSkyline01,Undirected,0.5,0.5
tortilla_avalanche,Accomplished_Cry6108,Undirected,0.5,0.5
tortilla_avalanche,SchemeBoth2169,Undirected,0.5,0.5
tortilla_avalanche,CraftyOpportunity646,Undirected,0.5,0.5
tortilla_avalanche,VolkswagenPanda,Undirected,0.5,0.5
tortilla_avalanche,amotivatedgal,Undirected,0.5,0.5
tortilla_avalanche,Pack_Em_Up,Undirected,0.5,0.5
tortilla_avalanche,Burning-Bush-613,Undirected,0.3333333333333333,0.3333333333333333
tortilla_avalanche,SnooOnions4663,Undirected,0.5,0.5
tortilla_avalanche,mar_de_mariposas,Undirected,0.5,0.5
tortilla_avalanche,endingcolonialism,Undirected,0.3333333333333333,0.3333333333333333
tortilla_avalanche,barb_20,Undirected,0.5,0.5
tortilla_avalanche,Fhlurrhy108,Undirected,0.5,0.5
tortilla_avalanche,antifamarketer,Undirected,0.5,0.5
tortilla_avalanche,MoonGlissades,Undirected,0.5,0.5
tortilla_avalanche,MrJasonMason,Undirected,0.3333333333333333,0.3333333333333333
tortilla_avalanche,shane_4_us,Undirected,0.5,0.5
tortilla_avalanche,Comfortable_Spend436,Undirected,0.5,0.5
tortilla_avalanche,KingofTrilobites123,Undirected,0.25,0.25
tortilla_avalanche,ABCecy,Undirected,0.5,0.5
tortilla_avalanche,Apollo_Delphi,Undirected,0.3333333333333333,0.3333333333333333
tortilla_avalanche,Alternative-Dare-601,Undirected,0.5,0.5
tortilla_avalanche,Witty-Savings-2048,Undirected,0.5,0.5
tortilla_avalanche,SecretBiscotti8128,Undirected,0.3333333333333333,0.3333333333333333
tortilla_avalanche,adilbuilds,Undirected,0.5,0.5
tortilla_avalanche,whater39,Undirected,0.5,0.5
tortilla_avalanche,Narrow_Guava_6239,Undirected,0.3333333333333333,0.3333333333333333
tortilla_avalanche,Able_Ad_4891,Undirected,0.5,0.5
tortilla_avalanche,itsamefas,Undirected,0.5,0.5
tortilla_avalanche,CosmeticChemistPro,Undirected,0.5,0.5
tortilla_avalanche,Hamdan-mohamed,Undirected,0.5,0.5
tortilla_avalanche,CNCMachina,Undirected,0.5,0.5
tortilla_avalanche,SillyPassion7773,Undirected,0.5,0.5
tortilla_avalanche,That-Flamingo9866,Undirected,0.5,0.5
tortilla_avalanche,No_Newspaper_2914,Undirected,0.5,0.5
tortilla_avalanche,Sad_Recognition_6037,Undirected,0.5,0.5
tortilla_avalanche,DarkShadow13206,Undirected,0.5,0.5
tortilla_avalanche,introvertaltsakki,Undirected,0.5,0.5
tortilla_avalanche,Jealous-Ad-4838,Undirected,0.5,0.5
tortilla_avalanche,PandoraHadess,Undirected,0.5,0.5
tortilla_avalanche,Weird-Noise-180,Undirected,0.5,0.5
tortilla_avalanche,ElkNational9973,Undirected,0.5,0.5
tortilla_avalanche,jodio_hoestar,Undirected,0.3333333333333333,0.3333333333333333
tortilla_avalanche,Colei_the_weird,Undirected,0.5,0.5
tortilla_avalanche,isaboobers,Undirected,0.5,0.5
tortilla_avalanche,Ok-Divide4719,Undirected,0.3333333333333333,0.3333333333333333
tortilla_avalanche,LofiOcean131,Undirected,0.5,0.5
tortilla_avalanche,Apprehensive-Cut9959,Undirected,0.5,0.5
tortilla_avalanche,Pinkblushdiva,Undirected,0.3333333333333333,0.3333333333333333
tortilla_avalanche,Ridussey,Undirected,0.5,0.5
tortilla_avalanche,Away-Lavishness-3805,Undirected,0.5,0.5
tortilla_avalanche,winter_in_eden,Undirected,0.5,0.5
tortilla_avalanche,Asinead666,Undirected,0.5,0.5
tortilla_avalanche,SnooOwls4954,Undirected,0.5,0.5
tortilla_avalanche,Margiethecat,Undirected,0.5,0.5
tortilla_avalanche,pickl3dguava,Undirected,0.5,0.5
tortilla_avalanche,CopiousCool,Undirected,0.25,0.25
tortilla_avalanche,butterflyfrenchfry,Undirected,0.5,0.5
tortilla_avalanche,Effective_Nothing519,Undirected,0.5,0.5
tortilla_avalanche,Kekeegan,Undirected,0.5,0.5
tortilla_avalanche,Rich_Ask3503,Undirected,0.5,0.5
tortilla_avalanche,aym0_0n,Undirected,0.5,0.5
tortilla_avalanche,Beneficial-Network91,Undirected,0.3333333333333333,0.3333333333333333
tortilla_avalanche,tyuptyupolpolp,Undirected,0.3333333333333333,0.3333333333333333
tortilla_avalanche,Hopeful_Worth315,Undirected,0.5,0.5
tortilla_avalanche,palilibre,Undirected,0.3333333333333333,0.3333333333333333
tortilla_avalanche,VISlONSOFALIFE,Undirected,0.5,0.5
tortilla_avalanche,Sp1dderxyz,Undirected,0.5,0.5
tortilla_avalanche,cats_and_coffee15,Undirected,0.5,0.5
tortilla_avalanche,Ambitious-Narwhal158,Undirected,0.3333333333333333,0.3333333333333333
tortilla_avalanche,peachemistry,Undirected,0.5,0.5
tortilla_avalanche,thatsjustarandomname,Undirected,0.5,0.5
tortilla_avalanche,Akram-Brahimi,Undirected,1.0,1.0
tortilla_avalanche,Sea_Banana882,Undirected,0.3333333333333333,0.3333333333333333
tortilla_avalanche,m7mdhassballa,Undirected,0.5,0.5
tortilla_avalanche,Fantastic_Bag1560,Undirected,0.5,0.5
tortilla_avalanche,HuckleberryFuzzy918,Undirected,0.5,0.5
tortilla_avalanche,ResolutionDull5054,Undirected,0.5,0.5
tortilla_avalanche,secret-agent-zero,Undirected,0.5,0.5
tortilla_avalanche,VanillaAdventurous74,Undirected,0.5,0.5
tortilla_avalanche,TheAlphaKiller17,Undirected,0.5,0.5
tortilla_avalanche,doctormelody18,Undirected,0.5,0.5
Kernowite,Die_Hard_new3492,Undirected,0.5,0.5
Kernowite,pimpin_n_stuff,Undirected,1.0,1.0
Kernowite,Altruistic_You9489,Undirected,1.0,1.0
Kernowite,Nervous-Savings2251,Undirected,1.0,1.0
Kernowite,KnowTheTruthMatters,Undirected,0.25,0.25
Kernowite,roxi3smiles,Undirected,1.0,1.0
Kernowite,KingofTrilobites123,Undirected,0.3333333333333333,0.3333333333333333
Kernowite,ThrovvQuestionsAway,Undirected,1.0,1.0
Kernowite,safemath,Undirected,0.5,0.5
Kernowite,CosmiicBrowni,Undirected,1.0,1.0
Kernowite,ShedSoManyTears4Gaza,Undirected,1.0,1.0
Kernowite,Enough_Credit_8199,Undirected,0.5,0.5
Kernowite,urek__mazino_4444,Undirected,1.0,1.0
Kernowite,shladvic,Undirected,1.0,1.0
Kernowite,littleeeloveee,Undirected,1.0,1.0
Kernowite,CryingInTheGrass,Undirected,1.0,1.0
Kernowite,tyuptyupolpolp,Undirected,0.5,0.5
Kernowite,walkyslaysh,Undirected,1.0,1.0
Kernowite,hanandmeow,Undirected,1.0,1.0
Kernowite,KrackalackinKraken,Undirected,1.0,1.0
Kernowite,SystemNo524,Undirected,1.0,1.0
Kernowite,Altruistic-Look6136,Undirected,1.0,1.0
Kernowite,Accomplished-Low9635,Undirected,1.0,1.0
Kernowite,Forward-Molasses4404,Undirected,1.0,1.0
Kernowite,Ok_Strawberry_2143,Undirected,0.5,0.5
Kernowite,Ur_Shado,Undirected,1.0,1.0
Relative-Narwhal-504,Brutally_Honest_Swan,Undirected,1.0,1.0
Relative-Narwhal-504,OmegaDGalaxyGoji777,Undirected,1.0,1.0
Relative-Narwhal-504,Life-Focus-3105,Undirected,1.0,1.0
Relative-Narwhal-504,Dingus-the-Mingus,Undirected,0.5,0.5
Relative-Narwhal-504,Virtual_Ad_4734,Undirected,1.0,1.0
Relative-Narwhal-504,SuccessfulOwl9919,Undirected,1.0,1.0
Relative-Narwhal-504,mornunglake,Undirected,1.0,1.0
Relative-Narwhal-504,veinsouls,Undirected,1.0,1.0
Relative-Narwhal-504,No-Trick-7397,Undirected,1.0,1.0
Relative-Narwhal-504,dark00H,Undirected,1.0,1.0
Relative-Narwhal-504,DesignerSkyline01,Undirected,1.0,1.0
Relative-Narwhal-504,Accomplished_Cry6108,Undirected,1.0,1.0
Relative-Narwhal-504,SchemeBoth2169,Undirected,1.0,1.0
Relative-Narwhal-504,CraftyOpportunity646,Undirected,1.0,1.0
Relative-Narwhal-504,VolkswagenPanda,Undirected,1.0,1.0
Relative-Narwhal-504,amotivatedgal,Undirected,1.0,1.0
Relative-Narwhal-504,Pack_Em_Up,Undirected,1.0,1.0
Relative-Narwhal-504,Burning-Bush-613,Undirected,0.5,0.5
Relative-Narwhal-504,SnooOnions4663,Undirected,1.0,1.0
Relative-Narwhal-504,mar_de_mariposas,Undirected,1.0,1.0
Relative-Narwhal-504,endingcolonialism,Undirected,0.5,0.5
Relative-Narwhal-504,KnowTheTruthMatters,Undirected,0.25,0.25
Relative-Narwhal-504,barb_20,Undirected,1.0,1.0
Relative-Narwhal-504,Fhlurrhy108,Undirected,1.0,1.0
Relative-Narwhal-504,antifamarketer,Undirected,1.0,1.0
Relative-Narwhal-504,MoonGlissades,Undirected,1.0,1.0
Relative-Narwhal-504,MrJasonMason,Undirected,0.5,0.5
Relative-Narwhal-504,shane_4_us,Undirected,1.0,1.0
Relative-Narwhal-504,Comfortable_Spend436,Undirected,1.0,1.0
Relative-Narwhal-504,KingofTrilobites123,Undirected,0.3333333333333333,0.3333333333333333
Relative-Narwhal-504,ABCecy,Undirected,1.0,1.0
Relative-Narwhal-504,Apollo_Delphi,Undirected,0.5,0.5
Relative-Narwhal-504,Alternative-Dare-601,Undirected,1.0,1.0
Relative-Narwhal-504,Witty-Savings-2048,Undirected,1.0,1.0
Relative-Narwhal-504,SecretBiscotti8128,Undirected,0.5,0.5
Relative-Narwhal-504,adilbuilds,Undirected,0.25,0.25
Relative-Narwhal-504,Narrow_Guava_6239,Undirected,0.5,0.5
Relative-Narwhal-504,Particular_Log_3594,Undirected,0.25,0.25
Relative-Narwhal-504,Able_Ad_4891,Undirected,1.0,1.0
Relative-Narwhal-504,itsamefas,Undirected,1.0,1.0
Relative-Narwhal-504,CosmeticChemistPro,Undirected,1.0,1.0
Relative-Narwhal-504,Hamdan-mohamed,Undirected,1.0,1.0
Relative-Narwhal-504,SillyPassion7773,Undirected,1.0,1.0
Relative-Narwhal-504,That-Flamingo9866,Undirected,1.0,1.0
Relative-Narwhal-504,No_Newspaper_2914,Undirected,1.0,1.0
Relative-Narwhal-504,Sad_Recognition_6037,Undirected,1.0,1.0
Relative-Narwhal-504,DarkShadow13206,Undirected,1.0,1.0
Relative-Narwhal-504,introvertaltsakki,Undirected,1.0,1.0
Relative-Narwhal-504,Jealous-Ad-4838,Undirected,1.0,1.0
Relative-Narwhal-504,PandoraHadess,Undirected,1.0,1.0
Relative-Narwhal-504,Weird-Noise-180,Undirected,1.0,1.0
Relative-Narwhal-504,Financial_Smile4143,Undirected,0.25,0.25
Relative-Narwhal-504,ElkNational9973,Undirected,1.0,1.0
Relative-Narwhal-504,Colei_the_weird,Undirected,1.0,1.0
Relative-Narwhal-504,isaboobers,Undirected,1.0,1.0
Relative-Narwhal-504,Ok-Divide4719,Undirected,0.5,0.5
Relative-Narwhal-504,LofiOcean131,Undirected,1.0,1.0
Relative-Narwhal-504,Apprehensive-Cut9959,Undirected,1.0,1.0
Relative-Narwhal-504,Pinkblushdiva,Undirected,0.5,0.5
Relative-Narwhal-504,Ridussey,Undirected,1.0,1.0
Relative-Narwhal-504,Away-Lavishness-3805,Undirected,1.0,1.0
Relative-Narwhal-504,winter_in_eden,Undirected,1.0,1.0
Relative-Narwhal-504,Asinead666,Undirected,1.0,1.0
Relative-Narwhal-504,SnooOwls4954,Undirected,1.0,1.0
Relative-Narwhal-504,Margiethecat,Undirected,1.0,1.0
Relative-Narwhal-504,Able_Compote6571,Undirected,0.25,0.25
Relative-Narwhal-504,pickl3dguava,Undirected,1.0,1.0
Relative-Narwhal-504,CopiousCool,Undirected,0.3333333333333333,0.3333333333333333
Relative-Narwhal-504,butterflyfrenchfry,Undirected,1.0,1.0
Relative-Narwhal-504,Effective_Nothing519,Undirected,1.0,1.0
Relative-Narwhal-504,Kekeegan,Undirected,1.0,1.0
Relative-Narwhal-504,aym0_0n,Undirected,1.0,1.0
Relative-Narwhal-504,Beneficial-Network91,Undirected,0.5,0.5
Relative-Narwhal-504,tyuptyupolpolp,Undirected,0.5,0.5
Relative-Narwhal-504,Hopeful_Worth315,Undirected,1.0,1.0
Relative-Narwhal-504,palilibre,Undirected,0.5,0.5
Relative-Narwhal-504,VISlONSOFALIFE,Undirected,1.0,1.0
Relative-Narwhal-504,Sp1dderxyz,Undirected,1.0,1.0
Relative-Narwhal-504,cats_and_coffee15,Undirected,1.0,1.0
Relative-Narwhal-504,Ambitious-Narwhal158,Undirected,0.5,0.5
Relative-Narwhal-504,peachemistry,Undirected,1.0,1.0
Relative-Narwhal-504,thatsjustarandomname,Undirected,1.0,1.0
Relative-Narwhal-504,Akram-Brahimi,Undirected,0.5,0.5
Relative-Narwhal-504,Sea_Banana882,Undirected,0.5,0.5
Relative-Narwhal-504,m7mdhassballa,Undirected,1.0,1.0
Relative-Narwhal-504,Fantastic_Bag1560,Undirected,1.0,1.0
Relative-Narwhal-504,HuckleberryFuzzy918,Undirected,1.0,1.0
Relative-Narwhal-504,ResolutionDull5054,Undirected,1.0,1.0
Relative-Narwhal-504,VanillaAdventurous74,Undirected,1.0,1.0
Relative-Narwhal-504,TheAlphaKiller17,Undirected,1.0,1.0
Relative-Narwhal-504,doctormelody18,Undirected,1.0,1.0
Brutally_Honest_Swan,OmegaDGalaxyGoji777,Undirected,1.0,1.0
Brutally_Honest_Swan,Life-Focus-3105,Undirected,1.0,1.0
Brutally_Honest_Swan,Dingus-the-Mingus,Undirected,0.5,0.5
Brutally_Honest_Swan,Virtual_Ad_4734,Undirected,1.0,1.0
Brutally_Honest_Swan,SuccessfulOwl9919,Undirected,1.0,1.0
Brutally_Honest_Swan,mornunglake,Undirected,1.0,1.0
Brutally_Honest_Swan,veinsouls,Undirected,1.0,1.0
Brutally_Honest_Swan,No-Trick-7397,Undirected,1.0,1.0
Brutally_Honest_Swan,dark00H,Undirected,1.0,1.0
Brutally_Honest_Swan,DesignerSkyline01,Undirected,1.0,1.0
Brutally_Honest_Swan,Accomplished_Cry6108,Undirected,1.0,1.0
Brutally_Honest_Swan,SchemeBoth2169,Undirected,1.0,1.0
Brutally_Honest_Swan,CraftyOpportunity646,Undirected,1.0,1.0
Brutally_Honest_Swan,VolkswagenPanda,Undirected,1.0,1.0
Brutally_Honest_Swan,amotivatedgal,Undirected,1.0,1.0
Brutally_Honest_Swan,Pack_Em_Up,Undirected,1.0,1.0
Brutally_Honest_Swan,Burning-Bush-613,Undirected,0.5,0.5
Brutally_Honest_Swan,SnooOnions4663,Undirected,1.0,1.0
Brutally_Honest_Swan,mar_de_mariposas,Undirected,1.0,1.0
Brutally_Honest_Swan,endingcolonialism,Undirected,0.5,0.5
Brutally_Honest_Swan,KnowTheTruthMatters,Undirected,0.25,0.25
Brutally_Honest_Swan,barb_20,Undirected,1.0,1.0
Brutally_Honest_Swan,Fhlurrhy108,Undirected,1.0,1.0
Brutally_Honest_Swan,antifamarketer,Undirected,1.0,1.0
Brutally_Honest_Swan,MoonGlissades,Undirected,1.0,1.0
Brutally_Honest_Swan,MrJasonMason,Undirected,0.5,0.5
Brutally_Honest_Swan,shane_4_us,Undirected,1.0,1.0
Brutally_Honest_Swan,Comfortable_Spend436,Undirected,1.0,1.0
Brutally_Honest_Swan,KingofTrilobites123,Undirected,0.3333333333333333,0.3333333333333333
Brutally_Honest_Swan,ABCecy,Undirected,1.0,1.0
Brutally_Honest_Swan,Apollo_Delphi,Undirected,0.5,0.5
Brutally_Honest_Swan,Alternative-Dare-601,Undirected,1.0,1.0
Brutally_Honest_Swan,Witty-Savings-2048,Undirected,1.0,1.0
Brutally_Honest_Swan,SecretBiscotti8128,Undirected,0.5,0.5
Brutally_Honest_Swan,adilbuilds,Undirected,0.25,0.25
Brutally_Honest_Swan,Narrow_Guava_6239,Undirected,0.5,0.5
Brutally_Honest_Swan,Particular_Log_3594,Undirected,0.25,0.25
Brutally_Honest_Swan,Able_Ad_4891,Undirected,1.0,1.0
Brutally_Honest_Swan,itsamefas,Undirected,1.0,1.0
Brutally_Honest_Swan,CosmeticChemistPro,Undirected,1.0,1.0
Brutally_Honest_Swan,Hamdan-mohamed,Undirected,1.0,1.0
Brutally_Honest_Swan,SillyPassion7773,Undirected,1.0,1.0
Brutally_Honest_Swan,That-Flamingo9866,Undirected,1.0,1.0
Brutally_Honest_Swan,No_Newspaper_2914,Undirected,1.0,1.0
Brutally_Honest_Swan,Sad_Recognition_6037,Undirected,1.0,1.0
Brutally_Honest_Swan,DarkShadow13206,Undirected,1.0,1.0
Brutally_Honest_Swan,introvertaltsakki,Undirected,1.0,1.0
Brutally_Honest_Swan,Jealous-Ad-4838,Undirected,1.0,1.0
Brutally_Honest_Swan,PandoraHadess,Undirected,1.0,1.0
Brutally_Honest_Swan,Weird-Noise-180,Undirected,1.0,1.0
Brutally_Honest_Swan,Financial_Smile4143,Undirected,0.25,0.25
Brutally_Honest_Swan,ElkNational9973,Undirected,1.0,1.0
Brutally_Honest_Swan,Colei_the_weird,Undirected,1.0,1.0
Brutally_Honest_Swan,isaboobers,Undirected,1.0,1.0
Brutally_Honest_Swan,Ok-Divide4719,Undirected,0.5,0.5
Brutally_Honest_Swan,LofiOcean131,Undirected,1.0,1.0
Brutally_Honest_Swan,Apprehensive-Cut9959,Undirected,1.0,1.0
Brutally_Honest_Swan,Pinkblushdiva,Undirected,0.5,0.5
Brutally_Honest_Swan,Ridussey,Undirected,1.0,1.0
Brutally_Honest_Swan,Away-Lavishness-3805,Undirected,1.0,1.0
Brutally_Honest_Swan,winter_in_eden,Undirected,1.0,1.0
Brutally_Honest_Swan,Asinead666,Undirected,1.0,1.0
Brutally_Honest_Swan,SnooOwls4954,Undirected,1.0,1.0
Brutally_Honest_Swan,Margiethecat,Undirected,1.0,1.0
Brutally_Honest_Swan,Able_Compote6571,Undirected,0.25,0.25
Brutally_Honest_Swan,pickl3dguava,Undirected,1.0,1.0
Brutally_Honest_Swan,CopiousCool,Undirected,0.3333333333333333,0.3333333333333333
Brutally_Honest_Swan,butterflyfrenchfry,Undirected,1.0,1.0
Brutally_Honest_Swan,Effective_Nothing519,Undirected,1.0,1.0
Brutally_Honest_Swan,Kekeegan,Undirected,1.0,1.0
Brutally_Honest_Swan,aym0_0n,Undirected,1.0,1.0
Brutally_Honest_Swan,Beneficial-Network91,Undirected,0.5,0.5
Brutally_Honest_Swan,tyuptyupolpolp,Undirected,0.5,0.5
Brutally_Honest_Swan,Hopeful_Worth315,Undirected,1.0,1.0
Brutally_Honest_Swan,palilibre,Undirected,0.5,0.5
Brutally_Honest_Swan,VISlONSOFALIFE,Undirected,1.0,1.0
Brutally_Honest_Swan,Sp1dderxyz,Undirected,1.0,1.0
Brutally_Honest_Swan,cats_and_coffee15,Undirected,1.0,1.0
Brutally_Honest_Swan,Ambitious-Narwhal158,Undirected,0.5,0.5
Brutally_Honest_Swan,peachemistry,Undirected,1.0,1.0
Brutally_Honest_Swan,thatsjustarandomname,Undirected,1.0,1.0
Brutally_Honest_Swan,Akram-Brahimi,Undirected,0.5,0.5
Brutally_Honest_Swan,Sea_Banana882,Undirected,0.5,0.5
Brutally_Honest_Swan,m7mdhassballa,Undirected,1.0,1.0
Brutally_Honest_Swan,Fantastic_Bag1560,Undirected,1.0,1.0
Brutally_Honest_Swan,HuckleberryFuzzy918,Undirected,1.0,1.0
Brutally_Honest_Swan,ResolutionDull5054,Undirected,1.0,1.0
Brutally_Honest_Swan,VanillaAdventurous74,Undirected,1.0,1.0
Brutally_Honest_Swan,TheAlphaKiller17,Undirected,1.0,1.0
Brutally_Honest_Swan,doctormelody18,Undirected,1.0,1.0
melow_shri,adilbuilds,Undirected,0.25,0.25
melow_shri,pumpkinzh,Undirected,0.25,0.25
melow_shri,Aqn95,Undirected,1.0,1.0
melow_shri,Narrow_Guava_6239,Undirected,0.5,0.5
melow_shri,Particular_Log_3594,Undirected,0.25,0.25
melow_shri,mania_d,Undirected,1.0,1.0
melow_shri,willflameboy,Undirected,1.0,1.0
melow_shri,Beneficial-Network91,Undirected,0.5,0.5
melow_shri,Wolf4612,Undirected,0.5,0.5
melow_shri,Fit_Fisherman_3317,Undirected,1.0,1.0
melow_shri,OkShelter6459,Undirected,1.0,1.0
Just_Treacle_611,Die_Hard_new3492,Undirected,0.5,0.5
Just_Treacle_611,pixelatedprophecies,Undirected,1.0,1.0
Just_Treacle_611,Conscious-Rich3823,Undirected,1.0,1.0
Just_Treacle_611,Nomogg,Undirected,0.25,0.25
Just_Treacle_611,cindyloowhovian,Undirected,1.0,1.0
Just_Treacle_611,Ok_Consequence_5756,Undirected,1.0,1.0
Just_Treacle_611,johnsmithoncemore,Undirected,0.5,0.5
Just_Treacle_611,BlackberryIcy2214,Undirected,1.0,1.0
Just_Treacle_611,SylviaPlathsDaughter,Undirected,1.0,1.0
Just_Treacle_611,_maeverie,Undirected,1.0,1.0
Just_Treacle_611,ElectricalChance3664,Undirected,0.3333333333333333,0.3333333333333333
Just_Treacle_611,nesmacon,Undirected,1.0,1.0
Just_Treacle_611,Farley_B,Undirected,1.0,1.0
Just_Treacle_611,DragonflyNo19,Undirected,1.0,1.0
[deleted],Dingus-the-Mingus,Undirected,0.2857142857142857,0.2857142857142857
[deleted],Die_Hard_new3492,Undirected,0.2857142857142857,0.2857142857142857
[deleted],Practical_Chef_7897,Undirected,0.5,0.5
[deleted],Burning-Bush-613,Undirected,0.2857142857142857,0.2857142857142857
[deleted],endingcolonialism,Undirected,0.2857142857142857,0.2857142857142857
[deleted],KnowTheTruthMatters,Undirected,0.5714285714285714,0.5714285714285714
[deleted],Nomogg,Undirected,0.375,0.375
[deleted],MrJasonMason,Undirected,0.2857142857142857,0.2857142857142857
[deleted],KingofTrilobites123,Undirected,0.42857142857142855,0.42857142857142855
[deleted],Apollo_Delphi,Undirected,0.2857142857142857,0.2857142857142857
[deleted],SecretBiscotti8128,Undirected,0.2857142857142857,0.2857142857142857
[deleted],adilbuilds,Undirected,0.375,0.375
[deleted],pumpkinzh,Undirected,0.375,0.375
[deleted],librephili,Undirected,0.5555555555555556,0.5555555555555556
[deleted],Narrow_Guava_6239,Undirected,0.2857142857142857,0.2857142857142857
[deleted],safemath,Undirected,0.2857142857142857,0.2857142857142857
[deleted],Particular_Log_3594,Undirected,0.5714285714285714,0.5714285714285714
[deleted],Enough_Credit_8199,Undirected,0.2857142857142857,0.2857142857142857
[deleted],Financial_Smile4143,Undirected,0.2222222222222222,0.2222222222222222
[deleted],Pinkblushdiva,Undirected,0.2857142857142857,0.2857142857142857
[deleted],johnsmithoncemore,Undirected,0.2857142857142857,0.2857142857142857
[deleted],Able_Compote6571,Undirected,0.375,0.375
[deleted],CopiousCool,Undirected,0.42857142857142855,0.42857142857142855
[deleted],Beneficial-Network91,Undirected,0.2857142857142857,0.2857142857142857
[deleted],tyuptyupolpolp,Undirected,0.2857142857142857,0.2857142857142857
[deleted],palilibre,Undirected,0.2857142857142857,0.2857142857142857
[deleted],Wolf4612,Undirected,0.2857142857142857,0.2857142857142857
[deleted],Ambitious-Narwhal158,Undirected,0.2857142857142857,0.2857142857142857
[deleted],ElectricalChance3664,Undirected,0.42857142857142855,0.42857142857142855
[deleted],Sea_Banana882,Undirected,0.2857142857142857,0.2857142857142857
[deleted],Ok_Strawberry_2143,Undirected,0.2857142857142857,0.2857142857142857
OmegaDGalaxyGoji777,Life-Focus-3105,Undirected,1.0,1.0
OmegaDGalaxyGoji777,Dingus-the-Mingus,Undirected,0.5,0.5
OmegaDGalaxyGoji777,Virtual_Ad_4734,Undirected,1.0,1.0
OmegaDGalaxyGoji777,SuccessfulOwl9919,Undirected,1.0,1.0
OmegaDGalaxyGoji777,mornunglake,Undirected,1.0,1.0
OmegaDGalaxyGoji777,veinsouls,Undirected,1.0,1.0
OmegaDGalaxyGoji777,No-Trick-7397,Undirected,1.0,1.0
OmegaDGalaxyGoji777,dark00H,Undirected,1.0,1.0
OmegaDGalaxyGoji777,DesignerSkyline01,Undirected,1.0,1.0
OmegaDGalaxyGoji777,Accomplished_Cry6108,Undirected,1.0,1.0
OmegaDGalaxyGoji777,SchemeBoth2169,Undirected,1.0,1.0
OmegaDGalaxyGoji777,CraftyOpportunity646,Undirected,1.0,1.0
OmegaDGalaxyGoji777,VolkswagenPanda,Undirected,1.0,1.0
OmegaDGalaxyGoji777,amotivatedgal,Undirected,1.0,1.0
OmegaDGalaxyGoji777,Pack_Em_Up,Undirected,1.0,1.0
OmegaDGalaxyGoji777,Burning-Bush-613,Undirected,0.5,0.5
OmegaDGalaxyGoji777,SnooOnions4663,Undirected,1.0,1.0
OmegaDGalaxyGoji777,mar_de_mariposas,Undirected,1.0,1.0
OmegaDGalaxyGoji777,endingcolonialism,Undirected,0.5,0.5
OmegaDGalaxyGoji777,KnowTheTruthMatters,Undirected,0.25,0.25
OmegaDGalaxyGoji777,barb_20,Undirected,1.0,1.0
OmegaDGalaxyGoji777,Fhlurrhy108,Undirected,1.0,1.0
OmegaDGalaxyGoji777,antifamarketer,Undirected,1.0,1.0
OmegaDGalaxyGoji777,MoonGlissades,Undirected,1.0,1.0
OmegaDGalaxyGoji777,MrJasonMason,Undirected,0.5,0.5
OmegaDGalaxyGoji777,shane_4_us,Undirected,1.0,1.0
OmegaDGalaxyGoji777,Comfortable_Spend436,Undirected,1.0,1.0
OmegaDGalaxyGoji777,KingofTrilobites123,Undirected,0.3333333333333333,0.3333333333333333
OmegaDGalaxyGoji777,ABCecy,Undirected,1.0,1.0
OmegaDGalaxyGoji777,Apollo_Delphi,Undirected,0.5,0.5
OmegaDGalaxyGoji777,Alternative-Dare-601,Undirected,1.0,1.0
OmegaDGalaxyGoji777,Witty-Savings-2048,Undirected,1.0,1.0
OmegaDGalaxyGoji777,SecretBiscotti8128,Undirected,0.5,0.5
OmegaDGalaxyGoji777,adilbuilds,Undirected,0.25,0.25
OmegaDGalaxyGoji777,Narrow_Guava_6239,Undirected,0.5,0.5
OmegaDGalaxyGoji777,Particular_Log_3594,Undirected,0.25,0.25
OmegaDGalaxyGoji777,Able_Ad_4891,Undirected,1.0,1.0
OmegaDGalaxyGoji777,itsamefas,Undirected,1.0,1.0
OmegaDGalaxyGoji777,CosmeticChemistPro,Undirected,1.0,1.0
OmegaDGalaxyGoji777,Hamdan-mohamed,Undirected,1.0,1.0
OmegaDGalaxyGoji777,SillyPassion7773,Undirected,1.0,1.0
OmegaDGalaxyGoji777,That-Flamingo9866,Undirected,1.0,1.0
OmegaDGalaxyGoji777,No_Newspaper_2914,Undirected,1.0,1.0
OmegaDGalaxyGoji777,Sad_Recognition_6037,Undirected,1.0,1.0
OmegaDGalaxyGoji777,DarkShadow13206,Undirected,1.0,1.0
OmegaDGalaxyGoji777,introvertaltsakki,Undirected,1.0,1.0
OmegaDGalaxyGoji777,Jealous-Ad-4838,Undirected,1.0,1.0
OmegaDGalaxyGoji777,PandoraHadess,Undirected,1.0,1.0
OmegaDGalaxyGoji777,Weird-Noise-180,Undirected,1.0,1.0
OmegaDGalaxyGoji777,Financial_Smile4143,Undirected,0.25,0.25
OmegaDGalaxyGoji777,ElkNational9973,Undirected,1.0,1.0
OmegaDGalaxyGoji777,Colei_the_weird,Undirected,1.0,1.0
OmegaDGalaxyGoji777,isaboobers,Undirected,1.0,1.0
OmegaDGalaxyGoji777,Ok-Divide4719,Undirected,0.5,0.5
OmegaDGalaxyGoji777,LofiOcean131,Undirected,1.0,1.0
OmegaDGalaxyGoji777,Apprehensive-Cut9959,Undirected,1.0,1.0
OmegaDGalaxyGoji777,Pinkblushdiva,Undirected,0.5,0.5
OmegaDGalaxyGoji777,Ridussey,Undirected,1.0,1.0
OmegaDGalaxyGoji777,Away-Lavishness-3805,Undirected,1.0,1.0
OmegaDGalaxyGoji777,winter_in_eden,Undirected,1.0,1.0
OmegaDGalaxyGoji777,Asinead666,Undirected,1.0,1.0
OmegaDGalaxyGoji777,SnooOwls4954,Undirected,1.0,1.0
OmegaDGalaxyGoji777,Margiethecat,Undirected,1.0,1.0
OmegaDGalaxyGoji777,Able_Compote6571,Undirected,0.25,0.25
OmegaDGalaxyGoji777,pickl3dguava,Undirected,1.0,1.0
OmegaDGalaxyGoji777,CopiousCool,Undirected,0.3333333333333333,0.3333333333333333
OmegaDGalaxyGoji777,butterflyfrenchfry,Undirected,1.0,1.0
OmegaDGalaxyGoji777,Effective_Nothing519,Undirected,1.0,1.0
OmegaDGalaxyGoji777,Kekeegan,Undirected,1.0,1.0
OmegaDGalaxyGoji777,aym0_0n,Undirected,1.0,1.0
OmegaDGalaxyGoji777,Beneficial-Network91,Undirected,0.5,0.5
OmegaDGalaxyGoji777,tyuptyupolpolp,Undirected,0.5,0.5
OmegaDGalaxyGoji777,Hopeful_Worth315,Undirected,1.0,1.0
OmegaDGalaxyGoji777,palilibre,Undirected,0.5,0.5
OmegaDGalaxyGoji777,VISlONSOFALIFE,Undirected,1.0,1.0
OmegaDGalaxyGoji777,Sp1dderxyz,Undirected,1.0,1.0
OmegaDGalaxyGoji777,cats_and_coffee15,Undirected,1.0,1.0
OmegaDGalaxyGoji777,Ambitious-Narwhal158,Undirected,0.5,0.5
OmegaDGalaxyGoji777,peachemistry,Undirected,1.0,1.0
OmegaDGalaxyGoji777,thatsjustarandomname,Undirected,1.0,1.0
OmegaDGalaxyGoji777,Akram-Brahimi,Undirected,0.5,0.5
OmegaDGalaxyGoji777,Sea_Banana882,Undirected,0.5,0.5
OmegaDGalaxyGoji777,m7mdhassballa,Undirected,1.0,1.0
OmegaDGalaxyGoji777,Fantastic_Bag1560,Undirected,1.0,1.0
OmegaDGalaxyGoji777,HuckleberryFuzzy918,Undirected,1.0,1.0
OmegaDGalaxyGoji777,ResolutionDull5054,Undirected,1.0,1.0
OmegaDGalaxyGoji777,VanillaAdventurous74,Undirected,1.0,1.0
OmegaDGalaxyGoji777,TheAlphaKiller17,Undirected,1.0,1.0
OmegaDGalaxyGoji777,doctormelody18,Undirected,1.0,1.0
Life-Focus-3105,Dingus-the-Mingus,Undirected,0.5,0.5
Life-Focus-3105,Virtual_Ad_4734,Undirected,1.0,1.0
Life-Focus-3105,SuccessfulOwl9919,Undirected,1.0,1.0
Life-Focus-3105,mornunglake,Undirected,1.0,1.0
Life-Focus-3105,veinsouls,Undirected,1.0,1.0
Life-Focus-3105,No-Trick-7397,Undirected,1.0,1.0
Life-Focus-3105,dark00H,Undirected,1.0,1.0
Life-Focus-3105,DesignerSkyline01,Undirected,1.0,1.0
Life-Focus-3105,Accomplished_Cry6108,Undirected,1.0,1.0
Life-Focus-3105,SchemeBoth2169,Undirected,1.0,1.0
Life-Focus-3105,CraftyOpportunity646,Undirected,1.0,1.0
Life-Focus-3105,VolkswagenPanda,Undirected,1.0,1.0
Life-Focus-3105,amotivatedgal,Undirected,1.0,1.0
Life-Focus-3105,Pack_Em_Up,Undirected,1.0,1.0
Life-Focus-3105,Burning-Bush-613,Undirected,0.5,0.5
Life-Focus-3105,SnooOnions4663,Undirected,1.0,1.0
Life-Focus-3105,mar_de_mariposas,Undirected,1.0,1.0
Life-Focus-3105,endingcolonialism,Undirected,0.5,0.5
Life-Focus-3105,KnowTheTruthMatters,Undirected,0.25,0.25
Life-Focus-3105,barb_20,Undirected,1.0,1.0
Life-Focus-3105,Fhlurrhy108,Undirected,1.0,1.0
Life-Focus-3105,antifamarketer,Undirected,1.0,1.0
Life-Focus-3105,MoonGlissades,Undirected,1.0,1.0
Life-Focus-3105,MrJasonMason,Undirected,0.5,0.5
Life-Focus-3105,shane_4_us,Undirected,1.0,1.0
Life-Focus-3105,Comfortable_Spend436,Undirected,1.0,1.0
Life-Focus-3105,KingofTrilobites123,Undirected,0.3333333333333333,0.3333333333333333
Life-Focus-3105,ABCecy,Undirected,1.0,1.0
Life-Focus-3105,Apollo_Delphi,Undirected,0.5,0.5
Life-Focus-3105,Alternative-Dare-601,Undirected,1.0,1.0
Life-Focus-3105,Witty-Savings-2048,Undirected,1.0,1.0
Life-Focus-3105,SecretBiscotti8128,Undirected,0.5,0.5
Life-Focus-3105,adilbuilds,Undirected,0.25,0.25
Life-Focus-3105,Narrow_Guava_6239,Undirected,0.5,0.5
Life-Focus-3105,Particular_Log_3594,Undirected,0.25,0.25
Life-Focus-3105,Able_Ad_4891,Undirected,1.0,1.0
Life-Focus-3105,itsamefas,Undirected,1.0,1.0
Life-Focus-3105,CosmeticChemistPro,Undirected,1.0,1.0
Life-Focus-3105,Hamdan-mohamed,Undirected,1.0,1.0
Life-Focus-3105,SillyPassion7773,Undirected,1.0,1.0
Life-Focus-3105,That-Flamingo9866,Undirected,1.0,1.0
Life-Focus-3105,No_Newspaper_2914,Undirected,1.0,1.0
Life-Focus-3105,Sad_Recognition_6037,Undirected,1.0,1.0
Life-Focus-3105,DarkShadow13206,Undirected,1.0,1.0
Life-Focus-3105,introvertaltsakki,Undirected,1.0,1.0
Life-Focus-3105,Jealous-Ad-4838,Undirected,1.0,1.0
Life-Focus-3105,PandoraHadess,Undirected,1.0,1.0
Life-Focus-3105,Weird-Noise-180,Undirected,1.0,1.0
Life-Focus-3105,Financial_Smile4143,Undirected,0.25,0.25
Life-Focus-3105,ElkNational9973,Undirected,1.0,1.0
Life-Focus-3105,Colei_the_weird,Undirected,1.0,1.0
Life-Focus-3105,isaboobers,Undirected,1.0,1.0
Life-Focus-3105,Ok-Divide4719,Undirected,0.5,0.5
Life-Focus-3105,LofiOcean131,Undirected,1.0,1.0
Life-Focus-3105,Apprehensive-Cut9959,Undirected,1.0,1.0
Life-Focus-3105,Pinkblushdiva,Undirected,0.5,0.5
Life-Focus-3105,Ridussey,Undirected,1.0,1.0
Life-Focus-3105,Away-Lavishness-3805,Undirected,1.0,1.0
Life-Focus-3105,winter_in_eden,Undirected,1.0,1.0
Life-Focus-3105,Asinead666,Undirected,1.0,1.0
Life-Focus-3105,SnooOwls4954,Undirected,1.0,1.0
Life-Focus-3105,Margiethecat,Undirected,1.0,1.0
Life-Focus-3105,Able_Compote6571,Undirected,0.25,0.25
Life-Focus-3105,pickl3dguava,Undirected,1.0,1.0
Life-Focus-3105,CopiousCool,Undirected,0.3333333333333333,0.3333333333333333
Life-Focus-3105,butterflyfrenchfry,Undirected,1.0,1.0
Life-Focus-3105,Effective_Nothing519,Undirected,1.0,1.0
Life-Focus-3105,Kekeegan,Undirected,1.0,1.0
Life-Focus-3105,aym0_0n,Undirected,1.0,1.0
Life-Focus-3105,Beneficial-Network91,Undirected,0.5,0.5
Life-Focus-3105,tyuptyupolpolp,Undirected,0.5,0.5
Life-Focus-3105,Hopeful_Worth315,Undirected,1.0,1.0
Life-Focus-3105,palilibre,Undirected,0.5,0.5
Life-Focus-3105,VISlONSOFALIFE,Undirected,1.0,1.0
Life-Focus-3105,Sp1dderxyz,Undirected,1.0,1.0
Life-Focus-3105,cats_and_coffee15,Undirected,1.0,1.0
Life-Focus-3105,Ambitious-Narwhal158,Undirected,0.5,0.5
Life-Focus-3105,peachemistry,Undirected,1.0,1.0
Life-Focus-3105,thatsjustarandomname,Undirected,1.0,1.0
Life-Focus-3105,Akram-Brahimi,Undirected,0.5,0.5
Life-Focus-3105,Sea_Banana882,Undirected,0.5,0.5
Life-Focus-3105,m7mdhassballa,Undirected,1.0,1.0
Life-Focus-3105,Fantastic_Bag1560,Undirected,1.0,1.0
Life-Focus-3105,HuckleberryFuzzy918,Undirected,1.0,1.0
Life-Focus-3105,ResolutionDull5054,Undirected,1.0,1.0
Life-Focus-3105,VanillaAdventurous74,Undirected,1.0,1.0
Life-Focus-3105,TheAlphaKiller17,Undirected,1.0,1.0
Life-Focus-3105,doctormelody18,Undirected,1.0,1.0
Dingus-the-Mingus,Fledgling_112896,Undirected,0.5,0.5
Dingus-the-Mingus,Virtual_Ad_4734,Undirected,0.5,0.5
Dingus-the-Mingus,SuccessfulOwl9919,Undirected,0.5,0.5
Dingus-the-Mingus,mornunglake,Undirected,0.5,0.5
Dingus-the-Mingus,veinsouls,Undirected,0.5,0.5
Dingus-the-Mingus,No-Trick-7397,Undirected,0.5,0.5
Dingus-the-Mingus,dark00H,Undirected,0.5,0.5
Dingus-the-Mingus,DesignerSkyline01,Undirected,0.5,0.5
Dingus-the-Mingus,Accomplished_Cry6108,Undirected,0.5,0.5
Dingus-the-Mingus,SchemeBoth2169,Undirected,0.5,0.5
Dingus-the-Mingus,CraftyOpportunity646,Undirected,0.5,0.5
Dingus-the-Mingus,VolkswagenPanda,Undirected,0.5,0.5
Dingus-the-Mingus,Imaginary-Hold5898,Undirected,0.5,0.5
Dingus-the-Mingus,amotivatedgal,Undirected,0.5,0.5
Dingus-the-Mingus,Pack_Em_Up,Undirected,0.5,0.5
Dingus-the-Mingus,Burning-Bush-613,Undirected,0.3333333333333333,0.3333333333333333
Dingus-the-Mingus,SnooOnions4663,Undirected,0.5,0.5
Dingus-the-Mingus,mar_de_mariposas,Undirected,0.5,0.5
Dingus-the-Mingus,endingcolonialism,Undirected,1.0,1.0
Dingus-the-Mingus,KnowTheTruthMatters,Undirected,0.5,0.5
Dingus-the-Mingus,Pepperina_G,Undirected,0.5,0.5
Dingus-the-Mingus,barb_20,Undirected,0.5,0.5
Dingus-the-Mingus,Fhlurrhy108,Undirected,0.5,0.5
Dingus-the-Mingus,antifamarketer,Undirected,0.5,0.5
Dingus-the-Mingus,MoonGlissades,Undirected,0.5,0.5
Dingus-the-Mingus,Dear-Boot4077,Undirected,0.5,0.5
Dingus-the-Mingus,MrJasonMason,Undirected,0.3333333333333333,0.3333333333333333
Dingus-the-Mingus,shane_4_us,Undirected,0.5,0.5
Dingus-the-Mingus,Comfortable_Spend436,Undirected,0.5,0.5
Dingus-the-Mingus,KingofTrilobites123,Undirected,0.6666666666666666,0.6666666666666666
Dingus-the-Mingus,ABCecy,Undirected,0.5,0.5
Dingus-the-Mingus,Apollo_Delphi,Undirected,0.3333333333333333,0.3333333333333333
Dingus-the-Mingus,Alternative-Dare-601,Undirected,0.5,0.5
Dingus-the-Mingus,ReachZestyclose,Undirected,0.5,0.5
Dingus-the-Mingus,Witty-Savings-2048,Undirected,0.5,0.5
Dingus-the-Mingus,Ok-Following6886,Undirected,0.5,0.5
Dingus-the-Mingus,SecretBiscotti8128,Undirected,0.3333333333333333,0.3333333333333333
Dingus-the-Mingus,adilbuilds,Undirected,0.5,0.5
Dingus-the-Mingus,librephili,Undirected,0.2857142857142857,0.2857142857142857
Dingus-the-Mingus,Songmorning,Undirected,0.5,0.5
Dingus-the-Mingus,Narrow_Guava_6239,Undirected,0.3333333333333333,0.3333333333333333
Dingus-the-Mingus,Plane-Imagination593,Undirected,0.5,0.5
Dingus-the-Mingus,safemath,Undirected,0.3333333333333333,0.3333333333333333
Dingus-the-Mingus,Particular_Log_3594,Undirected,0.5,0.5
Dingus-the-Mingus,chopstickemup,Undirected,0.5,0.5
Dingus-the-Mingus,Able_Ad_4891,Undirected,0.5,0.5
Dingus-the-Mingus,carTot254,Undirected,0.5,0.5
Dingus-the-Mingus,itsamefas,Undirected,0.5,0.5
Dingus-the-Mingus,CosmeticChemistPro,Undirected,0.5,0.5
Dingus-the-Mingus,Hamdan-mohamed,Undirected,0.5,0.5
Dingus-the-Mingus,natural_piano1836,Undirected,0.5,0.5
Dingus-the-Mingus,SillyPassion7773,Undirected,0.5,0.5
Dingus-the-Mingus,librePali,Undirected,0.5,0.5
Dingus-the-Mingus,ExtHD,Undirected,0.5,0.5
Dingus-the-Mingus,ibrahim_D12,Undirected,0.5,0.5
Dingus-the-Mingus,That-Flamingo9866,Undirected,0.5,0.5
Dingus-the-Mingus,ConfidenceCareless71,Undirected,0.5,0.5
Dingus-the-Mingus,No_Newspaper_2914,Undirected,0.5,0.5
Dingus-the-Mingus,Enough_Credit_8199,Undirected,0.3333333333333333,0.3333333333333333
Dingus-the-Mingus,Sad_Recognition_6037,Undirected,0.5,0.5
Dingus-the-Mingus,DarkShadow13206,Undirected,0.5,0.5
Dingus-the-Mingus,Miserable-Spinach867,Undirected,0.5,0.5
Dingus-the-Mingus,Big_Fennel2186,Undirected,0.5,0.5
Dingus-the-Mingus,introvertaltsakki,Undirected,0.5,0.5
Dingus-the-Mingus,Jealous-Ad-4838,Undirected,0.5,0.5
Dingus-the-Mingus,PandoraHadess,Undirected,0.5,0.5
Dingus-the-Mingus,Weird-Noise-180,Undirected,0.5,0.5
Dingus-the-Mingus,Financial_Smile4143,Undirected,0.5,0.5
Dingus-the-Mingus,ElkNational9973,Undirected,0.5,0.5
Dingus-the-Mingus,jodio_hoestar,Undirected,0.3333333333333333,0.3333333333333333
Dingus-the-Mingus,Colei_the_weird,Undirected,0.5,0.5
Dingus-the-Mingus,isaboobers,Undirected,0.5,0.5
Dingus-the-Mingus,Ok-Divide4719,Undirected,0.3333333333333333,0.3333333333333333
Dingus-the-Mingus,LofiOcean131,Undirected,0.5,0.5
Dingus-the-Mingus,Apprehensive-Cut9959,Undirected,0.5,0.5
Dingus-the-Mingus,Pinkblushdiva,Undirected,1.0,1.0
Dingus-the-Mingus,Ridussey,Undirected,0.5,0.5
Dingus-the-Mingus,Away-Lavishness-3805,Undirected,0.5,0.5
Dingus-the-Mingus,winter_in_eden,Undirected,0.5,0.5
Dingus-the-Mingus,Asinead666,Undirected,0.5,0.5
Dingus-the-Mingus,SnooOwls4954,Undirected,0.5,0.5
Dingus-the-Mingus,Margiethecat,Undirected,0.5,0.5
Dingus-the-Mingus,Able_Compote6571,Undirected,0.5,0.5
Dingus-the-Mingus,pickl3dguava,Undirected,0.5,0.5
Dingus-the-Mingus,CopiousCool,Undirected,0.6666666666666666,0.6666666666666666
Dingus-the-Mingus,butterflyfrenchfry,Undirected,0.5,0.5
Dingus-the-Mingus,Effective_Nothing519,Undirected,0.5,0.5
Dingus-the-Mingus,Kekeegan,Undirected,0.5,0.5
Dingus-the-Mingus,aym0_0n,Undirected,0.5,0.5
Dingus-the-Mingus,Beneficial-Network91,Undirected,0.3333333333333333,0.3333333333333333
Dingus-the-Mingus,Squidieyy,Undirected,0.5,0.5
Dingus-the-Mingus,tyuptyupolpolp,Undirected,0.3333333333333333,0.3333333333333333
Dingus-the-Mingus,Hopeful_Worth315,Undirected,0.5,0.5
Dingus-the-Mingus,palilibre,Undirected,1.0,1.0
Dingus-the-Mingus,VISlONSOFALIFE,Undirected,0.5,0.5
Dingus-the-Mingus,Sp1dderxyz,Undirected,0.5,0.5
Dingus-the-Mingus,Responsible-Term4482,Undirected,0.5,0.5
Dingus-the-Mingus,cats_and_coffee15,Undirected,0.5,0.5
Dingus-the-Mingus,Ambitious-Narwhal158,Undirected,0.3333333333333333,0.3333333333333333
Dingus-the-Mingus,Unfair_Enthusiasm696,Undirected,0.5,0.5
Dingus-the-Mingus,peachemistry,Undirected,0.5,0.5
Dingus-the-Mingus,Ok-Bicycle-12345,Undirected,0.5,0.5
Dingus-the-Mingus,ComfortableJello508,Undirected,0.5,0.5
Dingus-the-Mingus,FlabbyShabby,Undirected,0.5,0.5
Dingus-the-Mingus,Justarandomguy-fuck,Undirected,0.5,0.5
Dingus-the-Mingus,thatsjustarandomname,Undirected,0.5,0.5
Dingus-the-Mingus,Late-Test2209,Undirected,0.5,0.5
Dingus-the-Mingus,ElectricalChance3664,Undirected,0.25,0.25
Dingus-the-Mingus,MrLabbrow,Undirected,0.5,0.5
Dingus-the-Mingus,Akram-Brahimi,Undirected,0.3333333333333333,0.3333333333333333
Dingus-the-Mingus,Sea_Banana882,Undirected,1.0,1.0
Dingus-the-Mingus,CatacaX,Undirected,0.5,0.5
Dingus-the-Mingus,TonkaMaze,Undirected,0.5,0.5
Dingus-the-Mingus,m7mdhassballa,Undirected,0.5,0.5
Dingus-the-Mingus,J3ssM,Undirected,0.5,0.5
Dingus-the-Mingus,Early_Bad_,Undirected,0.5,0.5
Dingus-the-Mingus,Fantastic_Bag1560,Undirected,0.5,0.5
Dingus-the-Mingus,abenites99,Undirected,0.5,0.5
Dingus-the-Mingus,Zealousideal-Item607,Undirected,0.3333333333333333,0.3333333333333333
Dingus-the-Mingus,NewPatron-St,Undirected,0.5,0.5
Dingus-the-Mingus,ChangePrestigious702,Undirected,0.5,0.5
Dingus-the-Mingus,Moth_Man_68,Undirected,0.5,0.5
Dingus-the-Mingus,No_Snow2245,Undirected,0.5,0.5
Dingus-the-Mingus,Perfect-Parking1536,Undirected,0.5,0.5
Dingus-the-Mingus,HuckleberryFuzzy918,Undirected,0.5,0.5
Dingus-the-Mingus,ResolutionDull5054,Undirected,0.5,0.5
Dingus-the-Mingus,Ok_Somewhere9687,Undirected,0.5,0.5
Dingus-the-Mingus,VanillaAdventurous74,Undirected,0.5,0.5
Dingus-the-Mingus,TheAlphaKiller17,Undirected,0.5,0.5
Dingus-the-Mingus,CrossingVoid,Undirected,0.5,0.5
Dingus-the-Mingus,Icy_Giraffe3903,Undirected,0.5,0.5
Dingus-the-Mingus,doctormelody18,Undirected,0.5,0.5
Dingus-the-Mingus,No_Degree3814,Undirected,0.5,0.5
Fledgling_112896,Imaginary-Hold5898,Undirected,1.0,1.0
Fledgling_112896,endingcolonialism,Undirected,0.5,0.5
Fledgling_112896,KnowTheTruthMatters,Undirected,0.25,0.25
Fledgling_112896,Pepperina_G,Undirected,1.0,1.0
Fledgling_112896,Dear-Boot4077,Undirected,1.0,1.0
Fledgling_112896,KingofTrilobites123,Undirected,0.3333333333333333,0.3333333333333333
Fledgling_112896,ReachZestyclose,Undirected,1.0,1.0
Fledgling_112896,Ok-Following6886,Undirected,1.0,1.0
Fledgling_112896,adilbuilds,Undirected,0.25,0.25
Fledgling_112896,pumpkinzh,Undirected,0.25,0.25
Fledgling_112896,Songmorning,Undirected,1.0,1.0
Fledgling_112896,Plane-Imagination593,Undirected,1.0,1.0
Fledgling_112896,safemath,Undirected,0.5,0.5
Fledgling_112896,Particular_Log_3594,Undirected,0.25,0.25
Fledgling_112896,chopstickemup,Undirected,1.0,1.0
Fledgling_112896,carTot254,Undirected,1.0,1.0
Fledgling_112896,natural_piano1836,Undirected,1.0,1.0
Fledgling_112896,librePali,Undirected,1.0,1.0
Fledgling_112896,ExtHD,Undirected,1.0,1.0
Fledgling_112896,ibrahim_D12,Undirected,1.0,1.0
Fledgling_112896,ConfidenceCareless71,Undirected,1.0,1.0
Fledgling_112896,Enough_Credit_8199,Undirected,0.5,0.5
Fledgling_112896,Miserable-Spinach867,Undirected,1.0,1.0
Fledgling_112896,Big_Fennel2186,Undirected,1.0,1.0
Fledgling_112896,Financial_Smile4143,Undirected,0.25,0.25
Fledgling_112896,jodio_hoestar,Undirected,0.5,0.5
Fledgling_112896,Pinkblushdiva,Undirected,0.5,0.5
Fledgling_112896,Able_Compote6571,Undirected,0.25,0.25
Fledgling_112896,CopiousCool,Undirected,0.3333333333333333,0.3333333333333333
Fledgling_112896,Squidieyy,Undirected,1.0,1.0
Fledgling_112896,palilibre,Undirected,0.5,0.5
Fledgling_112896,Responsible-Term4482,Undirected,1.0,1.0
Fledgling_112896,Unfair_Enthusiasm696,Undirected,1.0,1.0
Fledgling_112896,Ok-Bicycle-12345,Undirected,1.0,1.0
Fledgling_112896,ComfortableJello508,Undirected,1.0,1.0
Fledgling_112896,FlabbyShabby,Undirected,1.0,1.0
Fledgling_112896,Justarandomguy-fuck,Undirected,1.0,1.0
Fledgling_112896,Late-Test2209,Undirected,1.0,1.0
Fledgling_112896,ElectricalChance3664,Undirected,0.3333333333333333,0.3333333333333333
Fledgling_112896,MrLabbrow,Undirected,1.0,1.0
Fledgling_112896,Sea_Banana882,Undirected,0.5,0.5
Fledgling_112896,CatacaX,Undirected,1.0,1.0
Fledgling_112896,TonkaMaze,Undirected,1.0,1.0
Fledgling_112896,J3ssM,Undirected,1.0,1.0
Fledgling_112896,Early_Bad_,Undirected,1.0,1.0
Fledgling_112896,abenites99,Undirected,1.0,1.0
Fledgling_112896,Zealousideal-Item607,Undirected,0.5,0.5
Fledgling_112896,NewPatron-St,Undirected,1.0,1.0
Fledgling_112896,ChangePrestigious702,Undirected,1.0,1.0
Fledgling_112896,Moth_Man_68,Undirected,1.0,1.0
Fledgling_112896,No_Snow2245,Undirected,1.0,1.0
Fledgling_112896,Perfect-Parking1536,Undirected,1.0,1.0
Fledgling_112896,Ok_Somewhere9687,Undirected,1.0,1.0
Fledgling_112896,CrossingVoid,Undirected,1.0,1.0
Fledgling_112896,Icy_Giraffe3903,Undirected,1.0,1.0
Fledgling_112896,No_Degree3814,Undirected,1.0,1.0
Die_Hard_new3492,pixelatedprophecies,Undirected,0.5,0.5
Die_Hard_new3492,pimpin_n_stuff,Undirected,0.5,0.5
Die_Hard_new3492,Altruistic_You9489,Undirected,0.5,0.5
Die_Hard_new3492,Nervous-Savings2251,Undirected,0.5,0.5
Die_Hard_new3492,Conscious-Rich3823,Undirected,0.5,0.5
Die_Hard_new3492,cindyloowhovian,Undirected,0.5,0.5
Die_Hard_new3492,roxi3smiles,Undirected,0.5,0.5
Die_Hard_new3492,KingofTrilobites123,Undirected,0.25,0.25
Die_Hard_new3492,ThrovvQuestionsAway,Undirected,0.5,0.5
Die_Hard_new3492,librephili,Undirected,0.2857142857142857,0.2857142857142857
Die_Hard_new3492,safemath,Undirected,0.3333333333333333,0.3333333333333333
Die_Hard_new3492,CosmiicBrowni,Undirected,0.5,0.5
Die_Hard_new3492,ShedSoManyTears4Gaza,Undirected,0.5,0.5
Die_Hard_new3492,Enough_Credit_8199,Undirected,0.3333333333333333,0.3333333333333333
Die_Hard_new3492,urek__mazino_4444,Undirected,0.5,0.5
Die_Hard_new3492,shladvic,Undirected,0.5,0.5
Die_Hard_new3492,Ok_Consequence_5756,Undirected,0.5,0.5
Die_Hard_new3492,johnsmithoncemore,Undirected,0.3333333333333333,0.3333333333333333
Die_Hard_new3492,BlackberryIcy2214,Undirected,0.5,0.5
Die_Hard_new3492,littleeeloveee,Undirected,0.5,0.5
Die_Hard_new3492,CryingInTheGrass,Undirected,0.5,0.5
Die_Hard_new3492,tyuptyupolpolp,Undirected,0.3333333333333333,0.3333333333333333
Die_Hard_new3492,SylviaPlathsDaughter,Undirected,0.5,0.5
Die_Hard_new3492,walkyslaysh,Undirected,0.5,0.5
Die_Hard_new3492,hanandmeow,Undirected,0.5,0.5
Die_Hard_new3492,KrackalackinKraken,Undirected,0.5,0.5
Die_Hard_new3492,SystemNo524,Undirected,0.5,0.5
Die_Hard_new3492,_maeverie,Undirected,0.5,0.5
Die_Hard_new3492,ElectricalChance3664,Undirected,0.25,0.25
Die_Hard_new3492,nesmacon,Undirected,0.5,0.5
Die_Hard_new3492,Altruistic-Look6136,Undirected,0.5,0.5
Die_Hard_new3492,Accomplished-Low9635,Undirected,0.5,0.5
Die_Hard_new3492,Forward-Molasses4404,Undirected,0.5,0.5
Die_Hard_new3492,Farley_B,Undirected,0.5,0.5
Die_Hard_new3492,Ok_Strawberry_2143,Undirected,0.3333333333333333,0.3333333333333333
Die_Hard_new3492,DragonflyNo19,Undirected,0.5,0.5
Die_Hard_new3492,Ur_Shado,Undirected,0.5,0.5
Virtual_Ad_4734,SuccessfulOwl9919,Undirected,1.0,1.0
Virtual_Ad_4734,mornunglake,Undirected,1.0,1.0
Virtual_Ad_4734,veinsouls,Undirected,1.0,1.0
Virtual_Ad_4734,No-Trick-7397,Undirected,1.0,1.0
Virtual_Ad_4734,dark00H,Undirected,1.0,1.0
Virtual_Ad_4734,DesignerSkyline01,Undirected,1.0,1.0
Virtual_Ad_4734,Accomplished_Cry6108,Undirected,1.0,1.0
Virtual_Ad_4734,SchemeBoth2169,Undirected,1.0,1.0
Virtual_Ad_4734,CraftyOpportunity646,Undirected,1.0,1.0
Virtual_Ad_4734,VolkswagenPanda,Undirected,1.0,1.0
Virtual_Ad_4734,amotivatedgal,Undirected,1.0,1.0
Virtual_Ad_4734,Pack_Em_Up,Undirected,1.0,1.0
Virtual_Ad_4734,Burning-Bush-613,Undirected,0.5,0.5
Virtual_Ad_4734,SnooOnions4663,Undirected,1.0,1.0
Virtual_Ad_4734,mar_de_mariposas,Undirected,1.0,1.0
Virtual_Ad_4734,endingcolonialism,Undirected,0.5,0.5
Virtual_Ad_4734,KnowTheTruthMatters,Undirected,0.25,0.25
Virtual_Ad_4734,barb_20,Undirected,1.0,1.0
Virtual_Ad_4734,Fhlurrhy108,Undirected,1.0,1.0
Virtual_Ad_4734,antifamarketer,Undirected,1.0,1.0
Virtual_Ad_4734,MoonGlissades,Undirected,1.0,1.0
Virtual_Ad_4734,MrJasonMason,Undirected,0.5,0.5
Virtual_Ad_4734,shane_4_us,Undirected,1.0,1.0
Virtual_Ad_4734,Comfortable_Spend436,Undirected,1.0,1.0
Virtual_Ad_4734,KingofTrilobites123,Undirected,0.3333333333333333,0.3333333333333333
Virtual_Ad_4734,ABCecy,Undirected,1.0,1.0
Virtual_Ad_4734,Apollo_Delphi,Undirected,0.5,0.5
Virtual_Ad_4734,Alternative-Dare-601,Undirected,1.0,1.0
Virtual_Ad_4734,Witty-Savings-2048,Undirected,1.0,1.0
Virtual_Ad_4734,SecretBiscotti8128,Undirected,0.5,0.5
Virtual_Ad_4734,adilbuilds,Undirected,0.25,0.25
Virtual_Ad_4734,Narrow_Guava_6239,Undirected,0.5,0.5
Virtual_Ad_4734,Particular_Log_3594,Undirected,0.25,0.25
Virtual_Ad_4734,Able_Ad_4891,Undirected,1.0,1.0
Virtual_Ad_4734,itsamefas,Undirected,1.0,1.0
Virtual_Ad_4734,CosmeticChemistPro,Undirected,1.0,1.0
Virtual_Ad_4734,Hamdan-mohamed,Undirected,1.0,1.0
Virtual_Ad_4734,SillyPassion7773,Undirected,1.0,1.0
Virtual_Ad_4734,That-Flamingo9866,Undirected,1.0,1.0
Virtual_Ad_4734,No_Newspaper_2914,Undirected,1.0,1.0
Virtual_Ad_4734,Sad_Recognition_6037,Undirected,1.0,1.0
Virtual_Ad_4734,DarkShadow13206,Undirected,1.0,1.0
Virtual_Ad_4734,introvertaltsakki,Undirected,1.0,1.0
Virtual_Ad_4734,Jealous-Ad-4838,Undirected,1.0,1.0
Virtual_Ad_4734,PandoraHadess,Undirected,1.0,1.0
Virtual_Ad_4734,Weird-Noise-180,Undirected,1.0,1.0
Virtual_Ad_4734,Financial_Smile4143,Undirected,0.25,0.25
Virtual_Ad_4734,ElkNational9973,Undirected,1.0,1.0
Virtual_Ad_4734,Colei_the_weird,Undirected,1.0,1.0
Virtual_Ad_4734,isaboobers,Undirected,1.0,1.0
Virtual_Ad_4734,Ok-Divide4719,Undirected,0.5,0.5
Virtual_Ad_4734,LofiOcean131,Undirected,1.0,1.0
Virtual_Ad_4734,Apprehensive-Cut9959,Undirected,1.0,1.0
Virtual_Ad_4734,Pinkblushdiva,Undirected,0.5,0.5
Virtual_Ad_4734,Ridussey,Undirected,1.0,1.0
Virtual_Ad_4734,Away-Lavishness-3805,Undirected,1.0,1.0
Virtual_Ad_4734,winter_in_eden,Undirected,1.0,1.0
Virtual_Ad_4734,Asinead666,Undirected,1.0,1.0
Virtual_Ad_4734,SnooOwls4954,Undirected,1.0,1.0
Virtual_Ad_4734,Margiethecat,Undirected,1.0,1.0
Virtual_Ad_4734,Able_Compote6571,Undirected,0.25,0.25
Virtual_Ad_4734,pickl3dguava,Undirected,1.0,1.0
Virtual_Ad_4734,CopiousCool,Undirected,0.3333333333333333,0.3333333333333333
Virtual_Ad_4734,butterflyfrenchfry,Undirected,1.0,1.0
Virtual_Ad_4734,Effective_Nothing519,Undirected,1.0,1.0
Virtual_Ad_4734,Kekeegan,Undirected,1.0,1.0
Virtual_Ad_4734,aym0_0n,Undirected,1.0,1.0
Virtual_Ad_4734,Beneficial-Network91,Undirected,0.5,0.5
Virtual_Ad_4734,tyuptyupolpolp,Undirected,0.5,0.5
Virtual_Ad_4734,Hopeful_Worth315,Undirected,1.0,1.0
Virtual_Ad_4734,palilibre,Undirected,0.5,0.5
Virtual_Ad_4734,VISlONSOFALIFE,Undirected,1.0,1.0
Virtual_Ad_4734,Sp1dderxyz,Undirected,1.0,1.0
Virtual_Ad_4734,cats_and_coffee15,Undirected,1.0,1.0
Virtual_Ad_4734,Ambitious-Narwhal158,Undirected,0.5,0.5
Virtual_Ad_4734,peachemistry,Undirected,1.0,1.0
Virtual_Ad_4734,thatsjustarandomname,Undirected,1.0,1.0
Virtual_Ad_4734,Akram-Brahimi,Undirected,0.5,0.5
Virtual_Ad_4734,Sea_Banana882,Undirected,0.5,0.5
Virtual_Ad_4734,m7mdhassballa,Undirected,1.0,1.0
Virtual_Ad_4734,Fantastic_Bag1560,Undirected,1.0,1.0
Virtual_Ad_4734,HuckleberryFuzzy918,Undirected,1.0,1.0
Virtual_Ad_4734,ResolutionDull5054,Undirected,1.0,1.0
Virtual_Ad_4734,VanillaAdventurous74,Undirected,1.0,1.0
Virtual_Ad_4734,TheAlphaKiller17,Undirected,1.0,1.0
Virtual_Ad_4734,doctormelody18,Undirected,1.0,1.0
barccy,Unlikely-Sky6932,Undirected,1.0,1.0
barccy,hmountain,Undirected,1.0,1.0
barccy,Nomogg,Undirected,0.25,0.25
barccy,Virtual-Tale7778,Undirected,1.0,1.0
barccy,pinklewickers,Undirected,1.0,1.0
barccy,Chobikil,Undirected,1.0,1.0
barccy,damon121231,Undirected,1.0,1.0
barccy,Financial_Smile4143,Undirected,0.25,0.25
barccy,-SimpleRicks-,Undirected,1.0,1.0
barccy,Ok-Divide4719,Undirected,0.5,0.5
barccy,calombia,Undirected,1.0,1.0
barccy,Able_Compote6571,Undirected,0.25,0.25
barccy,Psychological-Gear78,Undirected,1.0,1.0
barccy,Amoonthedollygirl,Undirected,1.0,1.0
barccy,SamZ025,Undirected,1.0,1.0
barccy,ResearchWorking3402,Undirected,1.0,1.0
barccy,Zealousideal-Item607,Undirected,0.5,0.5
barccy,guibidesc,Undirected,1.0,1.0
SuccessfulOwl9919,mornunglake,Undirected,1.0,1.0
SuccessfulOwl9919,veinsouls,Undirected,1.0,1.0
SuccessfulOwl9919,No-Trick-7397,Undirected,1.0,1.0
SuccessfulOwl9919,dark00H,Undirected,1.0,1.0
SuccessfulOwl9919,DesignerSkyline01,Undirected,1.0,1.0
SuccessfulOwl9919,Accomplished_Cry6108,Undirected,1.0,1.0
SuccessfulOwl9919,SchemeBoth2169,Undirected,1.0,1.0
SuccessfulOwl9919,CraftyOpportunity646,Undirected,1.0,1.0
SuccessfulOwl9919,VolkswagenPanda,Undirected,1.0,1.0
SuccessfulOwl9919,amotivatedgal,Undirected,1.0,1.0
SuccessfulOwl9919,Pack_Em_Up,Undirected,1.0,1.0
SuccessfulOwl9919,Burning-Bush-613,Undirected,0.5,0.5
SuccessfulOwl9919,SnooOnions4663,Undirected,1.0,1.0
SuccessfulOwl9919,mar_de_mariposas,Undirected,1.0,1.0
SuccessfulOwl9919,endingcolonialism,Undirected,0.5,0.5
SuccessfulOwl9919,KnowTheTruthMatters,Undirected,0.25,0.25
SuccessfulOwl9919,barb_20,Undirected,1.0,1.0
SuccessfulOwl9919,Fhlurrhy108,Undirected,1.0,1.0
SuccessfulOwl9919,antifamarketer,Undirected,1.0,1.0
SuccessfulOwl9919,MoonGlissades,Undirected,1.0,1.0
SuccessfulOwl9919,MrJasonMason,Undirected,0.5,0.5
SuccessfulOwl9919,shane_4_us,Undirected,1.0,1.0
SuccessfulOwl9919,Comfortable_Spend436,Undirected,1.0,1.0
SuccessfulOwl9919,KingofTrilobites123,Undirected,0.3333333333333333,0.3333333333333333
SuccessfulOwl9919,ABCecy,Undirected,1.0,1.0
SuccessfulOwl9919,Apollo_Delphi,Undirected,0.5,0.5
SuccessfulOwl9919,Alternative-Dare-601,Undirected,1.0,1.0
SuccessfulOwl9919,Witty-Savings-2048,Undirected,1.0,1.0
SuccessfulOwl9919,SecretBiscotti8128,Undirected,0.5,0.5
SuccessfulOwl9919,adilbuilds,Undirected,0.25,0.25
SuccessfulOwl9919,Narrow_Guava_6239,Undirected,0.5,0.5
SuccessfulOwl9919,Particular_Log_3594,Undirected,0.25,0.25
SuccessfulOwl9919,Able_Ad_4891,Undirected,1.0,1.0
SuccessfulOwl9919,itsamefas,Undirected,1.0,1.0
SuccessfulOwl9919,CosmeticChemistPro,Undirected,1.0,1.0
SuccessfulOwl9919,Hamdan-mohamed,Undirected,1.0,1.0
SuccessfulOwl9919,SillyPassion7773,Undirected,1.0,1.0
SuccessfulOwl9919,That-Flamingo9866,Undirected,1.0,1.0
SuccessfulOwl9919,No_Newspaper_2914,Undirected,1.0,1.0
SuccessfulOwl9919,Sad_Recognition_6037,Undirected,1.0,1.0
SuccessfulOwl9919,DarkShadow13206,Undirected,1.0,1.0
SuccessfulOwl9919,introvertaltsakki,Undirected,1.0,1.0
SuccessfulOwl9919,Jealous-Ad-4838,Undirected,1.0,1.0
SuccessfulOwl9919,PandoraHadess,Undirected,1.0,1.0
SuccessfulOwl9919,Weird-Noise-180,Undirected,1.0,1.0
SuccessfulOwl9919,Financial_Smile4143,Undirected,0.25,0.25
SuccessfulOwl9919,ElkNational9973,Undirected,1.0,1.0
SuccessfulOwl9919,Colei_the_weird,Undirected,1.0,1.0
SuccessfulOwl9919,isaboobers,Undirected,1.0,1.0
SuccessfulOwl9919,Ok-Divide4719,Undirected,0.5,0.5
SuccessfulOwl9919,LofiOcean131,Undirected,1.0,1.0
SuccessfulOwl9919,Apprehensive-Cut9959,Undirected,1.0,1.0
SuccessfulOwl9919,Pinkblushdiva,Undirected,0.5,0.5
SuccessfulOwl9919,Ridussey,Undirected,1.0,1.0
SuccessfulOwl9919,Away-Lavishness-3805,Undirected,1.0,1.0
SuccessfulOwl9919,winter_in_eden,Undirected,1.0,1.0
SuccessfulOwl9919,Asinead666,Undirected,1.0,1.0
SuccessfulOwl9919,SnooOwls4954,Undirected,1.0,1.0
SuccessfulOwl9919,Margiethecat,Undirected,1.0,1.0
SuccessfulOwl9919,Able_Compote6571,Undirected,0.25,0.25
SuccessfulOwl9919,pickl3dguava,Undirected,1.0,1.0
SuccessfulOwl9919,CopiousCool,Undirected,0.3333333333333333,0.3333333333333333
SuccessfulOwl9919,butterflyfrenchfry,Undirected,1.0,1.0
SuccessfulOwl9919,Effective_Nothing519,Undirected,1.0,1.0
SuccessfulOwl9919,Kekeegan,Undirected,1.0,1.0
SuccessfulOwl9919,aym0_0n,Undirected,1.0,1.0
SuccessfulOwl9919,Beneficial-Network91,Undirected,0.5,0.5
SuccessfulOwl9919,tyuptyupolpolp,Undirected,0.5,0.5
SuccessfulOwl9919,Hopeful_Worth315,Undirected,1.0,1.0
SuccessfulOwl9919,palilibre,Undirected,0.5,0.5
SuccessfulOwl9919,VISlONSOFALIFE,Undirected,1.0,1.0
SuccessfulOwl9919,Sp1dderxyz,Undirected,1.0,1.0
SuccessfulOwl9919,cats_and_coffee15,Undirected,1.0,1.0
SuccessfulOwl9919,Ambitious-Narwhal158,Undirected,0.5,0.5
SuccessfulOwl9919,peachemistry,Undirected,1.0,1.0
SuccessfulOwl9919,thatsjustarandomname,Undirected,1.0,1.0
SuccessfulOwl9919,Akram-Brahimi,Undirected,0.5,0.5
SuccessfulOwl9919,Sea_Banana882,Undirected,0.5,0.5
SuccessfulOwl9919,m7mdhassballa,Undirected,1.0,1.0
SuccessfulOwl9919,Fantastic_Bag1560,Undirected,1.0,1.0
SuccessfulOwl9919,HuckleberryFuzzy918,Undirected,1.0,1.0
SuccessfulOwl9919,ResolutionDull5054,Undirected,1.0,1.0
SuccessfulOwl9919,VanillaAdventurous74,Undirected,1.0,1.0
SuccessfulOwl9919,TheAlphaKiller17,Undirected,1.0,1.0
SuccessfulOwl9919,doctormelody18,Undirected,1.0,1.0
mornunglake,veinsouls,Undirected,1.0,1.0
mornunglake,No-Trick-7397,Undirected,1.0,1.0
mornunglake,dark00H,Undirected,1.0,1.0
mornunglake,DesignerSkyline01,Undirected,1.0,1.0
mornunglake,Accomplished_Cry6108,Undirected,1.0,1.0
mornunglake,SchemeBoth2169,Undirected,1.0,1.0
mornunglake,CraftyOpportunity646,Undirected,1.0,1.0
mornunglake,VolkswagenPanda,Undirected,1.0,1.0
mornunglake,amotivatedgal,Undirected,1.0,1.0
mornunglake,Pack_Em_Up,Undirected,1.0,1.0
mornunglake,Burning-Bush-613,Undirected,0.5,0.5
mornunglake,SnooOnions4663,Undirected,1.0,1.0
mornunglake,mar_de_mariposas,Undirected,1.0,1.0
mornunglake,endingcolonialism,Undirected,0.5,0.5
mornunglake,KnowTheTruthMatters,Undirected,0.25,0.25
mornunglake,barb_20,Undirected,1.0,1.0
mornunglake,Fhlurrhy108,Undirected,1.0,1.0
mornunglake,antifamarketer,Undirected,1.0,1.0
mornunglake,MoonGlissades,Undirected,1.0,1.0
mornunglake,MrJasonMason,Undirected,0.5,0.5
mornunglake,shane_4_us,Undirected,1.0,1.0
mornunglake,Comfortable_Spend436,Undirected,1.0,1.0
mornunglake,KingofTrilobites123,Undirected,0.3333333333333333,0.3333333333333333
mornunglake,ABCecy,Undirected,1.0,1.0
mornunglake,Apollo_Delphi,Undirected,0.5,0.5
mornunglake,Alternative-Dare-601,Undirected,1.0,1.0
mornunglake,Witty-Savings-2048,Undirected,1.0,1.0
mornunglake,SecretBiscotti8128,Undirected,0.5,0.5
mornunglake,adilbuilds,Undirected,0.25,0.25
mornunglake,Narrow_Guava_6239,Undirected,0.5,0.5
mornunglake,Particular_Log_3594,Undirected,0.25,0.25
mornunglake,Able_Ad_4891,Undirected,1.0,1.0
mornunglake,itsamefas,Undirected,1.0,1.0
mornunglake,CosmeticChemistPro,Undirected,1.0,1.0
mornunglake,Hamdan-mohamed,Undirected,1.0,1.0
mornunglake,SillyPassion7773,Undirected,1.0,1.0
mornunglake,That-Flamingo9866,Undirected,1.0,1.0
mornunglake,No_Newspaper_2914,Undirected,1.0,1.0
mornunglake,Sad_Recognition_6037,Undirected,1.0,1.0
mornunglake,DarkShadow13206,Undirected,1.0,1.0
mornunglake,introvertaltsakki,Undirected,1.0,1.0
mornunglake,Jealous-Ad-4838,Undirected,1.0,1.0
mornunglake,PandoraHadess,Undirected,1.0,1.0
mornunglake,Weird-Noise-180,Undirected,1.0,1.0
mornunglake,Financial_Smile4143,Undirected,0.25,0.25
mornunglake,ElkNational9973,Undirected,1.0,1.0
mornunglake,Colei_the_weird,Undirected,1.0,1.0
mornunglake,isaboobers,Undirected,1.0,1.0
mornunglake,Ok-Divide4719,Undirected,0.5,0.5
mornunglake,LofiOcean131,Undirected,1.0,1.0
mornunglake,Apprehensive-Cut9959,Undirected,1.0,1.0
mornunglake,Pinkblushdiva,Undirected,0.5,0.5
mornunglake,Ridussey,Undirected,1.0,1.0
mornunglake,Away-Lavishness-3805,Undirected,1.0,1.0
mornunglake,winter_in_eden,Undirected,1.0,1.0
mornunglake,Asinead666,Undirected,1.0,1.0
mornunglake,SnooOwls4954,Undirected,1.0,1.0
mornunglake,Margiethecat,Undirected,1.0,1.0
mornunglake,Able_Compote6571,Undirected,0.25,0.25
mornunglake,pickl3dguava,Undirected,1.0,1.0
mornunglake,CopiousCool,Undirected,0.3333333333333333,0.3333333333333333
mornunglake,butterflyfrenchfry,Undirected,1.0,1.0
mornunglake,Effective_Nothing519,Undirected,1.0,1.0
mornunglake,Kekeegan,Undirected,1.0,1.0
mornunglake,aym0_0n,Undirected,1.0,1.0
mornunglake,Beneficial-Network91,Undirected,0.5,0.5
mornunglake,tyuptyupolpolp,Undirected,0.5,0.5
mornunglake,Hopeful_Worth315,Undirected,1.0,1.0
mornunglake,palilibre,Undirected,0.5,0.5
mornunglake,VISlONSOFALIFE,Undirected,1.0,1.0
mornunglake,Sp1dderxyz,Undirected,1.0,1.0
mornunglake,cats_and_coffee15,Undirected,1.0,1.0
mornunglake,Ambitious-Narwhal158,Undirected,0.5,0.5
mornunglake,peachemistry,Undirected,1.0,1.0
mornunglake,thatsjustarandomname,Undirected,1.0,1.0
mornunglake,Akram-Brahimi,Undirected,0.5,0.5
mornunglake,Sea_Banana882,Undirected,0.5,0.5
mornunglake,m7mdhassballa,Undirected,1.0,1.0
mornunglake,Fantastic_Bag1560,Undirected,1.0,1.0
mornunglake,HuckleberryFuzzy918,Undirected,1.0,1.0
mornunglake,ResolutionDull5054,Undirected,1.0,1.0
mornunglake,VanillaAdventurous74,Undirected,1.0,1.0
mornunglake,TheAlphaKiller17,Undirected,1.0,1.0
mornunglake,doctormelody18,Undirected,1.0,1.0
pixelatedprophecies,Conscious-Rich3823,Undirected,1.0,1.0
pixelatedprophecies,Nomogg,Undirected,0.25,0.25
pixelatedprophecies,cindyloowhovian,Undirected,1.0,1.0
pixelatedprophecies,Ok_Consequence_5756,Undirected,1.0,1.0
pixelatedprophecies,johnsmithoncemore,Undirected,0.5,0.5
pixelatedprophecies,BlackberryIcy2214,Undirected,1.0,1.0
pixelatedprophecies,SylviaPlathsDaughter,Undirected,1.0,1.0
pixelatedprophecies,_maeverie,Undirected,1.0,1.0
pixelatedprophecies,ElectricalChance3664,Undirected,0.3333333333333333,0.3333333333333333
pixelatedprophecies,nesmacon,Undirected,1.0,1.0
pixelatedprophecies,Farley_B,Undirected,1.0,1.0
pixelatedprophecies,DragonflyNo19,Undirected,1.0,1.0
Unlikely-Sky6932,hmountain,Undirected,1.0,1.0
Unlikely-Sky6932,Nomogg,Undirected,0.25,0.25
Unlikely-Sky6932,Virtual-Tale7778,Undirected,1.0,1.0
Unlikely-Sky6932,pinklewickers,Undirected,1.0,1.0
Unlikely-Sky6932,Chobikil,Undirected,1.0,1.0
Unlikely-Sky6932,damon121231,Undirected,1.0,1.0
Unlikely-Sky6932,Financial_Smile4143,Undirected,0.25,0.25
Unlikely-Sky6932,-SimpleRicks-,Undirected,1.0,1.0
Unlikely-Sky6932,Ok-Divide4719,Undirected,0.5,0.5
Unlikely-Sky6932,calombia,Undirected,1.0,1.0
Unlikely-Sky6932,Able_Compote6571,Undirected,0.25,0.25
Unlikely-Sky6932,Psychological-Gear78,Undirected,1.0,1.0
Unlikely-Sky6932,Amoonthedollygirl,Undirected,1.0,1.0
Unlikely-Sky6932,SamZ025,Undirected,1.0,1.0
Unlikely-Sky6932,ResearchWorking3402,Undirected,1.0,1.0
Unlikely-Sky6932,Zealousideal-Item607,Undirected,0.5,0.5
Unlikely-Sky6932,guibidesc,Undirected,1.0,1.0
veinsouls,No-Trick-7397,Undirected,1.0,1.0
veinsouls,dark00H,Undirected,1.0,1.0
veinsouls,DesignerSkyline01,Undirected,1.0,1.0
veinsouls,Accomplished_Cry6108,Undirected,1.0,1.0
veinsouls,SchemeBoth2169,Undirected,1.0,1.0
veinsouls,CraftyOpportunity646,Undirected,1.0,1.0
veinsouls,VolkswagenPanda,Undirected,1.0,1.0
veinsouls,amotivatedgal,Undirected,1.0,1.0
veinsouls,Pack_Em_Up,Undirected,1.0,1.0
veinsouls,Burning-Bush-613,Undirected,0.5,0.5
veinsouls,SnooOnions4663,Undirected,1.0,1.0
veinsouls,mar_de_mariposas,Undirected,1.0,1.0
veinsouls,endingcolonialism,Undirected,0.5,0.5
veinsouls,KnowTheTruthMatters,Undirected,0.25,0.25
veinsouls,barb_20,Undirected,1.0,1.0
veinsouls,Fhlurrhy108,Undirected,1.0,1.0
veinsouls,antifamarketer,Undirected,1.0,1.0
veinsouls,MoonGlissades,Undirected,1.0,1.0
veinsouls,MrJasonMason,Undirected,0.5,0.5
veinsouls,shane_4_us,Undirected,1.0,1.0
veinsouls,Comfortable_Spend436,Undirected,1.0,1.0
veinsouls,KingofTrilobites123,Undirected,0.3333333333333333,0.3333333333333333
veinsouls,ABCecy,Undirected,1.0,1.0
veinsouls,Apollo_Delphi,Undirected,0.5,0.5
veinsouls,Alternative-Dare-601,Undirected,1.0,1.0
veinsouls,Witty-Savings-2048,Undirected,1.0,1.0
veinsouls,SecretBiscotti8128,Undirected,0.5,0.5
veinsouls,adilbuilds,Undirected,0.25,0.25
veinsouls,Narrow_Guava_6239,Undirected,0.5,0.5
veinsouls,Particular_Log_3594,Undirected,0.25,0.25
veinsouls,Able_Ad_4891,Undirected,1.0,1.0
veinsouls,itsamefas,Undirected,1.0,1.0
veinsouls,CosmeticChemistPro,Undirected,1.0,1.0
veinsouls,Hamdan-mohamed,Undirected,1.0,1.0
veinsouls,SillyPassion7773,Undirected,1.0,1.0
veinsouls,That-Flamingo9866,Undirected,1.0,1.0
veinsouls,No_Newspaper_2914,Undirected,1.0,1.0
veinsouls,Sad_Recognition_6037,Undirected,1.0,1.0
veinsouls,DarkShadow13206,Undirected,1.0,1.0
veinsouls,introvertaltsakki,Undirected,1.0,1.0
veinsouls,Jealous-Ad-4838,Undirected,1.0,1.0
veinsouls,PandoraHadess,Undirected,1.0,1.0
veinsouls,Weird-Noise-180,Undirected,1.0,1.0
veinsouls,Financial_Smile4143,Undirected,0.25,0.25
veinsouls,ElkNational9973,Undirected,1.0,1.0
veinsouls,Colei_the_weird,Undirected,1.0,1.0
veinsouls,isaboobers,Undirected,1.0,1.0
veinsouls,Ok-Divide4719,Undirected,0.5,0.5
veinsouls,LofiOcean131,Undirected,1.0,1.0
veinsouls,Apprehensive-Cut9959,Undirected,1.0,1.0
veinsouls,Pinkblushdiva,Undirected,0.5,0.5
veinsouls,Ridussey,Undirected,1.0,1.0
veinsouls,Away-Lavishness-3805,Undirected,1.0,1.0
veinsouls,winter_in_eden,Undirected,1.0,1.0
veinsouls,Asinead666,Undirected,1.0,1.0
veinsouls,SnooOwls4954,Undirected,1.0,1.0
veinsouls,Margiethecat,Undirected,1.0,1.0
veinsouls,Able_Compote6571,Undirected,0.25,0.25
veinsouls,pickl3dguava,Undirected,1.0,1.0
veinsouls,CopiousCool,Undirected,0.3333333333333333,0.3333333333333333
veinsouls,butterflyfrenchfry,Undirected,1.0,1.0
veinsouls,Effective_Nothing519,Undirected,1.0,1.0
veinsouls,Kekeegan,Undirected,1.0,1.0
veinsouls,aym0_0n,Undirected,1.0,1.0
veinsouls,Beneficial-Network91,Undirected,0.5,0.5
veinsouls,tyuptyupolpolp,Undirected,0.5,0.5
veinsouls,Hopeful_Worth315,Undirected,1.0,1.0
veinsouls,palilibre,Undirected,0.5,0.5
veinsouls,VISlONSOFALIFE,Undirected,1.0,1.0
veinsouls,Sp1dderxyz,Undirected,1.0,1.0
veinsouls,cats_and_coffee15,Undirected,1.0,1.0
veinsouls,Ambitious-Narwhal158,Undirected,0.5,0.5
veinsouls,peachemistry,Undirected,1.0,1.0
veinsouls,thatsjustarandomname,Undirected,1.0,1.0
veinsouls,Akram-Brahimi,Undirected,0.5,0.5
veinsouls,Sea_Banana882,Undirected,0.5,0.5
veinsouls,m7mdhassballa,Undirected,1.0,1.0
veinsouls,Fantastic_Bag1560,Undirected,1.0,1.0
veinsouls,HuckleberryFuzzy918,Undirected,1.0,1.0
veinsouls,ResolutionDull5054,Undirected,1.0,1.0
veinsouls,VanillaAdventurous74,Undirected,1.0,1.0
veinsouls,TheAlphaKiller17,Undirected,1.0,1.0
veinsouls,doctormelody18,Undirected,1.0,1.0
pimpin_n_stuff,Altruistic_You9489,Undirected,1.0,1.0
pimpin_n_stuff,Nervous-Savings2251,Undirected,1.0,1.0
pimpin_n_stuff,KnowTheTruthMatters,Undirected,0.25,0.25
pimpin_n_stuff,roxi3smiles,Undirected,1.0,1.0
pimpin_n_stuff,KingofTrilobites123,Undirected,0.3333333333333333,0.3333333333333333
pimpin_n_stuff,ThrovvQuestionsAway,Undirected,1.0,1.0
pimpin_n_stuff,safemath,Undirected,0.5,0.5
pimpin_n_stuff,CosmiicBrowni,Undirected,1.0,1.0
pimpin_n_stuff,ShedSoManyTears4Gaza,Undirected,1.0,1.0
pimpin_n_stuff,Enough_Credit_8199,Undirected,0.5,0.5
pimpin_n_stuff,urek__mazino_4444,Undirected,1.0,1.0
pimpin_n_stuff,shladvic,Undirected,1.0,1.0
pimpin_n_stuff,littleeeloveee,Undirected,1.0,1.0
pimpin_n_stuff,CryingInTheGrass,Undirected,1.0,1.0
pimpin_n_stuff,tyuptyupolpolp,Undirected,0.5,0.5
pimpin_n_stuff,walkyslaysh,Undirected,1.0,1.0
pimpin_n_stuff,hanandmeow,Undirected,1.0,1.0
pimpin_n_stuff,KrackalackinKraken,Undirected,1.0,1.0
pimpin_n_stuff,SystemNo524,Undirected,1.0,1.0
pimpin_n_stuff,Altruistic-Look6136,Undirected,1.0,1.0
pimpin_n_stuff,Accomplished-Low9635,Undirected,1.0,1.0
pimpin_n_stuff,Forward-Molasses4404,Undirected,1.0,1.0
pimpin_n_stuff,Ok_Strawberry_2143,Undirected,0.5,0.5
pimpin_n_stuff,Ur_Shado,Undirected,1.0,1.0
No-Trick-7397,dark00H,Undirected,1.0,1.0
No-Trick-7397,DesignerSkyline01,Undirected,1.0,1.0
No-Trick-7397,Accomplished_Cry6108,Undirected,1.0,1.0
No-Trick-7397,SchemeBoth2169,Undirected,1.0,1.0
No-Trick-7397,CraftyOpportunity646,Undirected,1.0,1.0
No-Trick-7397,VolkswagenPanda,Undirected,1.0,1.0
No-Trick-7397,amotivatedgal,Undirected,1.0,1.0
No-Trick-7397,Pack_Em_Up,Undirected,1.0,1.0
No-Trick-7397,Burning-Bush-613,Undirected,0.5,0.5
No-Trick-7397,SnooOnions4663,Undirected,1.0,1.0
No-Trick-7397,mar_de_mariposas,Undirected,1.0,1.0
No-Trick-7397,endingcolonialism,Undirected,0.5,0.5
No-Trick-7397,KnowTheTruthMatters,Undirected,0.25,0.25
No-Trick-7397,barb_20,Undirected,1.0,1.0
No-Trick-7397,Fhlurrhy108,Undirected,1.0,1.0
No-Trick-7397,antifamarketer,Undirected,1.0,1.0
No-Trick-7397,MoonGlissades,Undirected,1.0,1.0
No-Trick-7397,MrJasonMason,Undirected,0.5,0.5
No-Trick-7397,shane_4_us,Undirected,1.0,1.0
No-Trick-7397,Comfortable_Spend436,Undirected,1.0,1.0
No-Trick-7397,KingofTrilobites123,Undirected,0.3333333333333333,0.3333333333333333
No-Trick-7397,ABCecy,Undirected,1.0,1.0
No-Trick-7397,Apollo_Delphi,Undirected,0.5,0.5
No-Trick-7397,Alternative-Dare-601,Undirected,1.0,1.0
No-Trick-7397,Witty-Savings-2048,Undirected,1.0,1.0
No-Trick-7397,SecretBiscotti8128,Undirected,0.5,0.5
No-Trick-7397,adilbuilds,Undirected,0.25,0.25
No-Trick-7397,Narrow_Guava_6239,Undirected,0.5,0.5
No-Trick-7397,Particular_Log_3594,Undirected,0.25,0.25
No-Trick-7397,Able_Ad_4891,Undirected,1.0,1.0
No-Trick-7397,itsamefas,Undirected,1.0,1.0
No-Trick-7397,CosmeticChemistPro,Undirected,1.0,1.0
No-Trick-7397,Hamdan-mohamed,Undirected,1.0,1.0
No-Trick-7397,SillyPassion7773,Undirected,1.0,1.0
No-Trick-7397,That-Flamingo9866,Undirected,1.0,1.0
No-Trick-7397,No_Newspaper_2914,Undirected,1.0,1.0
No-Trick-7397,Sad_Recognition_6037,Undirected,1.0,1.0
No-Trick-7397,DarkShadow13206,Undirected,1.0,1.0
No-Trick-7397,introvertaltsakki,Undirected,1.0,1.0
No-Trick-7397,Jealous-Ad-4838,Undirected,1.0,1.0
No-Trick-7397,PandoraHadess,Undirected,1.0,1.0
No-Trick-7397,Weird-Noise-180,Undirected,1.0,1.0
No-Trick-7397,Financial_Smile4143,Undirected,0.25,0.25
No-Trick-7397,ElkNational9973,Undirected,1.0,1.0
No-Trick-7397,Colei_the_weird,Undirected,1.0,1.0
No-Trick-7397,isaboobers,Undirected,1.0,1.0
No-Trick-7397,Ok-Divide4719,Undirected,0.5,0.5
No-Trick-7397,LofiOcean131,Undirected,1.0,1.0
No-Trick-7397,Apprehensive-Cut9959,Undirected,1.0,1.0
No-Trick-7397,Pinkblushdiva,Undirected,0.5,0.5
No-Trick-7397,Ridussey,Undirected,1.0,1.0
No-Trick-7397,Away-Lavishness-3805,Undirected,1.0,1.0
No-Trick-7397,winter_in_eden,Undirected,1.0,1.0
No-Trick-7397,Asinead666,Undirected,1.0,1.0
No-Trick-7397,SnooOwls4954,Undirected,1.0,1.0
No-Trick-7397,Margiethecat,Undirected,1.0,1.0
No-Trick-7397,Able_Compote6571,Undirected,0.25,0.25
No-Trick-7397,pickl3dguava,Undirected,1.0,1.0
No-Trick-7397,CopiousCool,Undirected,0.3333333333333333,0.3333333333333333
No-Trick-7397,butterflyfrenchfry,Undirected,1.0,1.0
No-Trick-7397,Effective_Nothing519,Undirected,1.0,1.0
No-Trick-7397,Kekeegan,Undirected,1.0,1.0
No-Trick-7397,aym0_0n,Undirected,1.0,1.0
No-Trick-7397,Beneficial-Network91,Undirected,0.5,0.5
No-Trick-7397,tyuptyupolpolp,Undirected,0.5,0.5
No-Trick-7397,Hopeful_Worth315,Undirected,1.0,1.0
No-Trick-7397,palilibre,Undirected,0.5,0.5
No-Trick-7397,VISlONSOFALIFE,Undirected,1.0,1.0
No-Trick-7397,Sp1dderxyz,Undirected,1.0,1.0
No-Trick-7397,cats_and_coffee15,Undirected,1.0,1.0
No-Trick-7397,Ambitious-Narwhal158,Undirected,0.5,0.5
No-Trick-7397,peachemistry,Undirected,1.0,1.0
No-Trick-7397,thatsjustarandomname,Undirected,1.0,1.0
No-Trick-7397,Akram-Brahimi,Undirected,0.5,0.5
No-Trick-7397,Sea_Banana882,Undirected,0.5,0.5
No-Trick-7397,m7mdhassballa,Undirected,1.0,1.0
No-Trick-7397,Fantastic_Bag1560,Undirected,1.0,1.0
No-Trick-7397,HuckleberryFuzzy918,Undirected,1.0,1.0
No-Trick-7397,ResolutionDull5054,Undirected,1.0,1.0
No-Trick-7397,VanillaAdventurous74,Undirected,1.0,1.0
No-Trick-7397,TheAlphaKiller17,Undirected,1.0,1.0
No-Trick-7397,doctormelody18,Undirected,1.0,1.0
dark00H,DesignerSkyline01,Undirected,1.0,1.0
dark00H,Accomplished_Cry6108,Undirected,1.0,1.0
dark00H,SchemeBoth2169,Undirected,1.0,1.0
dark00H,CraftyOpportunity646,Undirected,1.0,1.0
dark00H,VolkswagenPanda,Undirected,1.0,1.0
dark00H,amotivatedgal,Undirected,1.0,1.0
dark00H,Pack_Em_Up,Undirected,1.0,1.0
dark00H,Burning-Bush-613,Undirected,0.5,0.5
dark00H,SnooOnions4663,Undirected,1.0,1.0
dark00H,mar_de_mariposas,Undirected,1.0,1.0
dark00H,endingcolonialism,Undirected,0.5,0.5
dark00H,KnowTheTruthMatters,Undirected,0.25,0.25
dark00H,barb_20,Undirected,1.0,1.0
dark00H,Fhlurrhy108,Undirected,1.0,1.0
dark00H,antifamarketer,Undirected,1.0,1.0
dark00H,MoonGlissades,Undirected,1.0,1.0
dark00H,MrJasonMason,Undirected,0.5,0.5
dark00H,shane_4_us,Undirected,1.0,1.0
dark00H,Comfortable_Spend436,Undirected,1.0,1.0
dark00H,KingofTrilobites123,Undirected,0.3333333333333333,0.3333333333333333
dark00H,ABCecy,Undirected,1.0,1.0
dark00H,Apollo_Delphi,Undirected,0.5,0.5
dark00H,Alternative-Dare-601,Undirected,1.0,1.0
dark00H,Witty-Savings-2048,Undirected,1.0,1.0
dark00H,SecretBiscotti8128,Undirected,0.5,0.5
dark00H,adilbuilds,Undirected,0.25,0.25
dark00H,Narrow_Guava_6239,Undirected,0.5,0.5
dark00H,Particular_Log_3594,Undirected,0.25,0.25
dark00H,Able_Ad_4891,Undirected,1.0,1.0
dark00H,itsamefas,Undirected,1.0,1.0
dark00H,CosmeticChemistPro,Undirected,1.0,1.0
dark00H,Hamdan-mohamed,Undirected,1.0,1.0
dark00H,SillyPassion7773,Undirected,1.0,1.0
dark00H,That-Flamingo9866,Undirected,1.0,1.0
dark00H,No_Newspaper_2914,Undirected,1.0,1.0
dark00H,Sad_Recognition_6037,Undirected,1.0,1.0
dark00H,DarkShadow13206,Undirected,1.0,1.0
dark00H,introvertaltsakki,Undirected,1.0,1.0
dark00H,Jealous-Ad-4838,Undirected,1.0,1.0
dark00H,PandoraHadess,Undirected,1.0,1.0
dark00H,Weird-Noise-180,Undirected,1.0,1.0
dark00H,Financial_Smile4143,Undirected,0.25,0.25
dark00H,ElkNational9973,Undirected,1.0,1.0
dark00H,Colei_the_weird,Undirected,1.0,1.0
dark00H,isaboobers,Undirected,1.0,1.0
dark00H,Ok-Divide4719,Undirected,0.5,0.5
dark00H,LofiOcean131,Undirected,1.0,1.0
dark00H,Apprehensive-Cut9959,Undirected,1.0,1.0
dark00H,Pinkblushdiva,Undirected,0.5,0.5
dark00H,Ridussey,Undirected,1.0,1.0
dark00H,Away-Lavishness-3805,Undirected,1.0,1.0
dark00H,winter_in_eden,Undirected,1.0,1.0
dark00H,Asinead666,Undirected,1.0,1.0
dark00H,SnooOwls4954,Undirected,1.0,1.0
dark00H,Margiethecat,Undirected,1.0,1.0
dark00H,Able_Compote6571,Undirected,0.25,0.25
dark00H,pickl3dguava,Undirected,1.0,1.0
dark00H,CopiousCool,Undirected,0.3333333333333333,0.3333333333333333
dark00H,butterflyfrenchfry,Undirected,1.0,1.0
dark00H,Effective_Nothing519,Undirected,1.0,1.0
dark00H,Kekeegan,Undirected,1.0,1.0
dark00H,aym0_0n,Undirected,1.0,1.0
dark00H,Beneficial-Network91,Undirected,0.5,0.5
dark00H,tyuptyupolpolp,Undirected,0.5,0.5
dark00H,Hopeful_Worth315,Undirected,1.0,1.0
dark00H,palilibre,Undirected,0.5,0.5
dark00H,VISlONSOFALIFE,Undirected,1.0,1.0
dark00H,Sp1dderxyz,Undirected,1.0,1.0
dark00H,cats_and_coffee15,Undirected,1.0,1.0
dark00H,Ambitious-Narwhal158,Undirected,0.5,0.5
dark00H,peachemistry,Undirected,1.0,1.0
dark00H,thatsjustarandomname,Undirected,1.0,1.0
dark00H,Akram-Brahimi,Undirected,0.5,0.5
dark00H,Sea_Banana882,Undirected,0.5,0.5
dark00H,m7mdhassballa,Undirected,1.0,1.0
dark00H,Fantastic_Bag1560,Undirected,1.0,1.0
dark00H,HuckleberryFuzzy918,Undirected,1.0,1.0
dark00H,ResolutionDull5054,Undirected,1.0,1.0
dark00H,VanillaAdventurous74,Undirected,1.0,1.0
dark00H,TheAlphaKiller17,Undirected,1.0,1.0
dark00H,doctormelody18,Undirected,1.0,1.0
Altruistic_You9489,Nervous-Savings2251,Undirected,1.0,1.0
Altruistic_You9489,KnowTheTruthMatters,Undirected,0.25,0.25
Altruistic_You9489,roxi3smiles,Undirected,1.0,1.0
Altruistic_You9489,KingofTrilobites123,Undirected,0.3333333333333333,0.3333333333333333
Altruistic_You9489,ThrovvQuestionsAway,Undirected,1.0,1.0
Altruistic_You9489,safemath,Undirected,0.5,0.5
Altruistic_You9489,CosmiicBrowni,Undirected,1.0,1.0
Altruistic_You9489,ShedSoManyTears4Gaza,Undirected,1.0,1.0
Altruistic_You9489,Enough_Credit_8199,Undirected,0.5,0.5
Altruistic_You9489,urek__mazino_4444,Undirected,1.0,1.0
Altruistic_You9489,shladvic,Undirected,1.0,1.0
Altruistic_You9489,littleeeloveee,Undirected,1.0,1.0
Altruistic_You9489,CryingInTheGrass,Undirected,1.0,1.0
Altruistic_You9489,tyuptyupolpolp,Undirected,0.5,0.5
Altruistic_You9489,walkyslaysh,Undirected,1.0,1.0
Altruistic_You9489,hanandmeow,Undirected,1.0,1.0
Altruistic_You9489,KrackalackinKraken,Undirected,1.0,1.0
Altruistic_You9489,SystemNo524,Undirected,1.0,1.0
Altruistic_You9489,Altruistic-Look6136,Undirected,1.0,1.0
Altruistic_You9489,Accomplished-Low9635,Undirected,1.0,1.0
Altruistic_You9489,Forward-Molasses4404,Undirected,1.0,1.0
Altruistic_You9489,Ok_Strawberry_2143,Undirected,0.5,0.5
Altruistic_You9489,Ur_Shado,Undirected,1.0,1.0
Nervous-Savings2251,KnowTheTruthMatters,Undirected,0.25,0.25
Nervous-Savings2251,roxi3smiles,Undirected,1.0,1.0
Nervous-Savings2251,KingofTrilobites123,Undirected,0.3333333333333333,0.3333333333333333
Nervous-Savings2251,ThrovvQuestionsAway,Undirected,1.0,1.0
Nervous-Savings2251,safemath,Undirected,0.5,0.5
Nervous-Savings2251,CosmiicBrowni,Undirected,1.0,1.0
Nervous-Savings2251,ShedSoManyTears4Gaza,Undirected,1.0,1.0
Nervous-Savings2251,Enough_Credit_8199,Undirected,0.5,0.5
Nervous-Savings2251,urek__mazino_4444,Undirected,1.0,1.0
Nervous-Savings2251,shladvic,Undirected,1.0,1.0
Nervous-Savings2251,littleeeloveee,Undirected,1.0,1.0
Nervous-Savings2251,CryingInTheGrass,Undirected,1.0,1.0
Nervous-Savings2251,tyuptyupolpolp,Undirected,0.5,0.5
Nervous-Savings2251,walkyslaysh,Undirected,1.0,1.0
Nervous-Savings2251,hanandmeow,Undirected,1.0,1.0
Nervous-Savings2251,KrackalackinKraken,Undirected,1.0,1.0
Nervous-Savings2251,SystemNo524,Undirected,1.0,1.0
Nervous-Savings2251,Altruistic-Look6136,Undirected,1.0,1.0
Nervous-Savings2251,Accomplished-Low9635,Undirected,1.0,1.0
Nervous-Savings2251,Forward-Molasses4404,Undirected,1.0,1.0
Nervous-Savings2251,Ok_Strawberry_2143,Undirected,0.5,0.5
Nervous-Savings2251,Ur_Shado,Undirected,1.0,1.0
DesignerSkyline01,Accomplished_Cry6108,Undirected,1.0,1.0
DesignerSkyline01,SchemeBoth2169,Undirected,1.0,1.0
DesignerSkyline01,CraftyOpportunity646,Undirected,1.0,1.0
DesignerSkyline01,VolkswagenPanda,Undirected,1.0,1.0
DesignerSkyline01,amotivatedgal,Undirected,1.0,1.0
DesignerSkyline01,Pack_Em_Up,Undirected,1.0,1.0
DesignerSkyline01,Burning-Bush-613,Undirected,0.5,0.5
DesignerSkyline01,SnooOnions4663,Undirected,1.0,1.0
DesignerSkyline01,mar_de_mariposas,Undirected,1.0,1.0
DesignerSkyline01,endingcolonialism,Undirected,0.5,0.5
DesignerSkyline01,KnowTheTruthMatters,Undirected,0.25,0.25
DesignerSkyline01,barb_20,Undirected,1.0,1.0
DesignerSkyline01,Fhlurrhy108,Undirected,1.0,1.0
DesignerSkyline01,antifamarketer,Undirected,1.0,1.0
DesignerSkyline01,MoonGlissades,Undirected,1.0,1.0
DesignerSkyline01,MrJasonMason,Undirected,0.5,0.5
DesignerSkyline01,shane_4_us,Undirected,1.0,1.0
DesignerSkyline01,Comfortable_Spend436,Undirected,1.0,1.0
DesignerSkyline01,KingofTrilobites123,Undirected,0.3333333333333333,0.3333333333333333
DesignerSkyline01,ABCecy,Undirected,1.0,1.0
DesignerSkyline01,Apollo_Delphi,Undirected,0.5,0.5
DesignerSkyline01,Alternative-Dare-601,Undirected,1.0,1.0
DesignerSkyline01,Witty-Savings-2048,Undirected,1.0,1.0
DesignerSkyline01,SecretBiscotti8128,Undirected,0.5,0.5
DesignerSkyline01,adilbuilds,Undirected,0.25,0.25
DesignerSkyline01,Narrow_Guava_6239,Undirected,0.5,0.5
DesignerSkyline01,Particular_Log_3594,Undirected,0.25,0.25
DesignerSkyline01,Able_Ad_4891,Undirected,1.0,1.0
DesignerSkyline01,itsamefas,Undirected,1.0,1.0
DesignerSkyline01,CosmeticChemistPro,Undirected,1.0,1.0
DesignerSkyline01,Hamdan-mohamed,Undirected,1.0,1.0
DesignerSkyline01,SillyPassion7773,Undirected,1.0,1.0
DesignerSkyline01,That-Flamingo9866,Undirected,1.0,1.0
DesignerSkyline01,No_Newspaper_2914,Undirected,1.0,1.0
DesignerSkyline01,Sad_Recognition_6037,Undirected,1.0,1.0
DesignerSkyline01,DarkShadow13206,Undirected,1.0,1.0
DesignerSkyline01,introvertaltsakki,Undirected,1.0,1.0
DesignerSkyline01,Jealous-Ad-4838,Undirected,1.0,1.0
DesignerSkyline01,PandoraHadess,Undirected,1.0,1.0
DesignerSkyline01,Weird-Noise-180,Undirected,1.0,1.0
DesignerSkyline01,Financial_Smile4143,Undirected,0.25,0.25
DesignerSkyline01,ElkNational9973,Undirected,1.0,1.0
DesignerSkyline01,Colei_the_weird,Undirected,1.0,1.0
DesignerSkyline01,isaboobers,Undirected,1.0,1.0
DesignerSkyline01,Ok-Divide4719,Undirected,0.5,0.5
DesignerSkyline01,LofiOcean131,Undirected,1.0,1.0
DesignerSkyline01,Apprehensive-Cut9959,Undirected,1.0,1.0
DesignerSkyline01,Pinkblushdiva,Undirected,0.5,0.5
DesignerSkyline01,Ridussey,Undirected,1.0,1.0
DesignerSkyline01,Away-Lavishness-3805,Undirected,1.0,1.0
DesignerSkyline01,winter_in_eden,Undirected,1.0,1.0
DesignerSkyline01,Asinead666,Undirected,1.0,1.0
DesignerSkyline01,SnooOwls4954,Undirected,1.0,1.0
DesignerSkyline01,Margiethecat,Undirected,1.0,1.0
DesignerSkyline01,Able_Compote6571,Undirected,0.25,0.25
DesignerSkyline01,pickl3dguava,Undirected,1.0,1.0
DesignerSkyline01,CopiousCool,Undirected,0.3333333333333333,0.3333333333333333
DesignerSkyline01,butterflyfrenchfry,Undirected,1.0,1.0
DesignerSkyline01,Effective_Nothing519,Undirected,1.0,1.0
DesignerSkyline01,Kekeegan,Undirected,1.0,1.0
DesignerSkyline01,aym0_0n,Undirected,1.0,1.0
DesignerSkyline01,Beneficial-Network91,Undirected,0.5,0.5
DesignerSkyline01,tyuptyupolpolp,Undirected,0.5,0.5
DesignerSkyline01,Hopeful_Worth315,Undirected,1.0,1.0
DesignerSkyline01,palilibre,Undirected,0.5,0.5
DesignerSkyline01,VISlONSOFALIFE,Undirected,1.0,1.0
DesignerSkyline01,Sp1dderxyz,Undirected,1.0,1.0
DesignerSkyline01,cats_and_coffee15,Undirected,1.0,1.0
DesignerSkyline01,Ambitious-Narwhal158,Undirected,0.5,0.5
DesignerSkyline01,peachemistry,Undirected,1.0,1.0
DesignerSkyline01,thatsjustarandomname,Undirected,1.0,1.0
DesignerSkyline01,Akram-Brahimi,Undirected,0.5,0.5
DesignerSkyline01,Sea_Banana882,Undirected,0.5,0.5
DesignerSkyline01,m7mdhassballa,Undirected,1.0,1.0
DesignerSkyline01,Fantastic_Bag1560,Undirected,1.0,1.0
DesignerSkyline01,HuckleberryFuzzy918,Undirected,1.0,1.0
DesignerSkyline01,ResolutionDull5054,Undirected,1.0,1.0
DesignerSkyline01,VanillaAdventurous74,Undirected,1.0,1.0
DesignerSkyline01,TheAlphaKiller17,Undirected,1.0,1.0
DesignerSkyline01,doctormelody18,Undirected,1.0,1.0
Accomplished_Cry6108,SchemeBoth2169,Undirected,1.0,1.0
Accomplished_Cry6108,CraftyOpportunity646,Undirected,1.0,1.0
Accomplished_Cry6108,VolkswagenPanda,Undirected,1.0,1.0
Accomplished_Cry6108,amotivatedgal,Undirected,1.0,1.0
Accomplished_Cry6108,Pack_Em_Up,Undirected,1.0,1.0
Accomplished_Cry6108,Burning-Bush-613,Undirected,0.5,0.5
Accomplished_Cry6108,SnooOnions4663,Undirected,1.0,1.0
Accomplished_Cry6108,mar_de_mariposas,Undirected,1.0,1.0
Accomplished_Cry6108,endingcolonialism,Undirected,0.5,0.5
Accomplished_Cry6108,KnowTheTruthMatters,Undirected,0.25,0.25
Accomplished_Cry6108,barb_20,Undirected,1.0,1.0
Accomplished_Cry6108,Fhlurrhy108,Undirected,1.0,1.0
Accomplished_Cry6108,antifamarketer,Undirected,1.0,1.0
Accomplished_Cry6108,MoonGlissades,Undirected,1.0,1.0
Accomplished_Cry6108,MrJasonMason,Undirected,0.5,0.5
Accomplished_Cry6108,shane_4_us,Undirected,1.0,1.0
Accomplished_Cry6108,Comfortable_Spend436,Undirected,1.0,1.0
Accomplished_Cry6108,KingofTrilobites123,Undirected,0.3333333333333333,0.3333333333333333
Accomplished_Cry6108,ABCecy,Undirected,1.0,1.0
Accomplished_Cry6108,Apollo_Delphi,Undirected,0.5,0.5
Accomplished_Cry6108,Alternative-Dare-601,Undirected,1.0,1.0
Accomplished_Cry6108,Witty-Savings-2048,Undirected,1.0,1.0
Accomplished_Cry6108,SecretBiscotti8128,Undirected,0.5,0.5
Accomplished_Cry6108,adilbuilds,Undirected,0.25,0.25
Accomplished_Cry6108,Narrow_Guava_6239,Undirected,0.5,0.5
Accomplished_Cry6108,Particular_Log_3594,Undirected,0.25,0.25
Accomplished_Cry6108,Able_Ad_4891,Undirected,1.0,1.0
Accomplished_Cry6108,itsamefas,Undirected,1.0,1.0
Accomplished_Cry6108,CosmeticChemistPro,Undirected,1.0,1.0
Accomplished_Cry6108,Hamdan-mohamed,Undirected,1.0,1.0
Accomplished_Cry6108,SillyPassion7773,Undirected,1.0,1.0
Accomplished_Cry6108,That-Flamingo9866,Undirected,1.0,1.0
Accomplished_Cry6108,No_Newspaper_2914,Undirected,1.0,1.0
Accomplished_Cry6108,Sad_Recognition_6037,Undirected,1.0,1.0
Accomplished_Cry6108,DarkShadow13206,Undirected,1.0,1.0
Accomplished_Cry6108,introvertaltsakki,Undirected,1.0,1.0
Accomplished_Cry6108,Jealous-Ad-4838,Undirected,1.0,1.0
Accomplished_Cry6108,PandoraHadess,Undirected,1.0,1.0
Accomplished_Cry6108,Weird-Noise-180,Undirected,1.0,1.0
Accomplished_Cry6108,Financial_Smile4143,Undirected,0.25,0.25
Accomplished_Cry6108,ElkNational9973,Undirected,1.0,1.0
Accomplished_Cry6108,Colei_the_weird,Undirected,1.0,1.0
Accomplished_Cry6108,isaboobers,Undirected,1.0,1.0
Accomplished_Cry6108,Ok-Divide4719,Undirected,0.5,0.5
Accomplished_Cry6108,LofiOcean131,Undirected,1.0,1.0
Accomplished_Cry6108,Apprehensive-Cut9959,Undirected,1.0,1.0
Accomplished_Cry6108,Pinkblushdiva,Undirected,0.5,0.5
Accomplished_Cry6108,Ridussey,Undirected,1.0,1.0
Accomplished_Cry6108,Away-Lavishness-3805,Undirected,1.0,1.0
Accomplished_Cry6108,winter_in_eden,Undirected,1.0,1.0
Accomplished_Cry6108,Asinead666,Undirected,1.0,1.0
Accomplished_Cry6108,SnooOwls4954,Undirected,1.0,1.0
Accomplished_Cry6108,Margiethecat,Undirected,1.0,1.0
Accomplished_Cry6108,Able_Compote6571,Undirected,0.25,0.25
Accomplished_Cry6108,pickl3dguava,Undirected,1.0,1.0
Accomplished_Cry6108,CopiousCool,Undirected,0.3333333333333333,0.3333333333333333
Accomplished_Cry6108,butterflyfrenchfry,Undirected,1.0,1.0
Accomplished_Cry6108,Effective_Nothing519,Undirected,1.0,1.0
Accomplished_Cry6108,Kekeegan,Undirected,1.0,1.0
Accomplished_Cry6108,aym0_0n,Undirected,1.0,1.0
Accomplished_Cry6108,Beneficial-Network91,Undirected,0.5,0.5
Accomplished_Cry6108,tyuptyupolpolp,Undirected,0.5,0.5
Accomplished_Cry6108,Hopeful_Worth315,Undirected,1.0,1.0
Accomplished_Cry6108,palilibre,Undirected,0.5,0.5
Accomplished_Cry6108,VISlONSOFALIFE,Undirected,1.0,1.0
Accomplished_Cry6108,Sp1dderxyz,Undirected,1.0,1.0
Accomplished_Cry6108,cats_and_coffee15,Undirected,1.0,1.0
Accomplished_Cry6108,Ambitious-Narwhal158,Undirected,0.5,0.5
Accomplished_Cry6108,peachemistry,Undirected,1.0,1.0
Accomplished_Cry6108,thatsjustarandomname,Undirected,1.0,1.0
Accomplished_Cry6108,Akram-Brahimi,Undirected,0.5,0.5
Accomplished_Cry6108,Sea_Banana882,Undirected,0.5,0.5
Accomplished_Cry6108,m7mdhassballa,Undirected,1.0,1.0
Accomplished_Cry6108,Fantastic_Bag1560,Undirected,1.0,1.0
Accomplished_Cry6108,HuckleberryFuzzy918,Undirected,1.0,1.0
Accomplished_Cry6108,ResolutionDull5054,Undirected,1.0,1.0
Accomplished_Cry6108,VanillaAdventurous74,Undirected,1.0,1.0
Accomplished_Cry6108,TheAlphaKiller17,Undirected,1.0,1.0
Accomplished_Cry6108,doctormelody18,Undirected,1.0,1.0
SchemeBoth2169,CraftyOpportunity646,Undirected,1.0,1.0
SchemeBoth2169,VolkswagenPanda,Undirected,1.0,1.0
SchemeBoth2169,amotivatedgal,Undirected,1.0,1.0
SchemeBoth2169,Pack_Em_Up,Undirected,1.0,1.0
SchemeBoth2169,Burning-Bush-613,Undirected,0.5,0.5
SchemeBoth2169,SnooOnions4663,Undirected,1.0,1.0
SchemeBoth2169,mar_de_mariposas,Undirected,1.0,1.0
SchemeBoth2169,endingcolonialism,Undirected,0.5,0.5
SchemeBoth2169,KnowTheTruthMatters,Undirected,0.25,0.25
SchemeBoth2169,barb_20,Undirected,1.0,1.0
SchemeBoth2169,Fhlurrhy108,Undirected,1.0,1.0
SchemeBoth2169,antifamarketer,Undirected,1.0,1.0
SchemeBoth2169,MoonGlissades,Undirected,1.0,1.0
SchemeBoth2169,MrJasonMason,Undirected,0.5,0.5
SchemeBoth2169,shane_4_us,Undirected,1.0,1.0
SchemeBoth2169,Comfortable_Spend436,Undirected,1.0,1.0
SchemeBoth2169,KingofTrilobites123,Undirected,0.3333333333333333,0.3333333333333333
SchemeBoth2169,ABCecy,Undirected,1.0,1.0
SchemeBoth2169,Apollo_Delphi,Undirected,0.5,0.5
SchemeBoth2169,Alternative-Dare-601,Undirected,1.0,1.0
SchemeBoth2169,Witty-Savings-2048,Undirected,1.0,1.0
SchemeBoth2169,SecretBiscotti8128,Undirected,0.5,0.5
SchemeBoth2169,adilbuilds,Undirected,0.25,0.25
SchemeBoth2169,Narrow_Guava_6239,Undirected,0.5,0.5
SchemeBoth2169,Particular_Log_3594,Undirected,0.25,0.25
SchemeBoth2169,Able_Ad_4891,Undirected,1.0,1.0
SchemeBoth2169,itsamefas,Undirected,1.0,1.0
SchemeBoth2169,CosmeticChemistPro,Undirected,1.0,1.0
SchemeBoth2169,Hamdan-mohamed,Undirected,1.0,1.0
SchemeBoth2169,SillyPassion7773,Undirected,1.0,1.0
SchemeBoth2169,That-Flamingo9866,Undirected,1.0,1.0
SchemeBoth2169,No_Newspaper_2914,Undirected,1.0,1.0
SchemeBoth2169,Sad_Recognition_6037,Undirected,1.0,1.0
SchemeBoth2169,DarkShadow13206,Undirected,1.0,1.0
SchemeBoth2169,introvertaltsakki,Undirected,1.0,1.0
SchemeBoth2169,Jealous-Ad-4838,Undirected,1.0,1.0
SchemeBoth2169,PandoraHadess,Undirected,1.0,1.0
SchemeBoth2169,Weird-Noise-180,Undirected,1.0,1.0
SchemeBoth2169,Financial_Smile4143,Undirected,0.25,0.25
SchemeBoth2169,ElkNational9973,Undirected,1.0,1.0
SchemeBoth2169,Colei_the_weird,Undirected,1.0,1.0
SchemeBoth2169,isaboobers,Undirected,1.0,1.0
SchemeBoth2169,Ok-Divide4719,Undirected,0.5,0.5
SchemeBoth2169,LofiOcean131,Undirected,1.0,1.0
SchemeBoth2169,Apprehensive-Cut9959,Undirected,1.0,1.0
SchemeBoth2169,Pinkblushdiva,Undirected,0.5,0.5
SchemeBoth2169,Ridussey,Undirected,1.0,1.0
SchemeBoth2169,Away-Lavishness-3805,Undirected,1.0,1.0
SchemeBoth2169,winter_in_eden,Undirected,1.0,1.0
SchemeBoth2169,Asinead666,Undirected,1.0,1.0
SchemeBoth2169,SnooOwls4954,Undirected,1.0,1.0
SchemeBoth2169,Margiethecat,Undirected,1.0,1.0
SchemeBoth2169,Able_Compote6571,Undirected,0.25,0.25
SchemeBoth2169,pickl3dguava,Undirected,1.0,1.0
SchemeBoth2169,CopiousCool,Undirected,0.3333333333333333,0.3333333333333333
SchemeBoth2169,butterflyfrenchfry,Undirected,1.0,1.0
SchemeBoth2169,Effective_Nothing519,Undirected,1.0,1.0
SchemeBoth2169,Kekeegan,Undirected,1.0,1.0
SchemeBoth2169,aym0_0n,Undirected,1.0,1.0
SchemeBoth2169,Beneficial-Network91,Undirected,0.5,0.5
SchemeBoth2169,tyuptyupolpolp,Undirected,0.5,0.5
SchemeBoth2169,Hopeful_Worth315,Undirected,1.0,1.0
SchemeBoth2169,palilibre,Undirected,0.5,0.5
SchemeBoth2169,VISlONSOFALIFE,Undirected,1.0,1.0
SchemeBoth2169,Sp1dderxyz,Undirected,1.0,1.0
SchemeBoth2169,cats_and_coffee15,Undirected,1.0,1.0
SchemeBoth2169,Ambitious-Narwhal158,Undirected,0.5,0.5
SchemeBoth2169,peachemistry,Undirected,1.0,1.0
SchemeBoth2169,thatsjustarandomname,Undirected,1.0,1.0
SchemeBoth2169,Akram-Brahimi,Undirected,0.5,0.5
SchemeBoth2169,Sea_Banana882,Undirected,0.5,0.5
SchemeBoth2169,m7mdhassballa,Undirected,1.0,1.0
SchemeBoth2169,Fantastic_Bag1560,Undirected,1.0,1.0
SchemeBoth2169,HuckleberryFuzzy918,Undirected,1.0,1.0
SchemeBoth2169,ResolutionDull5054,Undirected,1.0,1.0
SchemeBoth2169,VanillaAdventurous74,Undirected,1.0,1.0
SchemeBoth2169,TheAlphaKiller17,Undirected,1.0,1.0
SchemeBoth2169,doctormelody18,Undirected,1.0,1.0
CraftyOpportunity646,VolkswagenPanda,Undirected,1.0,1.0
CraftyOpportunity646,amotivatedgal,Undirected,1.0,1.0
CraftyOpportunity646,Pack_Em_Up,Undirected,1.0,1.0
CraftyOpportunity646,Burning-Bush-613,Undirected,0.5,0.5
CraftyOpportunity646,SnooOnions4663,Undirected,1.0,1.0
CraftyOpportunity646,mar_de_mariposas,Undirected,1.0,1.0
CraftyOpportunity646,endingcolonialism,Undirected,0.5,0.5
CraftyOpportunity646,KnowTheTruthMatters,Undirected,0.25,0.25
CraftyOpportunity646,barb_20,Undirected,1.0,1.0
CraftyOpportunity646,Fhlurrhy108,Undirected,1.0,1.0
CraftyOpportunity646,antifamarketer,Undirected,1.0,1.0
CraftyOpportunity646,MoonGlissades,Undirected,1.0,1.0
CraftyOpportunity646,MrJasonMason,Undirected,0.5,0.5
CraftyOpportunity646,shane_4_us,Undirected,1.0,1.0
CraftyOpportunity646,Comfortable_Spend436,Undirected,1.0,1.0
CraftyOpportunity646,KingofTrilobites123,Undirected,0.3333333333333333,0.3333333333333333
CraftyOpportunity646,ABCecy,Undirected,1.0,1.0
CraftyOpportunity646,Apollo_Delphi,Undirected,0.5,0.5
CraftyOpportunity646,Alternative-Dare-601,Undirected,1.0,1.0
CraftyOpportunity646,Witty-Savings-2048,Undirected,1.0,1.0
CraftyOpportunity646,SecretBiscotti8128,Undirected,0.5,0.5
CraftyOpportunity646,adilbuilds,Undirected,0.25,0.25
CraftyOpportunity646,Narrow_Guava_6239,Undirected,0.5,0.5
CraftyOpportunity646,Particular_Log_3594,Undirected,0.25,0.25
CraftyOpportunity646,Able_Ad_4891,Undirected,1.0,1.0
CraftyOpportunity646,itsamefas,Undirected,1.0,1.0
CraftyOpportunity646,CosmeticChemistPro,Undirected,1.0,1.0
CraftyOpportunity646,Hamdan-mohamed,Undirected,1.0,1.0
CraftyOpportunity646,SillyPassion7773,Undirected,1.0,1.0
CraftyOpportunity646,That-Flamingo9866,Undirected,1.0,1.0
CraftyOpportunity646,No_Newspaper_2914,Undirected,1.0,1.0
CraftyOpportunity646,Sad_Recognition_6037,Undirected,1.0,1.0
CraftyOpportunity646,DarkShadow13206,Undirected,1.0,1.0
CraftyOpportunity646,introvertaltsakki,Undirected,1.0,1.0
CraftyOpportunity646,Jealous-Ad-4838,Undirected,1.0,1.0
CraftyOpportunity646,PandoraHadess,Undirected,1.0,1.0
CraftyOpportunity646,Weird-Noise-180,Undirected,1.0,1.0
CraftyOpportunity646,Financial_Smile4143,Undirected,0.25,0.25
CraftyOpportunity646,ElkNational9973,Undirected,1.0,1.0
CraftyOpportunity646,Colei_the_weird,Undirected,1.0,1.0
CraftyOpportunity646,isaboobers,Undirected,1.0,1.0
CraftyOpportunity646,Ok-Divide4719,Undirected,0.5,0.5
CraftyOpportunity646,LofiOcean131,Undirected,1.0,1.0
CraftyOpportunity646,Apprehensive-Cut9959,Undirected,1.0,1.0
CraftyOpportunity646,Pinkblushdiva,Undirected,0.5,0.5
CraftyOpportunity646,Ridussey,Undirected,1.0,1.0
CraftyOpportunity646,Away-Lavishness-3805,Undirected,1.0,1.0
CraftyOpportunity646,winter_in_eden,Undirected,1.0,1.0
CraftyOpportunity646,Asinead666,Undirected,1.0,1.0
CraftyOpportunity646,SnooOwls4954,Undirected,1.0,1.0
CraftyOpportunity646,Margiethecat,Undirected,1.0,1.0
CraftyOpportunity646,Able_Compote6571,Undirected,0.25,0.25
CraftyOpportunity646,pickl3dguava,Undirected,1.0,1.0
CraftyOpportunity646,CopiousCool,Undirected,0.3333333333333333,0.3333333333333333
CraftyOpportunity646,butterflyfrenchfry,Undirected,1.0,1.0
CraftyOpportunity646,Effective_Nothing519,Undirected,1.0,1.0
CraftyOpportunity646,Kekeegan,Undirected,1.0,1.0
CraftyOpportunity646,aym0_0n,Undirected,1.0,1.0
CraftyOpportunity646,Beneficial-Network91,Undirected,0.5,0.5
CraftyOpportunity646,tyuptyupolpolp,Undirected,0.5,0.5
CraftyOpportunity646,Hopeful_Worth315,Undirected,1.0,1.0
CraftyOpportunity646,palilibre,Undirected,0.5,0.5
CraftyOpportunity646,VISlONSOFALIFE,Undirected,1.0,1.0
CraftyOpportunity646,Sp1dderxyz,Undirected,1.0,1.0
CraftyOpportunity646,cats_and_coffee15,Undirected,1.0,1.0
CraftyOpportunity646,Ambitious-Narwhal158,Undirected,0.5,0.5
CraftyOpportunity646,peachemistry,Undirected,1.0,1.0
CraftyOpportunity646,thatsjustarandomname,Undirected,1.0,1.0
CraftyOpportunity646,Akram-Brahimi,Undirected,0.5,0.5
CraftyOpportunity646,Sea_Banana882,Undirected,0.5,0.5
CraftyOpportunity646,m7mdhassballa,Undirected,1.0,1.0
CraftyOpportunity646,Fantastic_Bag1560,Undirected,1.0,1.0
CraftyOpportunity646,HuckleberryFuzzy918,Undirected,1.0,1.0
CraftyOpportunity646,ResolutionDull5054,Undirected,1.0,1.0
CraftyOpportunity646,VanillaAdventurous74,Undirected,1.0,1.0
CraftyOpportunity646,TheAlphaKiller17,Undirected,1.0,1.0
CraftyOpportunity646,doctormelody18,Undirected,1.0,1.0
VolkswagenPanda,amotivatedgal,Undirected,1.0,1.0
VolkswagenPanda,Pack_Em_Up,Undirected,1.0,1.0
VolkswagenPanda,Burning-Bush-613,Undirected,0.5,0.5
VolkswagenPanda,SnooOnions4663,Undirected,1.0,1.0
VolkswagenPanda,mar_de_mariposas,Undirected,1.0,1.0
VolkswagenPanda,endingcolonialism,Undirected,0.5,0.5
VolkswagenPanda,KnowTheTruthMatters,Undirected,0.25,0.25
VolkswagenPanda,barb_20,Undirected,1.0,1.0
VolkswagenPanda,Fhlurrhy108,Undirected,1.0,1.0
VolkswagenPanda,antifamarketer,Undirected,1.0,1.0
VolkswagenPanda,MoonGlissades,Undirected,1.0,1.0
VolkswagenPanda,MrJasonMason,Undirected,0.5,0.5
VolkswagenPanda,shane_4_us,Undirected,1.0,1.0
VolkswagenPanda,Comfortable_Spend436,Undirected,1.0,1.0
VolkswagenPanda,KingofTrilobites123,Undirected,0.3333333333333333,0.3333333333333333
VolkswagenPanda,ABCecy,Undirected,1.0,1.0
VolkswagenPanda,Apollo_Delphi,Undirected,0.5,0.5
VolkswagenPanda,Alternative-Dare-601,Undirected,1.0,1.0
VolkswagenPanda,Witty-Savings-2048,Undirected,1.0,1.0
VolkswagenPanda,SecretBiscotti8128,Undirected,0.5,0.5
VolkswagenPanda,adilbuilds,Undirected,0.25,0.25
VolkswagenPanda,Narrow_Guava_6239,Undirected,0.5,0.5
VolkswagenPanda,Particular_Log_3594,Undirected,0.25,0.25
VolkswagenPanda,Able_Ad_4891,Undirected,1.0,1.0
VolkswagenPanda,itsamefas,Undirected,1.0,1.0
VolkswagenPanda,CosmeticChemistPro,Undirected,1.0,1.0
VolkswagenPanda,Hamdan-mohamed,Undirected,1.0,1.0
VolkswagenPanda,SillyPassion7773,Undirected,1.0,1.0
VolkswagenPanda,That-Flamingo9866,Undirected,1.0,1.0
VolkswagenPanda,No_Newspaper_2914,Undirected,1.0,1.0
VolkswagenPanda,Sad_Recognition_6037,Undirected,1.0,1.0
VolkswagenPanda,DarkShadow13206,Undirected,1.0,1.0
VolkswagenPanda,introvertaltsakki,Undirected,1.0,1.0
VolkswagenPanda,Jealous-Ad-4838,Undirected,1.0,1.0
VolkswagenPanda,PandoraHadess,Undirected,1.0,1.0
VolkswagenPanda,Weird-Noise-180,Undirected,1.0,1.0
VolkswagenPanda,Financial_Smile4143,Undirected,0.25,0.25
VolkswagenPanda,ElkNational9973,Undirected,1.0,1.0
VolkswagenPanda,Colei_the_weird,Undirected,1.0,1.0
VolkswagenPanda,isaboobers,Undirected,1.0,1.0
VolkswagenPanda,Ok-Divide4719,Undirected,0.5,0.5
VolkswagenPanda,LofiOcean131,Undirected,1.0,1.0
VolkswagenPanda,Apprehensive-Cut9959,Undirected,1.0,1.0
VolkswagenPanda,Pinkblushdiva,Undirected,0.5,0.5
VolkswagenPanda,Ridussey,Undirected,1.0,1.0
VolkswagenPanda,Away-Lavishness-3805,Undirected,1.0,1.0
VolkswagenPanda,winter_in_eden,Undirected,1.0,1.0
VolkswagenPanda,Asinead666,Undirected,1.0,1.0
VolkswagenPanda,SnooOwls4954,Undirected,1.0,1.0
VolkswagenPanda,Margiethecat,Undirected,1.0,1.0
VolkswagenPanda,Able_Compote6571,Undirected,0.25,0.25
VolkswagenPanda,pickl3dguava,Undirected,1.0,1.0
VolkswagenPanda,CopiousCool,Undirected,0.3333333333333333,0.3333333333333333
VolkswagenPanda,butterflyfrenchfry,Undirected,1.0,1.0
VolkswagenPanda,Effective_Nothing519,Undirected,1.0,1.0
VolkswagenPanda,Kekeegan,Undirected,1.0,1.0
VolkswagenPanda,aym0_0n,Undirected,1.0,1.0
VolkswagenPanda,Beneficial-Network91,Undirected,0.5,0.5
VolkswagenPanda,tyuptyupolpolp,Undirected,0.5,0.5
VolkswagenPanda,Hopeful_Worth315,Undirected,1.0,1.0
VolkswagenPanda,palilibre,Undirected,0.5,0.5
VolkswagenPanda,VISlONSOFALIFE,Undirected,1.0,1.0
VolkswagenPanda,Sp1dderxyz,Undirected,1.0,1.0
VolkswagenPanda,cats_and_coffee15,Undirected,1.0,1.0
VolkswagenPanda,Ambitious-Narwhal158,Undirected,0.5,0.5
VolkswagenPanda,peachemistry,Undirected,1.0,1.0
VolkswagenPanda,thatsjustarandomname,Undirected,1.0,1.0
VolkswagenPanda,Akram-Brahimi,Undirected,0.5,0.5
VolkswagenPanda,Sea_Banana882,Undirected,0.5,0.5
VolkswagenPanda,m7mdhassballa,Undirected,1.0,1.0
VolkswagenPanda,Fantastic_Bag1560,Undirected,1.0,1.0
VolkswagenPanda,HuckleberryFuzzy918,Undirected,1.0,1.0
VolkswagenPanda,ResolutionDull5054,Undirected,1.0,1.0
VolkswagenPanda,VanillaAdventurous74,Undirected,1.0,1.0
VolkswagenPanda,TheAlphaKiller17,Undirected,1.0,1.0
VolkswagenPanda,doctormelody18,Undirected,1.0,1.0
Imaginary-Hold5898,endingcolonialism,Undirected,0.5,0.5
Imaginary-Hold5898,KnowTheTruthMatters,Undirected,0.25,0.25
Imaginary-Hold5898,Pepperina_G,Undirected,1.0,1.0
Imaginary-Hold5898,Dear-Boot4077,Undirected,1.0,1.0
Imaginary-Hold5898,KingofTrilobites123,Undirected,0.3333333333333333,0.3333333333333333
Imaginary-Hold5898,ReachZestyclose,Undirected,1.0,1.0
Imaginary-Hold5898,Ok-Following6886,Undirected,1.0,1.0
Imaginary-Hold5898,adilbuilds,Undirected,0.25,0.25
Imaginary-Hold5898,pumpkinzh,Undirected,0.25,0.25
Imaginary-Hold5898,Songmorning,Undirected,1.0,1.0
Imaginary-Hold5898,Plane-Imagination593,Undirected,1.0,1.0
Imaginary-Hold5898,safemath,Undirected,0.5,0.5
Imaginary-Hold5898,Particular_Log_3594,Undirected,0.25,0.25
Imaginary-Hold5898,chopstickemup,Undirected,1.0,1.0
Imaginary-Hold5898,carTot254,Undirected,1.0,1.0
Imaginary-Hold5898,natural_piano1836,Undirected,1.0,1.0
Imaginary-Hold5898,librePali,Undirected,1.0,1.0
Imaginary-Hold5898,ExtHD,Undirected,1.0,1.0
Imaginary-Hold5898,ibrahim_D12,Undirected,1.0,1.0
Imaginary-Hold5898,ConfidenceCareless71,Undirected,1.0,1.0
Imaginary-Hold5898,Enough_Credit_8199,Undirected,0.5,0.5
Imaginary-Hold5898,Miserable-Spinach867,Undirected,1.0,1.0
Imaginary-Hold5898,Big_Fennel2186,Undirected,1.0,1.0
Imaginary-Hold5898,Financial_Smile4143,Undirected,0.25,0.25
Imaginary-Hold5898,jodio_hoestar,Undirected,0.5,0.5
Imaginary-Hold5898,Pinkblushdiva,Undirected,0.5,0.5
Imaginary-Hold5898,Able_Compote6571,Undirected,0.25,0.25
Imaginary-Hold5898,CopiousCool,Undirected,0.3333333333333333,0.3333333333333333
Imaginary-Hold5898,Squidieyy,Undirected,1.0,1.0
Imaginary-Hold5898,palilibre,Undirected,0.5,0.5
Imaginary-Hold5898,Responsible-Term4482,Undirected,1.0,1.0
Imaginary-Hold5898,Unfair_Enthusiasm696,Undirected,1.0,1.0
Imaginary-Hold5898,Ok-Bicycle-12345,Undirected,1.0,1.0
Imaginary-Hold5898,ComfortableJello508,Undirected,1.0,1.0
Imaginary-Hold5898,FlabbyShabby,Undirected,1.0,1.0
Imaginary-Hold5898,Justarandomguy-fuck,Undirected,1.0,1.0
Imaginary-Hold5898,Late-Test2209,Undirected,1.0,1.0
Imaginary-Hold5898,ElectricalChance3664,Undirected,0.3333333333333333,0.3333333333333333
Imaginary-Hold5898,MrLabbrow,Undirected,1.0,1.0
Imaginary-Hold5898,Sea_Banana882,Undirected,0.5,0.5
Imaginary-Hold5898,CatacaX,Undirected,1.0,1.0
Imaginary-Hold5898,TonkaMaze,Undirected,1.0,1.0
Imaginary-Hold5898,J3ssM,Undirected,1.0,1.0
Imaginary-Hold5898,Early_Bad_,Undirected,1.0,1.0
Imaginary-Hold5898,abenites99,Undirected,1.0,1.0
Imaginary-Hold5898,Zealousideal-Item607,Undirected,0.5,0.5
Imaginary-Hold5898,NewPatron-St,Undirected,1.0,1.0
Imaginary-Hold5898,ChangePrestigious702,Undirected,1.0,1.0
Imaginary-Hold5898,Moth_Man_68,Undirected,1.0,1.0
Imaginary-Hold5898,No_Snow2245,Undirected,1.0,1.0
Imaginary-Hold5898,Perfect-Parking1536,Undirected,1.0,1.0
Imaginary-Hold5898,Ok_Somewhere9687,Undirected,1.0,1.0
Imaginary-Hold5898,CrossingVoid,Undirected,1.0,1.0
Imaginary-Hold5898,Icy_Giraffe3903,Undirected,1.0,1.0
Imaginary-Hold5898,No_Degree3814,Undirected,1.0,1.0
Relative-Chain73,MagnusRottcodd,Undirected,1.0,1.0
Relative-Chain73,Nomogg,Undirected,0.25,0.25
Relative-Chain73,elifshafakenthusiast,Undirected,1.0,1.0
Relative-Chain73,yanonce,Undirected,1.0,1.0
Relative-Chain73,kamotos,Undirected,1.0,1.0
Relative-Chain73,Apollo_Delphi,Undirected,0.5,0.5
Relative-Chain73,pumpkinzh,Undirected,0.25,0.25
Relative-Chain73,Particular_Log_3594,Undirected,0.25,0.25
Relative-Chain73,dramaqueen09,Undirected,1.0,1.0
Relative-Chain73,Novel_Bass6032,Undirected,1.0,1.0
Relative-Chain73,Able_Compote6571,Undirected,0.25,0.25
Relative-Chain73,comrade-sunflower,Undirected,1.0,1.0
Relative-Chain73,Ambitious-Narwhal158,Undirected,0.5,0.5
Relative-Chain73,GermanLetsKotz,Undirected,1.0,1.0
Relative-Chain73,tallbigbear,Undirected,1.0,1.0
Practical_Chef_7897,KnowTheTruthMatters,Undirected,0.2857142857142857,0.2857142857142857
Practical_Chef_7897,Nomogg,Undirected,0.2857142857142857,0.2857142857142857
Practical_Chef_7897,adilbuilds,Undirected,0.5,0.5
Practical_Chef_7897,pumpkinzh,Undirected,0.5,0.5
Practical_Chef_7897,Particular_Log_3594,Undirected,0.5,0.5
Practical_Chef_7897,jodio_hoestar,Undirected,0.4,0.4
Practical_Chef_7897,Able_Compote6571,Undirected,0.2857142857142857,0.2857142857142857
Practical_Chef_7897,CopiousCool,Undirected,0.3333333333333333,0.3333333333333333
Practical_Chef_7897,Wolf4612,Undirected,0.4,0.4
Practical_Chef_7897,ElectricalChance3664,Undirected,0.3333333333333333,0.3333333333333333
amotivatedgal,Pack_Em_Up,Undirected,1.0,1.0
amotivatedgal,Burning-Bush-613,Undirected,0.5,0.5
amotivatedgal,SnooOnions4663,Undirected,1.0,1.0
amotivatedgal,mar_de_mariposas,Undirected,1.0,1.0
amotivatedgal,endingcolonialism,Undirected,0.5,0.5
amotivatedgal,KnowTheTruthMatters,Undirected,0.25,0.25
amotivatedgal,barb_20,Undirected,1.0,1.0
amotivatedgal,Fhlurrhy108,Undirected,1.0,1.0
amotivatedgal,antifamarketer,Undirected,1.0,1.0
amotivatedgal,MoonGlissades,Undirected,1.0,1.0
amotivatedgal,MrJasonMason,Undirected,0.5,0.5
amotivatedgal,shane_4_us,Undirected,1.0,1.0
amotivatedgal,Comfortable_Spend436,Undirected,1.0,1.0
amotivatedgal,KingofTrilobites123,Undirected,0.3333333333333333,0.3333333333333333
amotivatedgal,ABCecy,Undirected,1.0,1.0
amotivatedgal,Apollo_Delphi,Undirected,0.5,0.5
amotivatedgal,Alternative-Dare-601,Undirected,1.0,1.0
amotivatedgal,Witty-Savings-2048,Undirected,1.0,1.0
amotivatedgal,SecretBiscotti8128,Undirected,0.5,0.5
amotivatedgal,adilbuilds,Undirected,0.25,0.25
amotivatedgal,Narrow_Guava_6239,Undirected,0.5,0.5
amotivatedgal,Particular_Log_3594,Undirected,0.25,0.25
amotivatedgal,Able_Ad_4891,Undirected,1.0,1.0
amotivatedgal,itsamefas,Undirected,1.0,1.0
amotivatedgal,CosmeticChemistPro,Undirected,1.0,1.0
amotivatedgal,Hamdan-mohamed,Undirected,1.0,1.0
amotivatedgal,SillyPassion7773,Undirected,1.0,1.0
amotivatedgal,That-Flamingo9866,Undirected,1.0,1.0
amotivatedgal,No_Newspaper_2914,Undirected,1.0,1.0
amotivatedgal,Sad_Recognition_6037,Undirected,1.0,1.0
amotivatedgal,DarkShadow13206,Undirected,1.0,1.0
amotivatedgal,introvertaltsakki,Undirected,1.0,1.0
amotivatedgal,Jealous-Ad-4838,Undirected,1.0,1.0
amotivatedgal,PandoraHadess,Undirected,1.0,1.0
amotivatedgal,Weird-Noise-180,Undirected,1.0,1.0
amotivatedgal,Financial_Smile4143,Undirected,0.25,0.25
amotivatedgal,ElkNational9973,Undirected,1.0,1.0
amotivatedgal,Colei_the_weird,Undirected,1.0,1.0
amotivatedgal,isaboobers,Undirected,1.0,1.0
amotivatedgal,Ok-Divide4719,Undirected,0.5,0.5
amotivatedgal,LofiOcean131,Undirected,1.0,1.0
amotivatedgal,Apprehensive-Cut9959,Undirected,1.0,1.0
amotivatedgal,Pinkblushdiva,Undirected,0.5,0.5
amotivatedgal,Ridussey,Undirected,1.0,1.0
amotivatedgal,Away-Lavishness-3805,Undirected,1.0,1.0
amotivatedgal,winter_in_eden,Undirected,1.0,1.0
amotivatedgal,Asinead666,Undirected,1.0,1.0
amotivatedgal,SnooOwls4954,Undirected,1.0,1.0
amotivatedgal,Margiethecat,Undirected,1.0,1.0
amotivatedgal,Able_Compote6571,Undirected,0.25,0.25
amotivatedgal,pickl3dguava,Undirected,1.0,1.0
amotivatedgal,CopiousCool,Undirected,0.3333333333333333,0.3333333333333333
amotivatedgal,butterflyfrenchfry,Undirected,1.0,1.0
amotivatedgal,Effective_Nothing519,Undirected,1.0,1.0
amotivatedgal,Kekeegan,Undirected,1.0,1.0
amotivatedgal,aym0_0n,Undirected,1.0,1.0
amotivatedgal,Beneficial-Network91,Undirected,0.5,0.5
amotivatedgal,tyuptyupolpolp,Undirected,0.5,0.5
amotivatedgal,Hopeful_Worth315,Undirected,1.0,1.0
amotivatedgal,palilibre,Undirected,0.5,0.5
amotivatedgal,VISlONSOFALIFE,Undirected,1.0,1.0
amotivatedgal,Sp1dderxyz,Undirected,1.0,1.0
amotivatedgal,cats_and_coffee15,Undirected,1.0,1.0
amotivatedgal,Ambitious-Narwhal158,Undirected,0.5,0.5
amotivatedgal,peachemistry,Undirected,1.0,1.0
amotivatedgal,thatsjustarandomname,Undirected,1.0,1.0
amotivatedgal,Akram-Brahimi,Undirected,0.5,0.5
amotivatedgal,Sea_Banana882,Undirected,0.5,0.5
amotivatedgal,m7mdhassballa,Undirected,1.0,1.0
amotivatedgal,Fantastic_Bag1560,Undirected,1.0,1.0
amotivatedgal,HuckleberryFuzzy918,Undirected,1.0,1.0
amotivatedgal,ResolutionDull5054,Undirected,1.0,1.0
amotivatedgal,VanillaAdventurous74,Undirected,1.0,1.0
amotivatedgal,TheAlphaKiller17,Undirected,1.0,1.0
amotivatedgal,doctormelody18,Undirected,1.0,1.0
Pack_Em_Up,Burning-Bush-613,Undirected,0.5,0.5
Pack_Em_Up,SnooOnions4663,Undirected,1.0,1.0
Pack_Em_Up,mar_de_mariposas,Undirected,1.0,1.0
Pack_Em_Up,endingcolonialism,Undirected,0.5,0.5
Pack_Em_Up,KnowTheTruthMatters,Undirected,0.25,0.25
Pack_Em_Up,barb_20,Undirected,1.0,1.0
Pack_Em_Up,Fhlurrhy108,Undirected,1.0,1.0
Pack_Em_Up,antifamarketer,Undirected,1.0,1.0
Pack_Em_Up,MoonGlissades,Undirected,1.0,1.0
Pack_Em_Up,MrJasonMason,Undirected,0.5,0.5
Pack_Em_Up,shane_4_us,Undirected,1.0,1.0
Pack_Em_Up,Comfortable_Spend436,Undirected,1.0,1.0
Pack_Em_Up,KingofTrilobites123,Undirected,0.3333333333333333,0.3333333333333333
Pack_Em_Up,ABCecy,Undirected,1.0,1.0
Pack_Em_Up,Apollo_Delphi,Undirected,0.5,0.5
Pack_Em_Up,Alternative-Dare-601,Undirected,1.0,1.0
Pack_Em_Up,Witty-Savings-2048,Undirected,1.0,1.0
Pack_Em_Up,SecretBiscotti8128,Undirected,0.5,0.5
Pack_Em_Up,adilbuilds,Undirected,0.25,0.25
Pack_Em_Up,Narrow_Guava_6239,Undirected,0.5,0.5
Pack_Em_Up,Particular_Log_3594,Undirected,0.25,0.25
Pack_Em_Up,Able_Ad_4891,Undirected,1.0,1.0
Pack_Em_Up,itsamefas,Undirected,1.0,1.0
Pack_Em_Up,CosmeticChemistPro,Undirected,1.0,1.0
Pack_Em_Up,Hamdan-mohamed,Undirected,1.0,1.0
Pack_Em_Up,SillyPassion7773,Undirected,1.0,1.0
Pack_Em_Up,That-Flamingo9866,Undirected,1.0,1.0
Pack_Em_Up,No_Newspaper_2914,Undirected,1.0,1.0
Pack_Em_Up,Sad_Recognition_6037,Undirected,1.0,1.0
Pack_Em_Up,DarkShadow13206,Undirected,1.0,1.0
Pack_Em_Up,introvertaltsakki,Undirected,1.0,1.0
Pack_Em_Up,Jealous-Ad-4838,Undirected,1.0,1.0
Pack_Em_Up,PandoraHadess,Undirected,1.0,1.0
Pack_Em_Up,Weird-Noise-180,Undirected,1.0,1.0
Pack_Em_Up,Financial_Smile4143,Undirected,0.25,0.25
Pack_Em_Up,ElkNational9973,Undirected,1.0,1.0
Pack_Em_Up,Colei_the_weird,Undirected,1.0,1.0
Pack_Em_Up,isaboobers,Undirected,1.0,1.0
Pack_Em_Up,Ok-Divide4719,Undirected,0.5,0.5
Pack_Em_Up,LofiOcean131,Undirected,1.0,1.0
Pack_Em_Up,Apprehensive-Cut9959,Undirected,1.0,1.0
Pack_Em_Up,Pinkblushdiva,Undirected,0.5,0.5
Pack_Em_Up,Ridussey,Undirected,1.0,1.0
Pack_Em_Up,Away-Lavishness-3805,Undirected,1.0,1.0
Pack_Em_Up,winter_in_eden,Undirected,1.0,1.0
Pack_Em_Up,Asinead666,Undirected,1.0,1.0
Pack_Em_Up,SnooOwls4954,Undirected,1.0,1.0
Pack_Em_Up,Margiethecat,Undirected,1.0,1.0
Pack_Em_Up,Able_Compote6571,Undirected,0.25,0.25
Pack_Em_Up,pickl3dguava,Undirected,1.0,1.0
Pack_Em_Up,CopiousCool,Undirected,0.3333333333333333,0.3333333333333333
Pack_Em_Up,butterflyfrenchfry,Undirected,1.0,1.0
Pack_Em_Up,Effective_Nothing519,Undirected,1.0,1.0
Pack_Em_Up,Kekeegan,Undirected,1.0,1.0
Pack_Em_Up,aym0_0n,Undirected,1.0,1.0
Pack_Em_Up,Beneficial-Network91,Undirected,0.5,0.5
Pack_Em_Up,tyuptyupolpolp,Undirected,0.5,0.5
Pack_Em_Up,Hopeful_Worth315,Undirected,1.0,1.0
Pack_Em_Up,palilibre,Undirected,0.5,0.5
Pack_Em_Up,VISlONSOFALIFE,Undirected,1.0,1.0
Pack_Em_Up,Sp1dderxyz,Undirected,1.0,1.0
Pack_Em_Up,cats_and_coffee15,Undirected,1.0,1.0
Pack_Em_Up,Ambitious-Narwhal158,Undirected,0.5,0.5
Pack_Em_Up,peachemistry,Undirected,1.0,1.0
Pack_Em_Up,thatsjustarandomname,Undirected,1.0,1.0
Pack_Em_Up,Akram-Brahimi,Undirected,0.5,0.5
Pack_Em_Up,Sea_Banana882,Undirected,0.5,0.5
Pack_Em_Up,m7mdhassballa,Undirected,1.0,1.0
Pack_Em_Up,Fantastic_Bag1560,Undirected,1.0,1.0
Pack_Em_Up,HuckleberryFuzzy918,Undirected,1.0,1.0
Pack_Em_Up,ResolutionDull5054,Undirected,1.0,1.0
Pack_Em_Up,VanillaAdventurous74,Undirected,1.0,1.0
Pack_Em_Up,TheAlphaKiller17,Undirected,1.0,1.0
Pack_Em_Up,doctormelody18,Undirected,1.0,1.0
Burning-Bush-613,SnooOnions4663,Undirected,0.5,0.5
Burning-Bush-613,mar_de_mariposas,Undirected,0.5,0.5
Burning-Bush-613,endingcolonialism,Undirected,0.3333333333333333,0.3333333333333333
Burning-Bush-613,KnowTheTruthMatters,Undirected,0.5,0.5
Burning-Bush-613,barb_20,Undirected,0.5,0.5
Burning-Bush-613,Fhlurrhy108,Undirected,0.5,0.5
Burning-Bush-613,antifamarketer,Undirected,0.5,0.5
Burning-Bush-613,MoonGlissades,Undirected,0.5,0.5
Burning-Bush-613,MrJasonMason,Undirected,1.0,1.0
Burning-Bush-613,shane_4_us,Undirected,0.5,0.5
Burning-Bush-613,Comfortable_Spend436,Undirected,0.5,0.5
Burning-Bush-613,KingofTrilobites123,Undirected,0.25,0.25
Burning-Bush-613,ABCecy,Undirected,0.5,0.5
Burning-Bush-613,Apollo_Delphi,Undirected,0.3333333333333333,0.3333333333333333
Burning-Bush-613,Alternative-Dare-601,Undirected,0.5,0.5
Burning-Bush-613,torbatosecco,Undirected,0.5,0.5
Burning-Bush-613,Witty-Savings-2048,Undirected,0.5,0.5
Burning-Bush-613,SecretBiscotti8128,Undirected,1.0,1.0
Burning-Bush-613,QuranTutor_Muhamad,Undirected,0.5,0.5
Burning-Bush-613,UXUI75,Undirected,0.5,0.5
Burning-Bush-613,librephili,Undirected,0.2857142857142857,0.2857142857142857
Burning-Bush-613,Narrow_Guava_6239,Undirected,0.3333333333333333,0.3333333333333333
Burning-Bush-613,Able_Ad_4891,Undirected,0.5,0.5
Burning-Bush-613,PerspectiveGrand716,Undirected,0.5,0.5
Burning-Bush-613,itsamefas,Undirected,0.5,0.5
Burning-Bush-613,CosmeticChemistPro,Undirected,0.5,0.5
Burning-Bush-613,Hamdan-mohamed,Undirected,0.5,0.5
Burning-Bush-613,Blood11Orange,Undirected,0.5,0.5
Burning-Bush-613,SillyPassion7773,Undirected,0.5,0.5
Burning-Bush-613,That-Flamingo9866,Undirected,0.5,0.5
Burning-Bush-613,No_Newspaper_2914,Undirected,0.5,0.5
Burning-Bush-613,Sad_Recognition_6037,Undirected,0.5,0.5
Burning-Bush-613,DarkShadow13206,Undirected,0.5,0.5
Burning-Bush-613,introvertaltsakki,Undirected,0.5,0.5
Burning-Bush-613,Jealous-Ad-4838,Undirected,0.5,0.5
Burning-Bush-613,PandoraHadess,Undirected,0.5,0.5
Burning-Bush-613,Weird-Noise-180,Undirected,0.5,0.5
Burning-Bush-613,ElkNational9973,Undirected,0.5,0.5
Burning-Bush-613,Colei_the_weird,Undirected,0.5,0.5
Burning-Bush-613,isaboobers,Undirected,0.5,0.5
Burning-Bush-613,weirdgurl24,Undirected,0.5,0.5
Burning-Bush-613,Ok-Divide4719,Undirected,0.3333333333333333,0.3333333333333333
Burning-Bush-613,LofiOcean131,Undirected,0.5,0.5
Burning-Bush-613,Apprehensive-Cut9959,Undirected,0.5,0.5
Burning-Bush-613,Pinkblushdiva,Undirected,0.3333333333333333,0.3333333333333333
Burning-Bush-613,johnsmithoncemore,Undirected,0.3333333333333333,0.3333333333333333
Burning-Bush-613,Dangermouse0214,Undirected,0.5,0.5
Burning-Bush-613,Ridussey,Undirected,0.5,0.5
Burning-Bush-613,Away-Lavishness-3805,Undirected,0.5,0.5
Burning-Bush-613,winter_in_eden,Undirected,0.5,0.5
Burning-Bush-613,Asinead666,Undirected,0.5,0.5
Burning-Bush-613,SnooOwls4954,Undirected,0.5,0.5
Burning-Bush-613,Margiethecat,Undirected,0.5,0.5
Burning-Bush-613,pickl3dguava,Undirected,0.5,0.5
Burning-Bush-613,CopiousCool,Undirected,0.6666666666666666,0.6666666666666666
Burning-Bush-613,butterflyfrenchfry,Undirected,0.5,0.5
Burning-Bush-613,Effective_Nothing519,Undirected,0.5,0.5
Burning-Bush-613,Kekeegan,Undirected,0.5,0.5
Burning-Bush-613,aym0_0n,Undirected,0.5,0.5
Burning-Bush-613,Beneficial-Network91,Undirected,0.3333333333333333,0.3333333333333333
Burning-Bush-613,tyuptyupolpolp,Undirected,0.3333333333333333,0.3333333333333333
Burning-Bush-613,Hopeful_Worth315,Undirected,0.5,0.5
Burning-Bush-613,palilibre,Undirected,0.3333333333333333,0.3333333333333333
Burning-Bush-613,VISlONSOFALIFE,Undirected,0.5,0.5
Burning-Bush-613,Wolf4612,Undirected,0.3333333333333333,0.3333333333333333
Burning-Bush-613,Sp1dderxyz,Undirected,0.5,0.5
Burning-Bush-613,cats_and_coffee15,Undirected,0.5,0.5
Burning-Bush-613,Ambitious-Narwhal158,Undirected,0.3333333333333333,0.3333333333333333
Burning-Bush-613,peachemistry,Undirected,0.5,0.5
Burning-Bush-613,thatsjustarandomname,Undirected,0.5,0.5
Burning-Bush-613,ElectricalChance3664,Undirected,0.25,0.25
Burning-Bush-613,Akram-Brahimi,Undirected,0.3333333333333333,0.3333333333333333
Burning-Bush-613,Sea_Banana882,Undirected,0.3333333333333333,0.3333333333333333
Burning-Bush-613,m7mdhassballa,Undirected,0.5,0.5
Burning-Bush-613,Fantastic_Bag1560,Undirected,0.5,0.5
Burning-Bush-613,HuckleberryFuzzy918,Undirected,0.5,0.5
Burning-Bush-613,ResolutionDull5054,Undirected,0.5,0.5
Burning-Bush-613,Ok_Strawberry_2143,Undirected,0.3333333333333333,0.3333333333333333
Burning-Bush-613,VanillaAdventurous74,Undirected,0.5,0.5
Burning-Bush-613,TheAlphaKiller17,Undirected,0.5,0.5
Burning-Bush-613,venrir,Undirected,0.5,0.5
Burning-Bush-613,doctormelody18,Undirected,0.5,0.5
SnooOnions4663,mar_de_mariposas,Undirected,1.0,1.0
SnooOnions4663,endingcolonialism,Undirected,0.5,0.5
SnooOnions4663,KnowTheTruthMatters,Undirected,0.25,0.25
SnooOnions4663,barb_20,Undirected,1.0,1.0
SnooOnions4663,Fhlurrhy108,Undirected,1.0,1.0
SnooOnions4663,antifamarketer,Undirected,1.0,1.0
SnooOnions4663,MoonGlissades,Undirected,1.0,1.0
SnooOnions4663,MrJasonMason,Undirected,0.5,0.5
SnooOnions4663,shane_4_us,Undirected,1.0,1.0
SnooOnions4663,Comfortable_Spend436,Undirected,1.0,1.0
SnooOnions4663,KingofTrilobites123,Undirected,0.3333333333333333,0.3333333333333333
SnooOnions4663,ABCecy,Undirected,1.0,1.0
SnooOnions4663,Apollo_Delphi,Undirected,0.5,0.5
SnooOnions4663,Alternative-Dare-601,Undirected,1.0,1.0
SnooOnions4663,Witty-Savings-2048,Undirected,1.0,1.0
SnooOnions4663,SecretBiscotti8128,Undirected,0.5,0.5
SnooOnions4663,adilbuilds,Undirected,0.25,0.25
SnooOnions4663,Narrow_Guava_6239,Undirected,0.5,0.5
SnooOnions4663,Particular_Log_3594,Undirected,0.25,0.25
SnooOnions4663,Able_Ad_4891,Undirected,1.0,1.0
SnooOnions4663,itsamefas,Undirected,1.0,1.0
SnooOnions4663,CosmeticChemistPro,Undirected,1.0,1.0
SnooOnions4663,Hamdan-mohamed,Undirected,1.0,1.0
SnooOnions4663,SillyPassion7773,Undirected,1.0,1.0
SnooOnions4663,That-Flamingo9866,Undirected,1.0,1.0
SnooOnions4663,No_Newspaper_2914,Undirected,1.0,1.0
SnooOnions4663,Sad_Recognition_6037,Undirected,1.0,1.0
SnooOnions4663,DarkShadow13206,Undirected,1.0,1.0
SnooOnions4663,introvertaltsakki,Undirected,1.0,1.0
SnooOnions4663,Jealous-Ad-4838,Undirected,1.0,1.0
SnooOnions4663,PandoraHadess,Undirected,1.0,1.0
SnooOnions4663,Weird-Noise-180,Undirected,1.0,1.0
SnooOnions4663,Financial_Smile4143,Undirected,0.25,0.25
SnooOnions4663,ElkNational9973,Undirected,1.0,1.0
SnooOnions4663,Colei_the_weird,Undirected,1.0,1.0
SnooOnions4663,isaboobers,Undirected,1.0,1.0
SnooOnions4663,Ok-Divide4719,Undirected,0.5,0.5
SnooOnions4663,LofiOcean131,Undirected,1.0,1.0
SnooOnions4663,Apprehensive-Cut9959,Undirected,1.0,1.0
SnooOnions4663,Pinkblushdiva,Undirected,0.5,0.5
SnooOnions4663,Ridussey,Undirected,1.0,1.0
SnooOnions4663,Away-Lavishness-3805,Undirected,1.0,1.0
SnooOnions4663,winter_in_eden,Undirected,1.0,1.0
SnooOnions4663,Asinead666,Undirected,1.0,1.0
SnooOnions4663,SnooOwls4954,Undirected,1.0,1.0
SnooOnions4663,Margiethecat,Undirected,1.0,1.0
SnooOnions4663,Able_Compote6571,Undirected,0.25,0.25
SnooOnions4663,pickl3dguava,Undirected,1.0,1.0
SnooOnions4663,CopiousCool,Undirected,0.3333333333333333,0.3333333333333333
SnooOnions4663,butterflyfrenchfry,Undirected,1.0,1.0
SnooOnions4663,Effective_Nothing519,Undirected,1.0,1.0
SnooOnions4663,Kekeegan,Undirected,1.0,1.0
SnooOnions4663,aym0_0n,Undirected,1.0,1.0
SnooOnions4663,Beneficial-Network91,Undirected,0.5,0.5
SnooOnions4663,tyuptyupolpolp,Undirected,0.5,0.5
SnooOnions4663,Hopeful_Worth315,Undirected,1.0,1.0
SnooOnions4663,palilibre,Undirected,0.5,0.5
SnooOnions4663,VISlONSOFALIFE,Undirected,1.0,1.0
SnooOnions4663,Sp1dderxyz,Undirected,1.0,1.0
SnooOnions4663,cats_and_coffee15,Undirected,1.0,1.0
SnooOnions4663,Ambitious-Narwhal158,Undirected,0.5,0.5
SnooOnions4663,peachemistry,Undirected,1.0,1.0
SnooOnions4663,thatsjustarandomname,Undirected,1.0,1.0
SnooOnions4663,Akram-Brahimi,Undirected,0.5,0.5
SnooOnions4663,Sea_Banana882,Undirected,0.5,0.5
SnooOnions4663,m7mdhassballa,Undirected,1.0,1.0
SnooOnions4663,Fantastic_Bag1560,Undirected,1.0,1.0
SnooOnions4663,HuckleberryFuzzy918,Undirected,1.0,1.0
SnooOnions4663,ResolutionDull5054,Undirected,1.0,1.0
SnooOnions4663,VanillaAdventurous74,Undirected,1.0,1.0
SnooOnions4663,TheAlphaKiller17,Undirected,1.0,1.0
SnooOnions4663,doctormelody18,Undirected,1.0,1.0
mar_de_mariposas,endingcolonialism,Undirected,0.5,0.5
mar_de_mariposas,KnowTheTruthMatters,Undirected,0.25,0.25
mar_de_mariposas,barb_20,Undirected,1.0,1.0
mar_de_mariposas,Fhlurrhy108,Undirected,1.0,1.0
mar_de_mariposas,antifamarketer,Undirected,1.0,1.0
mar_de_mariposas,MoonGlissades,Undirected,1.0,1.0
mar_de_mariposas,MrJasonMason,Undirected,0.5,0.5
mar_de_mariposas,shane_4_us,Undirected,1.0,1.0
mar_de_mariposas,Comfortable_Spend436,Undirected,1.0,1.0
mar_de_mariposas,KingofTrilobites123,Undirected,0.3333333333333333,0.3333333333333333
mar_de_mariposas,ABCecy,Undirected,1.0,1.0
mar_de_mariposas,Apollo_Delphi,Undirected,0.5,0.5
mar_de_mariposas,Alternative-Dare-601,Undirected,1.0,1.0
mar_de_mariposas,Witty-Savings-2048,Undirected,1.0,1.0
mar_de_mariposas,SecretBiscotti8128,Undirected,0.5,0.5
mar_de_mariposas,adilbuilds,Undirected,0.25,0.25
mar_de_mariposas,Narrow_Guava_6239,Undirected,0.5,0.5
mar_de_mariposas,Particular_Log_3594,Undirected,0.25,0.25
mar_de_mariposas,Able_Ad_4891,Undirected,1.0,1.0
mar_de_mariposas,itsamefas,Undirected,1.0,1.0
mar_de_mariposas,CosmeticChemistPro,Undirected,1.0,1.0
mar_de_mariposas,Hamdan-mohamed,Undirected,1.0,1.0
mar_de_mariposas,SillyPassion7773,Undirected,1.0,1.0
mar_de_mariposas,That-Flamingo9866,Undirected,1.0,1.0
mar_de_mariposas,No_Newspaper_2914,Undirected,1.0,1.0
mar_de_mariposas,Sad_Recognition_6037,Undirected,1.0,1.0
mar_de_mariposas,DarkShadow13206,Undirected,1.0,1.0
mar_de_mariposas,introvertaltsakki,Undirected,1.0,1.0
mar_de_mariposas,Jealous-Ad-4838,Undirected,1.0,1.0
mar_de_mariposas,PandoraHadess,Undirected,1.0,1.0
mar_de_mariposas,Weird-Noise-180,Undirected,1.0,1.0
mar_de_mariposas,Financial_Smile4143,Undirected,0.25,0.25
mar_de_mariposas,ElkNational9973,Undirected,1.0,1.0
mar_de_mariposas,Colei_the_weird,Undirected,1.0,1.0
mar_de_mariposas,isaboobers,Undirected,1.0,1.0
mar_de_mariposas,Ok-Divide4719,Undirected,0.5,0.5
mar_de_mariposas,LofiOcean131,Undirected,1.0,1.0
mar_de_mariposas,Apprehensive-Cut9959,Undirected,1.0,1.0
mar_de_mariposas,Pinkblushdiva,Undirected,0.5,0.5
mar_de_mariposas,Ridussey,Undirected,1.0,1.0
mar_de_mariposas,Away-Lavishness-3805,Undirected,1.0,1.0
mar_de_mariposas,winter_in_eden,Undirected,1.0,1.0
mar_de_mariposas,Asinead666,Undirected,1.0,1.0
mar_de_mariposas,SnooOwls4954,Undirected,1.0,1.0
mar_de_mariposas,Margiethecat,Undirected,1.0,1.0
mar_de_mariposas,Able_Compote6571,Undirected,0.25,0.25
mar_de_mariposas,pickl3dguava,Undirected,1.0,1.0
mar_de_mariposas,CopiousCool,Undirected,0.3333333333333333,0.3333333333333333
mar_de_mariposas,butterflyfrenchfry,Undirected,1.0,1.0
mar_de_mariposas,Effective_Nothing519,Undirected,1.0,1.0
mar_de_mariposas,Kekeegan,Undirected,1.0,1.0
mar_de_mariposas,aym0_0n,Undirected,1.0,1.0
mar_de_mariposas,Beneficial-Network91,Undirected,0.5,0.5
mar_de_mariposas,tyuptyupolpolp,Undirected,0.5,0.5
mar_de_mariposas,Hopeful_Worth315,Undirected,1.0,1.0
mar_de_mariposas,palilibre,Undirected,0.5,0.5
mar_de_mariposas,VISlONSOFALIFE,Undirected,1.0,1.0
mar_de_mariposas,Sp1dderxyz,Undirected,1.0,1.0
mar_de_mariposas,cats_and_coffee15,Undirected,1.0,1.0
mar_de_mariposas,Ambitious-Narwhal158,Undirected,0.5,0.5
mar_de_mariposas,peachemistry,Undirected,1.0,1.0
mar_de_mariposas,thatsjustarandomname,Undirected,1.0,1.0
mar_de_mariposas,Akram-Brahimi,Undirected,0.5,0.5
mar_de_mariposas,Sea_Banana882,Undirected,0.5,0.5
mar_de_mariposas,m7mdhassballa,Undirected,1.0,1.0
mar_de_mariposas,Fantastic_Bag1560,Undirected,1.0,1.0
mar_de_mariposas,HuckleberryFuzzy918,Undirected,1.0,1.0
mar_de_mariposas,ResolutionDull5054,Undirected,1.0,1.0
mar_de_mariposas,VanillaAdventurous74,Undirected,1.0,1.0
mar_de_mariposas,TheAlphaKiller17,Undirected,1.0,1.0
mar_de_mariposas,doctormelody18,Undirected,1.0,1.0
endingcolonialism,KnowTheTruthMatters,Undirected,0.5,0.5
endingcolonialism,Pepperina_G,Undirected,0.5,0.5
endingcolonialism,barb_20,Undirected,0.5,0.5
endingcolonialism,Fhlurrhy108,Undirected,0.5,0.5
endingcolonialism,antifamarketer,Undirected,0.5,0.5
endingcolonialism,MoonGlissades,Undirected,0.5,0.5
endingcolonialism,Dear-Boot4077,Undirected,0.5,0.5
endingcolonialism,MrJasonMason,Undirected,0.3333333333333333,0.3333333333333333
endingcolonialism,shane_4_us,Undirected,0.5,0.5
endingcolonialism,Comfortable_Spend436,Undirected,0.5,0.5
endingcolonialism,KingofTrilobites123,Undirected,0.6666666666666666,0.6666666666666666
endingcolonialism,ABCecy,Undirected,0.5,0.5
endingcolonialism,Apollo_Delphi,Undirected,0.3333333333333333,0.3333333333333333
endingcolonialism,Alternative-Dare-601,Undirected,0.5,0.5
endingcolonialism,ReachZestyclose,Undirected,0.5,0.5
endingcolonialism,Witty-Savings-2048,Undirected,0.5,0.5
endingcolonialism,Ok-Following6886,Undirected,0.5,0.5
endingcolonialism,SecretBiscotti8128,Undirected,0.3333333333333333,0.3333333333333333
endingcolonialism,adilbuilds,Undirected,0.5,0.5
endingcolonialism,librephili,Undirected,0.2857142857142857,0.2857142857142857
endingcolonialism,Songmorning,Undirected,0.5,0.5
endingcolonialism,Narrow_Guava_6239,Undirected,0.3333333333333333,0.3333333333333333
endingcolonialism,Plane-Imagination593,Undirected,0.5,0.5
endingcolonialism,safemath,Undirected,0.3333333333333333,0.3333333333333333
endingcolonialism,Particular_Log_3594,Undirected,0.5,0.5
endingcolonialism,chopstickemup,Undirected,0.5,0.5
endingcolonialism,Able_Ad_4891,Undirected,0.5,0.5
endingcolonialism,carTot254,Undirected,0.5,0.5
endingcolonialism,itsamefas,Undirected,0.5,0.5
endingcolonialism,CosmeticChemistPro,Undirected,0.5,0.5
endingcolonialism,Hamdan-mohamed,Undirected,0.5,0.5
endingcolonialism,natural_piano1836,Undirected,0.5,0.5
endingcolonialism,SillyPassion7773,Undirected,0.5,0.5
endingcolonialism,librePali,Undirected,0.5,0.5
endingcolonialism,ExtHD,Undirected,0.5,0.5
endingcolonialism,ibrahim_D12,Undirected,0.5,0.5
endingcolonialism,That-Flamingo9866,Undirected,0.5,0.5
endingcolonialism,ConfidenceCareless71,Undirected,0.5,0.5
endingcolonialism,No_Newspaper_2914,Undirected,0.5,0.5
endingcolonialism,Enough_Credit_8199,Undirected,0.3333333333333333,0.3333333333333333
endingcolonialism,Sad_Recognition_6037,Undirected,0.5,0.5
endingcolonialism,DarkShadow13206,Undirected,0.5,0.5
endingcolonialism,Miserable-Spinach867,Undirected,0.5,0.5
endingcolonialism,Big_Fennel2186,Undirected,0.5,0.5
endingcolonialism,introvertaltsakki,Undirected,0.5,0.5
endingcolonialism,Jealous-Ad-4838,Undirected,0.5,0.5
endingcolonialism,PandoraHadess,Undirected,0.5,0.5
endingcolonialism,Weird-Noise-180,Undirected,0.5,0.5
endingcolonialism,Financial_Smile4143,Undirected,0.5,0.5
endingcolonialism,ElkNational9973,Undirected,0.5,0.5
endingcolonialism,jodio_hoestar,Undirected,0.3333333333333333,0.3333333333333333
endingcolonialism,Colei_the_weird,Undirected,0.5,0.5
endingcolonialism,isaboobers,Undirected,0.5,0.5
endingcolonialism,Ok-Divide4719,Undirected,0.3333333333333333,0.3333333333333333
endingcolonialism,LofiOcean131,Undirected,0.5,0.5
endingcolonialism,Apprehensive-Cut9959,Undirected,0.5,0.5
endingcolonialism,Pinkblushdiva,Undirected,1.0,1.0
endingcolonialism,Ridussey,Undirected,0.5,0.5
endingcolonialism,Away-Lavishness-3805,Undirected,0.5,0.5
endingcolonialism,winter_in_eden,Undirected,0.5,0.5
endingcolonialism,Asinead666,Undirected,0.5,0.5
endingcolonialism,SnooOwls4954,Undirected,0.5,0.5
endingcolonialism,Margiethecat,Undirected,0.5,0.5
endingcolonialism,Able_Compote6571,Undirected,0.5,0.5
endingcolonialism,pickl3dguava,Undirected,0.5,0.5
endingcolonialism,CopiousCool,Undirected,0.6666666666666666,0.6666666666666666
endingcolonialism,butterflyfrenchfry,Undirected,0.5,0.5
endingcolonialism,Effective_Nothing519,Undirected,0.5,0.5
endingcolonialism,Kekeegan,Undirected,0.5,0.5
endingcolonialism,aym0_0n,Undirected,0.5,0.5
endingcolonialism,Beneficial-Network91,Undirected,0.3333333333333333,0.3333333333333333
endingcolonialism,Squidieyy,Undirected,0.5,0.5
endingcolonialism,tyuptyupolpolp,Undirected,0.3333333333333333,0.3333333333333333
endingcolonialism,Hopeful_Worth315,Undirected,0.5,0.5
endingcolonialism,palilibre,Undirected,1.0,1.0
endingcolonialism,VISlONSOFALIFE,Undirected,0.5,0.5
endingcolonialism,Sp1dderxyz,Undirected,0.5,0.5
endingcolonialism,Responsible-Term4482,Undirected,0.5,0.5
endingcolonialism,cats_and_coffee15,Undirected,0.5,0.5
endingcolonialism,Ambitious-Narwhal158,Undirected,0.3333333333333333,0.3333333333333333
endingcolonialism,Unfair_Enthusiasm696,Undirected,0.5,0.5
endingcolonialism,peachemistry,Undirected,0.5,0.5
endingcolonialism,Ok-Bicycle-12345,Undirected,0.5,0.5
endingcolonialism,ComfortableJello508,Undirected,0.5,0.5
endingcolonialism,FlabbyShabby,Undirected,0.5,0.5
endingcolonialism,Justarandomguy-fuck,Undirected,0.5,0.5
endingcolonialism,thatsjustarandomname,Undirected,0.5,0.5
endingcolonialism,Late-Test2209,Undirected,0.5,0.5
endingcolonialism,ElectricalChance3664,Undirected,0.25,0.25
endingcolonialism,MrLabbrow,Undirected,0.5,0.5
endingcolonialism,Akram-Brahimi,Undirected,0.3333333333333333,0.3333333333333333
endingcolonialism,Sea_Banana882,Undirected,1.0,1.0
endingcolonialism,CatacaX,Undirected,0.5,0.5
endingcolonialism,TonkaMaze,Undirected,0.5,0.5
endingcolonialism,m7mdhassballa,Undirected,0.5,0.5
endingcolonialism,J3ssM,Undirected,0.5,0.5
endingcolonialism,Early_Bad_,Undirected,0.5,0.5
endingcolonialism,Fantastic_Bag1560,Undirected,0.5,0.5
endingcolonialism,abenites99,Undirected,0.5,0.5
endingcolonialism,Zealousideal-Item607,Undirected,0.3333333333333333,0.3333333333333333
endingcolonialism,NewPatron-St,Undirected,0.5,0.5
endingcolonialism,ChangePrestigious702,Undirected,0.5,0.5
endingcolonialism,Moth_Man_68,Undirected,0.5,0.5
endingcolonialism,No_Snow2245,Undirected,0.5,0.5
endingcolonialism,Perfect-Parking1536,Undirected,0.5,0.5
endingcolonialism,HuckleberryFuzzy918,Undirected,0.5,0.5
endingcolonialism,ResolutionDull5054,Undirected,0.5,0.5
endingcolonialism,Ok_Somewhere9687,Undirected,0.5,0.5
endingcolonialism,VanillaAdventurous74,Undirected,0.5,0.5
endingcolonialism,TheAlphaKiller17,Undirected,0.5,0.5
endingcolonialism,CrossingVoid,Undirected,0.5,0.5
endingcolonialism,Icy_Giraffe3903,Undirected,0.5,0.5
endingcolonialism,doctormelody18,Undirected,0.5,0.5
endingcolonialism,No_Degree3814,Undirected,0.5,0.5
KnowTheTruthMatters,Pepperina_G,Undirected,0.25,0.25
KnowTheTruthMatters,barb_20,Undirected,0.25,0.25
KnowTheTruthMatters,Fhlurrhy108,Undirected,0.25,0.25
KnowTheTruthMatters,antifamarketer,Undirected,0.25,0.25
KnowTheTruthMatters,roxi3smiles,Undirected,0.25,0.25
KnowTheTruthMatters,MoonGlissades,Undirected,0.25,0.25
KnowTheTruthMatters,Dear-Boot4077,Undirected,0.25,0.25
KnowTheTruthMatters,MrJasonMason,Undirected,0.5,0.5
KnowTheTruthMatters,shane_4_us,Undirected,0.25,0.25
KnowTheTruthMatters,Comfortable_Spend436,Undirected,0.25,0.25
KnowTheTruthMatters,KingofTrilobites123,Undirected,0.75,0.75
KnowTheTruthMatters,ABCecy,Undirected,0.25,0.25
KnowTheTruthMatters,ThrovvQuestionsAway,Undirected,0.25,0.25
KnowTheTruthMatters,Alternative-Dare-601,Undirected,0.25,0.25
KnowTheTruthMatters,ReachZestyclose,Undirected,0.25,0.25
KnowTheTruthMatters,torbatosecco,Undirected,0.25,0.25
KnowTheTruthMatters,Witty-Savings-2048,Undirected,0.25,0.25
KnowTheTruthMatters,Ok-Following6886,Undirected,0.25,0.25
KnowTheTruthMatters,SecretBiscotti8128,Undirected,0.5,0.5
KnowTheTruthMatters,adilbuilds,Undirected,0.3333333333333333,0.3333333333333333
KnowTheTruthMatters,QuranTutor_Muhamad,Undirected,0.25,0.25
KnowTheTruthMatters,UXUI75,Undirected,0.25,0.25
KnowTheTruthMatters,librephili,Undirected,0.5714285714285714,0.5714285714285714
KnowTheTruthMatters,Songmorning,Undirected,0.25,0.25
KnowTheTruthMatters,Plane-Imagination593,Undirected,0.25,0.25
KnowTheTruthMatters,safemath,Undirected,0.5,0.5
KnowTheTruthMatters,Particular_Log_3594,Undirected,0.3333333333333333,0.3333333333333333
KnowTheTruthMatters,chopstickemup,Undirected,0.25,0.25
KnowTheTruthMatters,Able_Ad_4891,Undirected,0.25,0.25
KnowTheTruthMatters,PerspectiveGrand716,Undirected,0.25,0.25
KnowTheTruthMatters,CosmiicBrowni,Undirected,0.25,0.25
KnowTheTruthMatters,carTot254,Undirected,0.25,0.25
KnowTheTruthMatters,ShedSoManyTears4Gaza,Undirected,0.25,0.25
KnowTheTruthMatters,itsamefas,Undirected,0.25,0.25
KnowTheTruthMatters,CosmeticChemistPro,Undirected,0.25,0.25
KnowTheTruthMatters,Hamdan-mohamed,Undirected,0.25,0.25
KnowTheTruthMatters,natural_piano1836,Undirected,0.25,0.25
KnowTheTruthMatters,Blood11Orange,Undirected,0.25,0.25
KnowTheTruthMatters,SillyPassion7773,Undirected,0.25,0.25
KnowTheTruthMatters,librePali,Undirected,0.25,0.25
KnowTheTruthMatters,ExtHD,Undirected,0.25,0.25
KnowTheTruthMatters,ibrahim_D12,Undirected,0.25,0.25
KnowTheTruthMatters,That-Flamingo9866,Undirected,0.25,0.25
KnowTheTruthMatters,ConfidenceCareless71,Undirected,0.25,0.25
KnowTheTruthMatters,No_Newspaper_2914,Undirected,0.25,0.25
KnowTheTruthMatters,Enough_Credit_8199,Undirected,0.5,0.5
KnowTheTruthMatters,Sad_Recognition_6037,Undirected,0.25,0.25
KnowTheTruthMatters,DarkShadow13206,Undirected,0.25,0.25
KnowTheTruthMatters,Miserable-Spinach867,Undirected,0.25,0.25
KnowTheTruthMatters,Big_Fennel2186,Undirected,0.25,0.25
KnowTheTruthMatters,introvertaltsakki,Undirected,0.25,0.25
KnowTheTruthMatters,Jealous-Ad-4838,Undirected,0.25,0.25
KnowTheTruthMatters,urek__mazino_4444,Undirected,0.25,0.25
KnowTheTruthMatters,PandoraHadess,Undirected,0.25,0.25
KnowTheTruthMatters,Weird-Noise-180,Undirected,0.25,0.25
KnowTheTruthMatters,Financial_Smile4143,Undirected,0.3333333333333333,0.3333333333333333
KnowTheTruthMatters,ElkNational9973,Undirected,0.25,0.25
KnowTheTruthMatters,Colei_the_weird,Undirected,0.25,0.25
KnowTheTruthMatters,isaboobers,Undirected,0.25,0.25
KnowTheTruthMatters,weirdgurl24,Undirected,0.25,0.25
KnowTheTruthMatters,shladvic,Undirected,0.25,0.25
KnowTheTruthMatters,LofiOcean131,Undirected,0.25,0.25
KnowTheTruthMatters,Apprehensive-Cut9959,Undirected,0.25,0.25
KnowTheTruthMatters,Pinkblushdiva,Undirected,0.5,0.5
KnowTheTruthMatters,Dangermouse0214,Undirected,0.25,0.25
KnowTheTruthMatters,Ridussey,Undirected,0.25,0.25
KnowTheTruthMatters,Away-Lavishness-3805,Undirected,0.25,0.25
KnowTheTruthMatters,winter_in_eden,Undirected,0.25,0.25
KnowTheTruthMatters,Asinead666,Undirected,0.25,0.25
KnowTheTruthMatters,SnooOwls4954,Undirected,0.25,0.25
KnowTheTruthMatters,Margiethecat,Undirected,0.25,0.25
KnowTheTruthMatters,Able_Compote6571,Undirected,0.3333333333333333,0.3333333333333333
KnowTheTruthMatters,pickl3dguava,Undirected,0.25,0.25
KnowTheTruthMatters,CopiousCool,Undirected,0.75,0.75
KnowTheTruthMatters,butterflyfrenchfry,Undirected,0.25,0.25
KnowTheTruthMatters,littleeeloveee,Undirected,0.25,0.25
KnowTheTruthMatters,Effective_Nothing519,Undirected,0.25,0.25
KnowTheTruthMatters,CryingInTheGrass,Undirected,0.25,0.25
KnowTheTruthMatters,Kekeegan,Undirected,0.25,0.25
KnowTheTruthMatters,aym0_0n,Undirected,0.25,0.25
KnowTheTruthMatters,Squidieyy,Undirected,0.25,0.25
KnowTheTruthMatters,tyuptyupolpolp,Undirected,0.5,0.5
KnowTheTruthMatters,Hopeful_Worth315,Undirected,0.25,0.25
KnowTheTruthMatters,palilibre,Undirected,0.5,0.5
KnowTheTruthMatters,VISlONSOFALIFE,Undirected,0.25,0.25
KnowTheTruthMatters,Sp1dderxyz,Undirected,0.25,0.25
KnowTheTruthMatters,Responsible-Term4482,Undirected,0.25,0.25
KnowTheTruthMatters,cats_and_coffee15,Undirected,0.25,0.25
KnowTheTruthMatters,walkyslaysh,Undirected,0.25,0.25
KnowTheTruthMatters,hanandmeow,Undirected,0.25,0.25
KnowTheTruthMatters,Unfair_Enthusiasm696,Undirected,0.25,0.25
KnowTheTruthMatters,peachemistry,Undirected,0.25,0.25
KnowTheTruthMatters,Ok-Bicycle-12345,Undirected,0.25,0.25
KnowTheTruthMatters,ComfortableJello508,Undirected,0.25,0.25
KnowTheTruthMatters,KrackalackinKraken,Undirected,0.25,0.25
KnowTheTruthMatters,SystemNo524,Undirected,0.25,0.25
KnowTheTruthMatters,FlabbyShabby,Undirected,0.25,0.25
KnowTheTruthMatters,Justarandomguy-fuck,Undirected,0.25,0.25
KnowTheTruthMatters,thatsjustarandomname,Undirected,0.25,0.25
KnowTheTruthMatters,Late-Test2209,Undirected,0.25,0.25
KnowTheTruthMatters,ElectricalChance3664,Undirected,0.4,0.4
KnowTheTruthMatters,MrLabbrow,Undirected,0.25,0.25
KnowTheTruthMatters,Sea_Banana882,Undirected,0.5,0.5
KnowTheTruthMatters,CatacaX,Undirected,0.25,0.25
KnowTheTruthMatters,Altruistic-Look6136,Undirected,0.25,0.25
KnowTheTruthMatters,TonkaMaze,Undirected,0.25,0.25
KnowTheTruthMatters,m7mdhassballa,Undirected,0.25,0.25
KnowTheTruthMatters,J3ssM,Undirected,0.25,0.25
KnowTheTruthMatters,Early_Bad_,Undirected,0.25,0.25
KnowTheTruthMatters,Accomplished-Low9635,Undirected,0.25,0.25
KnowTheTruthMatters,Fantastic_Bag1560,Undirected,0.25,0.25
KnowTheTruthMatters,Forward-Molasses4404,Undirected,0.25,0.25
KnowTheTruthMatters,abenites99,Undirected,0.25,0.25
KnowTheTruthMatters,NewPatron-St,Undirected,0.25,0.25
KnowTheTruthMatters,ChangePrestigious702,Undirected,0.25,0.25
KnowTheTruthMatters,Moth_Man_68,Undirected,0.25,0.25
KnowTheTruthMatters,No_Snow2245,Undirected,0.25,0.25
KnowTheTruthMatters,Perfect-Parking1536,Undirected,0.25,0.25
KnowTheTruthMatters,HuckleberryFuzzy918,Undirected,0.25,0.25
KnowTheTruthMatters,ResolutionDull5054,Undirected,0.25,0.25
KnowTheTruthMatters,Ok_Strawberry_2143,Undirected,0.5,0.5
KnowTheTruthMatters,Ok_Somewhere9687,Undirected,0.25,0.25
KnowTheTruthMatters,Ur_Shado,Undirected,0.25,0.25
KnowTheTruthMatters,VanillaAdventurous74,Undirected,0.25,0.25
KnowTheTruthMatters,TheAlphaKiller17,Undirected,0.25,0.25
KnowTheTruthMatters,CrossingVoid,Undirected,0.25,0.25
KnowTheTruthMatters,venrir,Undirected,0.25,0.25
KnowTheTruthMatters,Icy_Giraffe3903,Undirected,0.25,0.25
KnowTheTruthMatters,doctormelody18,Undirected,0.25,0.25
KnowTheTruthMatters,No_Degree3814,Undirected,0.25,0.25
MagnusRottcodd,Nomogg,Undirected,0.25,0.25
MagnusRottcodd,elifshafakenthusiast,Undirected,1.0,1.0
MagnusRottcodd,yanonce,Undirected,1.0,1.0
MagnusRottcodd,kamotos,Undirected,1.0,1.0
MagnusRottcodd,Apollo_Delphi,Undirected,0.5,0.5
MagnusRottcodd,pumpkinzh,Undirected,0.25,0.25
MagnusRottcodd,Particular_Log_3594,Undirected,0.25,0.25
MagnusRottcodd,dramaqueen09,Undirected,1.0,1.0
MagnusRottcodd,Novel_Bass6032,Undirected,1.0,1.0
MagnusRottcodd,Able_Compote6571,Undirected,0.25,0.25
MagnusRottcodd,comrade-sunflower,Undirected,1.0,1.0
MagnusRottcodd,Ambitious-Narwhal158,Undirected,0.5,0.5
MagnusRottcodd,GermanLetsKotz,Undirected,1.0,1.0
MagnusRottcodd,tallbigbear,Undirected,1.0,1.0
Conscious-Rich3823,Nomogg,Undirected,0.25,0.25
Conscious-Rich3823,cindyloowhovian,Undirected,1.0,1.0
Conscious-Rich3823,Ok_Consequence_5756,Undirected,1.0,1.0
Conscious-Rich3823,johnsmithoncemore,Undirected,0.5,0.5
Conscious-Rich3823,BlackberryIcy2214,Undirected,1.0,1.0
Conscious-Rich3823,SylviaPlathsDaughter,Undirected,1.0,1.0
Conscious-Rich3823,_maeverie,Undirected,1.0,1.0
Conscious-Rich3823,ElectricalChance3664,Undirected,0.3333333333333333,0.3333333333333333
Conscious-Rich3823,nesmacon,Undirected,1.0,1.0
Conscious-Rich3823,Farley_B,Undirected,1.0,1.0
Conscious-Rich3823,DragonflyNo19,Undirected,1.0,1.0
Puripuri_Purizona,Dazzling_Pirate1411,Undirected,1.0,1.0
Puripuri_Purizona,pumpkinzh,Undirected,0.25,0.25
Puripuri_Purizona,Known-Platform1735,Undirected,1.0,1.0
Puripuri_Purizona,Financial_Smile4143,Undirected,0.25,0.25
hmountain,Nomogg,Undirected,0.25,0.25
hmountain,Virtual-Tale7778,Undirected,1.0,1.0
hmountain,pinklewickers,Undirected,1.0,1.0
hmountain,Chobikil,Undirected,1.0,1.0
hmountain,damon121231,Undirected,1.0,1.0
hmountain,Financial_Smile4143,Undirected,0.25,0.25
hmountain,-SimpleRicks-,Undirected,1.0,1.0
hmountain,Ok-Divide4719,Undirected,0.5,0.5
hmountain,calombia,Undirected,1.0,1.0
hmountain,Able_Compote6571,Undirected,0.25,0.25
hmountain,Psychological-Gear78,Undirected,1.0,1.0
hmountain,Amoonthedollygirl,Undirected,1.0,1.0
hmountain,SamZ025,Undirected,1.0,1.0
hmountain,ResearchWorking3402,Undirected,1.0,1.0
hmountain,Zealousideal-Item607,Undirected,0.5,0.5
hmountain,guibidesc,Undirected,1.0,1.0
Pepperina_G,Dear-Boot4077,Undirected,1.0,1.0
Pepperina_G,KingofTrilobites123,Undirected,0.3333333333333333,0.3333333333333333
Pepperina_G,ReachZestyclose,Undirected,1.0,1.0
Pepperina_G,Ok-Following6886,Undirected,1.0,1.0
Pepperina_G,adilbuilds,Undirected,0.25,0.25
Pepperina_G,pumpkinzh,Undirected,0.25,0.25
Pepperina_G,Songmorning,Undirected,1.0,1.0
Pepperina_G,Plane-Imagination593,Undirected,1.0,1.0
Pepperina_G,safemath,Undirected,0.5,0.5
Pepperina_G,Particular_Log_3594,Undirected,0.25,0.25
Pepperina_G,chopstickemup,Undirected,1.0,1.0
Pepperina_G,carTot254,Undirected,1.0,1.0
Pepperina_G,natural_piano1836,Undirected,1.0,1.0
Pepperina_G,librePali,Undirected,1.0,1.0
Pepperina_G,ExtHD,Undirected,1.0,1.0
Pepperina_G,ibrahim_D12,Undirected,1.0,1.0
Pepperina_G,ConfidenceCareless71,Undirected,1.0,1.0
Pepperina_G,Enough_Credit_8199,Undirected,0.5,0.5
Pepperina_G,Miserable-Spinach867,Undirected,1.0,1.0
Pepperina_G,Big_Fennel2186,Undirected,1.0,1.0
Pepperina_G,Financial_Smile4143,Undirected,0.25,0.25
Pepperina_G,jodio_hoestar,Undirected,0.5,0.5
Pepperina_G,Pinkblushdiva,Undirected,0.5,0.5
Pepperina_G,Able_Compote6571,Undirected,0.25,0.25
Pepperina_G,CopiousCool,Undirected,0.3333333333333333,0.3333333333333333
Pepperina_G,Squidieyy,Undirected,1.0,1.0
Pepperina_G,palilibre,Undirected,0.5,0.5
Pepperina_G,Responsible-Term4482,Undirected,1.0,1.0
Pepperina_G,Unfair_Enthusiasm696,Undirected,1.0,1.0
Pepperina_G,Ok-Bicycle-12345,Undirected,1.0,1.0
Pepperina_G,ComfortableJello508,Undirected,1.0,1.0
Pepperina_G,FlabbyShabby,Undirected,1.0,1.0
Pepperina_G,Justarandomguy-fuck,Undirected,1.0,1.0
Pepperina_G,Late-Test2209,Undirected,1.0,1.0
Pepperina_G,ElectricalChance3664,Undirected,0.3333333333333333,0.3333333333333333
Pepperina_G,MrLabbrow,Undirected,1.0,1.0
Pepperina_G,Sea_Banana882,Undirected,0.5,0.5
Pepperina_G,CatacaX,Undirected,1.0,1.0
Pepperina_G,TonkaMaze,Undirected,1.0,1.0
Pepperina_G,J3ssM,Undirected,1.0,1.0
Pepperina_G,Early_Bad_,Undirected,1.0,1.0
Pepperina_G,abenites99,Undirected,1.0,1.0
Pepperina_G,Zealousideal-Item607,Undirected,0.5,0.5
Pepperina_G,NewPatron-St,Undirected,1.0,1.0
Pepperina_G,ChangePrestigious702,Undirected,1.0,1.0
Pepperina_G,Moth_Man_68,Undirected,1.0,1.0
Pepperina_G,No_Snow2245,Undirected,1.0,1.0
Pepperina_G,Perfect-Parking1536,Undirected,1.0,1.0
Pepperina_G,Ok_Somewhere9687,Undirected,1.0,1.0
Pepperina_G,CrossingVoid,Undirected,1.0,1.0
Pepperina_G,Icy_Giraffe3903,Undirected,1.0,1.0
Pepperina_G,No_Degree3814,Undirected,1.0,1.0
barb_20,Fhlurrhy108,Undirected,1.0,1.0
barb_20,antifamarketer,Undirected,1.0,1.0
barb_20,MoonGlissades,Undirected,1.0,1.0
barb_20,MrJasonMason,Undirected,0.5,0.5
barb_20,shane_4_us,Undirected,1.0,1.0
barb_20,Comfortable_Spend436,Undirected,1.0,1.0
barb_20,KingofTrilobites123,Undirected,0.3333333333333333,0.3333333333333333
barb_20,ABCecy,Undirected,1.0,1.0
barb_20,Apollo_Delphi,Undirected,0.5,0.5
barb_20,Alternative-Dare-601,Undirected,1.0,1.0
barb_20,Witty-Savings-2048,Undirected,1.0,1.0
barb_20,SecretBiscotti8128,Undirected,0.5,0.5
barb_20,adilbuilds,Undirected,0.25,0.25
barb_20,Narrow_Guava_6239,Undirected,0.5,0.5
barb_20,Particular_Log_3594,Undirected,0.25,0.25
barb_20,Able_Ad_4891,Undirected,1.0,1.0
barb_20,itsamefas,Undirected,1.0,1.0
barb_20,CosmeticChemistPro,Undirected,1.0,1.0
barb_20,Hamdan-mohamed,Undirected,1.0,1.0
barb_20,SillyPassion7773,Undirected,1.0,1.0
barb_20,That-Flamingo9866,Undirected,1.0,1.0
barb_20,No_Newspaper_2914,Undirected,1.0,1.0
barb_20,Sad_Recognition_6037,Undirected,1.0,1.0
barb_20,DarkShadow13206,Undirected,1.0,1.0
barb_20,introvertaltsakki,Undirected,1.0,1.0
barb_20,Jealous-Ad-4838,Undirected,1.0,1.0
barb_20,PandoraHadess,Undirected,1.0,1.0
barb_20,Weird-Noise-180,Undirected,1.0,1.0
barb_20,Financial_Smile4143,Undirected,0.25,0.25
barb_20,ElkNational9973,Undirected,1.0,1.0
barb_20,Colei_the_weird,Undirected,1.0,1.0
barb_20,isaboobers,Undirected,1.0,1.0
barb_20,Ok-Divide4719,Undirected,0.5,0.5
barb_20,LofiOcean131,Undirected,1.0,1.0
barb_20,Apprehensive-Cut9959,Undirected,1.0,1.0
barb_20,Pinkblushdiva,Undirected,0.5,0.5
barb_20,Ridussey,Undirected,1.0,1.0
barb_20,Away-Lavishness-3805,Undirected,1.0,1.0
barb_20,winter_in_eden,Undirected,1.0,1.0
barb_20,Asinead666,Undirected,1.0,1.0
barb_20,SnooOwls4954,Undirected,1.0,1.0
barb_20,Margiethecat,Undirected,1.0,1.0
barb_20,Able_Compote6571,Undirected,0.25,0.25
barb_20,pickl3dguava,Undirected,1.0,1.0
barb_20,CopiousCool,Undirected,0.3333333333333333,0.3333333333333333
barb_20,butterflyfrenchfry,Undirected,1.0,1.0
barb_20,Effective_Nothing519,Undirected,1.0,1.0
barb_20,Kekeegan,Undirected,1.0,1.0
barb_20,aym0_0n,Undirected,1.0,1.0
barb_20,Beneficial-Network91,Undirected,0.5,0.5
barb_20,tyuptyupolpolp,Undirected,0.5,0.5
barb_20,Hopeful_Worth315,Undirected,1.0,1.0
barb_20,palilibre,Undirected,0.5,0.5
barb_20,VISlONSOFALIFE,Undirected,1.0,1.0
barb_20,Sp1dderxyz,Undirected,1.0,1.0
barb_20,cats_and_coffee15,Undirected,1.0,1.0
barb_20,Ambitious-Narwhal158,Undirected,0.5,0.5
barb_20,peachemistry,Undirected,1.0,1.0
barb_20,thatsjustarandomname,Undirected,1.0,1.0
barb_20,Akram-Brahimi,Undirected,0.5,0.5
barb_20,Sea_Banana882,Undirected,0.5,0.5
barb_20,m7mdhassballa,Undirected,1.0,1.0
barb_20,Fantastic_Bag1560,Undirected,1.0,1.0
barb_20,HuckleberryFuzzy918,Undirected,1.0,1.0
barb_20,ResolutionDull5054,Undirected,1.0,1.0
barb_20,VanillaAdventurous74,Undirected,1.0,1.0
barb_20,TheAlphaKiller17,Undirected,1.0,1.0
barb_20,doctormelody18,Undirected,1.0,1.0
Fhlurrhy108,antifamarketer,Undirected,1.0,1.0
Fhlurrhy108,MoonGlissades,Undirected,1.0,1.0
Fhlurrhy108,MrJasonMason,Undirected,0.5,0.5
Fhlurrhy108,shane_4_us,Undirected,1.0,1.0
Fhlurrhy108,Comfortable_Spend436,Undirected,1.0,1.0
Fhlurrhy108,KingofTrilobites123,Undirected,0.3333333333333333,0.3333333333333333
Fhlurrhy108,ABCecy,Undirected,1.0,1.0
Fhlurrhy108,Apollo_Delphi,Undirected,0.5,0.5
Fhlurrhy108,Alternative-Dare-601,Undirected,1.0,1.0
Fhlurrhy108,Witty-Savings-2048,Undirected,1.0,1.0
Fhlurrhy108,SecretBiscotti8128,Undirected,0.5,0.5
Fhlurrhy108,adilbuilds,Undirected,0.25,0.25
Fhlurrhy108,Narrow_Guava_6239,Undirected,0.5,0.5
Fhlurrhy108,Particular_Log_3594,Undirected,0.25,0.25
Fhlurrhy108,Able_Ad_4891,Undirected,1.0,1.0
Fhlurrhy108,itsamefas,Undirected,1.0,1.0
Fhlurrhy108,CosmeticChemistPro,Undirected,1.0,1.0
Fhlurrhy108,Hamdan-mohamed,Undirected,1.0,1.0
Fhlurrhy108,SillyPassion7773,Undirected,1.0,1.0
Fhlurrhy108,That-Flamingo9866,Undirected,1.0,1.0
Fhlurrhy108,No_Newspaper_2914,Undirected,1.0,1.0
Fhlurrhy108,Sad_Recognition_6037,Undirected,1.0,1.0
Fhlurrhy108,DarkShadow13206,Undirected,1.0,1.0
Fhlurrhy108,introvertaltsakki,Undirected,1.0,1.0
Fhlurrhy108,Jealous-Ad-4838,Undirected,1.0,1.0
Fhlurrhy108,PandoraHadess,Undirected,1.0,1.0
Fhlurrhy108,Weird-Noise-180,Undirected,1.0,1.0
Fhlurrhy108,Financial_Smile4143,Undirected,0.25,0.25
Fhlurrhy108,ElkNational9973,Undirected,1.0,1.0
Fhlurrhy108,Colei_the_weird,Undirected,1.0,1.0
Fhlurrhy108,isaboobers,Undirected,1.0,1.0
Fhlurrhy108,Ok-Divide4719,Undirected,0.5,0.5
Fhlurrhy108,LofiOcean131,Undirected,1.0,1.0
Fhlurrhy108,Apprehensive-Cut9959,Undirected,1.0,1.0
Fhlurrhy108,Pinkblushdiva,Undirected,0.5,0.5
Fhlurrhy108,Ridussey,Undirected,1.0,1.0
Fhlurrhy108,Away-Lavishness-3805,Undirected,1.0,1.0
Fhlurrhy108,winter_in_eden,Undirected,1.0,1.0
Fhlurrhy108,Asinead666,Undirected,1.0,1.0
Fhlurrhy108,SnooOwls4954,Undirected,1.0,1.0
Fhlurrhy108,Margiethecat,Undirected,1.0,1.0
Fhlurrhy108,Able_Compote6571,Undirected,0.25,0.25
Fhlurrhy108,pickl3dguava,Undirected,1.0,1.0
Fhlurrhy108,CopiousCool,Undirected,0.3333333333333333,0.3333333333333333
Fhlurrhy108,butterflyfrenchfry,Undirected,1.0,1.0
Fhlurrhy108,Effective_Nothing519,Undirected,1.0,1.0
Fhlurrhy108,Kekeegan,Undirected,1.0,1.0
Fhlurrhy108,aym0_0n,Undirected,1.0,1.0
Fhlurrhy108,Beneficial-Network91,Undirected,0.5,0.5
Fhlurrhy108,tyuptyupolpolp,Undirected,0.5,0.5
Fhlurrhy108,Hopeful_Worth315,Undirected,1.0,1.0
Fhlurrhy108,palilibre,Undirected,0.5,0.5
Fhlurrhy108,VISlONSOFALIFE,Undirected,1.0,1.0
Fhlurrhy108,Sp1dderxyz,Undirected,1.0,1.0
Fhlurrhy108,cats_and_coffee15,Undirected,1.0,1.0
Fhlurrhy108,Ambitious-Narwhal158,Undirected,0.5,0.5
Fhlurrhy108,peachemistry,Undirected,1.0,1.0
Fhlurrhy108,thatsjustarandomname,Undirected,1.0,1.0
Fhlurrhy108,Akram-Brahimi,Undirected,0.5,0.5
Fhlurrhy108,Sea_Banana882,Undirected,0.5,0.5
Fhlurrhy108,m7mdhassballa,Undirected,1.0,1.0
Fhlurrhy108,Fantastic_Bag1560,Undirected,1.0,1.0
Fhlurrhy108,HuckleberryFuzzy918,Undirected,1.0,1.0
Fhlurrhy108,ResolutionDull5054,Undirected,1.0,1.0
Fhlurrhy108,VanillaAdventurous74,Undirected,1.0,1.0
Fhlurrhy108,TheAlphaKiller17,Undirected,1.0,1.0
Fhlurrhy108,doctormelody18,Undirected,1.0,1.0
Nomogg,cindyloowhovian,Undirected,0.25,0.25
Nomogg,Virtual-Tale7778,Undirected,0.25,0.25
Nomogg,elifshafakenthusiast,Undirected,0.25,0.25
Nomogg,yanonce,Undirected,0.25,0.25
Nomogg,pinklewickers,Undirected,0.25,0.25
Nomogg,Chobikil,Undirected,0.25,0.25
Nomogg,kamotos,Undirected,0.25,0.25
Nomogg,torbatosecco,Undirected,0.25,0.25
Nomogg,QuranTutor_Muhamad,Undirected,0.25,0.25
Nomogg,UXUI75,Undirected,0.25,0.25
Nomogg,damon121231,Undirected,0.25,0.25
Nomogg,librephili,Undirected,0.375,0.375
Nomogg,PerspectiveGrand716,Undirected,0.25,0.25
Nomogg,Blood11Orange,Undirected,0.25,0.25
Nomogg,dramaqueen09,Undirected,0.25,0.25
Nomogg,weirdgurl24,Undirected,0.25,0.25
Nomogg,-SimpleRicks-,Undirected,0.25,0.25
Nomogg,Ok_Consequence_5756,Undirected,0.25,0.25
Nomogg,johnsmithoncemore,Undirected,0.5,0.5
Nomogg,Dangermouse0214,Undirected,0.25,0.25
Nomogg,Novel_Bass6032,Undirected,0.25,0.25
Nomogg,calombia,Undirected,0.25,0.25
Nomogg,BlackberryIcy2214,Undirected,0.25,0.25
Nomogg,Able_Compote6571,Undirected,0.3333333333333333,0.3333333333333333
Nomogg,Psychological-Gear78,Undirected,0.25,0.25
Nomogg,SylviaPlathsDaughter,Undirected,0.25,0.25
Nomogg,comrade-sunflower,Undirected,0.25,0.25
Nomogg,Amoonthedollygirl,Undirected,0.25,0.25
Nomogg,SamZ025,Undirected,0.25,0.25
Nomogg,GermanLetsKotz,Undirected,0.25,0.25
Nomogg,_maeverie,Undirected,0.25,0.25
Nomogg,ResearchWorking3402,Undirected,0.25,0.25
Nomogg,ElectricalChance3664,Undirected,0.4,0.4
Nomogg,nesmacon,Undirected,0.25,0.25
Nomogg,guibidesc,Undirected,0.25,0.25
Nomogg,Farley_B,Undirected,0.25,0.25
Nomogg,DragonflyNo19,Undirected,0.25,0.25
Nomogg,venrir,Undirected,0.25,0.25
Nomogg,tallbigbear,Undirected,0.25,0.25
antifamarketer,MoonGlissades,Undirected,1.0,1.0
antifamarketer,MrJasonMason,Undirected,0.5,0.5
antifamarketer,shane_4_us,Undirected,1.0,1.0
antifamarketer,Comfortable_Spend436,Undirected,1.0,1.0
antifamarketer,KingofTrilobites123,Undirected,0.3333333333333333,0.3333333333333333
antifamarketer,ABCecy,Undirected,1.0,1.0
antifamarketer,Apollo_Delphi,Undirected,0.5,0.5
antifamarketer,Alternative-Dare-601,Undirected,1.0,1.0
antifamarketer,Witty-Savings-2048,Undirected,1.0,1.0
antifamarketer,SecretBiscotti8128,Undirected,0.5,0.5
antifamarketer,adilbuilds,Undirected,0.25,0.25
antifamarketer,Narrow_Guava_6239,Undirected,0.5,0.5
antifamarketer,Particular_Log_3594,Undirected,0.25,0.25
antifamarketer,Able_Ad_4891,Undirected,1.0,1.0
antifamarketer,itsamefas,Undirected,1.0,1.0
antifamarketer,CosmeticChemistPro,Undirected,1.0,1.0
antifamarketer,Hamdan-mohamed,Undirected,1.0,1.0
antifamarketer,SillyPassion7773,Undirected,1.0,1.0
antifamarketer,That-Flamingo9866,Undirected,1.0,1.0
antifamarketer,No_Newspaper_2914,Undirected,1.0,1.0
antifamarketer,Sad_Recognition_6037,Undirected,1.0,1.0
antifamarketer,DarkShadow13206,Undirected,1.0,1.0
antifamarketer,introvertaltsakki,Undirected,1.0,1.0
antifamarketer,Jealous-Ad-4838,Undirected,1.0,1.0
antifamarketer,PandoraHadess,Undirected,1.0,1.0
antifamarketer,Weird-Noise-180,Undirected,1.0,1.0
antifamarketer,Financial_Smile4143,Undirected,0.25,0.25
antifamarketer,ElkNational9973,Undirected,1.0,1.0
antifamarketer,Colei_the_weird,Undirected,1.0,1.0
antifamarketer,isaboobers,Undirected,1.0,1.0
antifamarketer,Ok-Divide4719,Undirected,0.5,0.5
antifamarketer,LofiOcean131,Undirected,1.0,1.0
antifamarketer,Apprehensive-Cut9959,Undirected,1.0,1.0
antifamarketer,Pinkblushdiva,Undirected,0.5,0.5
antifamarketer,Ridussey,Undirected,1.0,1.0
antifamarketer,Away-Lavishness-3805,Undirected,1.0,1.0
antifamarketer,winter_in_eden,Undirected,1.0,1.0
antifamarketer,Asinead666,Undirected,1.0,1.0
antifamarketer,SnooOwls4954,Undirected,1.0,1.0
antifamarketer,Margiethecat,Undirected,1.0,1.0
antifamarketer,Able_Compote6571,Undirected,0.25,0.25
antifamarketer,pickl3dguava,Undirected,1.0,1.0
antifamarketer,CopiousCool,Undirected,0.3333333333333333,0.3333333333333333
antifamarketer,butterflyfrenchfry,Undirected,1.0,1.0
antifamarketer,Effective_Nothing519,Undirected,1.0,1.0
antifamarketer,Kekeegan,Undirected,1.0,1.0
antifamarketer,aym0_0n,Undirected,1.0,1.0
antifamarketer,Beneficial-Network91,Undirected,0.5,0.5
antifamarketer,tyuptyupolpolp,Undirected,0.5,0.5
antifamarketer,Hopeful_Worth315,Undirected,1.0,1.0
antifamarketer,palilibre,Undirected,0.5,0.5
antifamarketer,VISlONSOFALIFE,Undirected,1.0,1.0
antifamarketer,Sp1dderxyz,Undirected,1.0,1.0
antifamarketer,cats_and_coffee15,Undirected,1.0,1.0
antifamarketer,Ambitious-Narwhal158,Undirected,0.5,0.5
antifamarketer,peachemistry,Undirected,1.0,1.0
antifamarketer,thatsjustarandomname,Undirected,1.0,1.0
antifamarketer,Akram-Brahimi,Undirected,0.5,0.5
antifamarketer,Sea_Banana882,Undirected,0.5,0.5
antifamarketer,m7mdhassballa,Undirected,1.0,1.0
antifamarketer,Fantastic_Bag1560,Undirected,1.0,1.0
antifamarketer,HuckleberryFuzzy918,Undirected,1.0,1.0
antifamarketer,ResolutionDull5054,Undirected,1.0,1.0
antifamarketer,VanillaAdventurous74,Undirected,1.0,1.0
antifamarketer,TheAlphaKiller17,Undirected,1.0,1.0
antifamarketer,doctormelody18,Undirected,1.0,1.0
cindyloowhovian,Ok_Consequence_5756,Undirected,1.0,1.0
cindyloowhovian,johnsmithoncemore,Undirected,0.5,0.5
cindyloowhovian,BlackberryIcy2214,Undirected,1.0,1.0
cindyloowhovian,SylviaPlathsDaughter,Undirected,1.0,1.0
cindyloowhovian,_maeverie,Undirected,1.0,1.0
cindyloowhovian,ElectricalChance3664,Undirected,0.3333333333333333,0.3333333333333333
cindyloowhovian,nesmacon,Undirected,1.0,1.0
cindyloowhovian,Farley_B,Undirected,1.0,1.0
cindyloowhovian,DragonflyNo19,Undirected,1.0,1.0
roxi3smiles,KingofTrilobites123,Undirected,0.3333333333333333,0.3333333333333333
roxi3smiles,ThrovvQuestionsAway,Undirected,1.0,1.0
roxi3smiles,safemath,Undirected,0.5,0.5
roxi3smiles,CosmiicBrowni,Undirected,1.0,1.0
roxi3smiles,ShedSoManyTears4Gaza,Undirected,1.0,1.0
roxi3smiles,Enough_Credit_8199,Undirected,0.5,0.5
roxi3smiles,urek__mazino_4444,Undirected,1.0,1.0
roxi3smiles,shladvic,Undirected,1.0,1.0
roxi3smiles,littleeeloveee,Undirected,1.0,1.0
roxi3smiles,CryingInTheGrass,Undirected,1.0,1.0
roxi3smiles,tyuptyupolpolp,Undirected,0.5,0.5
roxi3smiles,walkyslaysh,Undirected,1.0,1.0
roxi3smiles,hanandmeow,Undirected,1.0,1.0
roxi3smiles,KrackalackinKraken,Undirected,1.0,1.0
roxi3smiles,SystemNo524,Undirected,1.0,1.0
roxi3smiles,Altruistic-Look6136,Undirected,1.0,1.0
roxi3smiles,Accomplished-Low9635,Undirected,1.0,1.0
roxi3smiles,Forward-Molasses4404,Undirected,1.0,1.0
roxi3smiles,Ok_Strawberry_2143,Undirected,0.5,0.5
roxi3smiles,Ur_Shado,Undirected,1.0,1.0
Virtual-Tale7778,pinklewickers,Undirected,1.0,1.0
Virtual-Tale7778,Chobikil,Undirected,1.0,1.0
Virtual-Tale7778,damon121231,Undirected,1.0,1.0
Virtual-Tale7778,Financial_Smile4143,Undirected,0.25,0.25
Virtual-Tale7778,-SimpleRicks-,Undirected,1.0,1.0
Virtual-Tale7778,Ok-Divide4719,Undirected,0.5,0.5
Virtual-Tale7778,calombia,Undirected,1.0,1.0
Virtual-Tale7778,Able_Compote6571,Undirected,0.25,0.25
Virtual-Tale7778,Psychological-Gear78,Undirected,1.0,1.0
Virtual-Tale7778,Amoonthedollygirl,Undirected,1.0,1.0
Virtual-Tale7778,SamZ025,Undirected,1.0,1.0
Virtual-Tale7778,ResearchWorking3402,Undirected,1.0,1.0
Virtual-Tale7778,Zealousideal-Item607,Undirected,0.5,0.5
Virtual-Tale7778,guibidesc,Undirected,1.0,1.0
MoonGlissades,MrJasonMason,Undirected,0.5,0.5
MoonGlissades,shane_4_us,Undirected,1.0,1.0
MoonGlissades,Comfortable_Spend436,Undirected,1.0,1.0
MoonGlissades,KingofTrilobites123,Undirected,0.3333333333333333,0.3333333333333333
MoonGlissades,ABCecy,Undirected,1.0,1.0
MoonGlissades,Apollo_Delphi,Undirected,0.5,0.5
MoonGlissades,Alternative-Dare-601,Undirected,1.0,1.0
MoonGlissades,Witty-Savings-2048,Undirected,1.0,1.0
MoonGlissades,SecretBiscotti8128,Undirected,0.5,0.5
MoonGlissades,adilbuilds,Undirected,0.25,0.25
MoonGlissades,Narrow_Guava_6239,Undirected,0.5,0.5
MoonGlissades,Particular_Log_3594,Undirected,0.25,0.25
MoonGlissades,Able_Ad_4891,Undirected,1.0,1.0
MoonGlissades,itsamefas,Undirected,1.0,1.0
MoonGlissades,CosmeticChemistPro,Undirected,1.0,1.0
MoonGlissades,Hamdan-mohamed,Undirected,1.0,1.0
MoonGlissades,SillyPassion7773,Undirected,1.0,1.0
MoonGlissades,That-Flamingo9866,Undirected,1.0,1.0
MoonGlissades,No_Newspaper_2914,Undirected,1.0,1.0
MoonGlissades,Sad_Recognition_6037,Undirected,1.0,1.0
MoonGlissades,DarkShadow13206,Undirected,1.0,1.0
MoonGlissades,introvertaltsakki,Undirected,1.0,1.0
MoonGlissades,Jealous-Ad-4838,Undirected,1.0,1.0
MoonGlissades,PandoraHadess,Undirected,1.0,1.0
MoonGlissades,Weird-Noise-180,Undirected,1.0,1.0
MoonGlissades,Financial_Smile4143,Undirected,0.25,0.25
MoonGlissades,ElkNational9973,Undirected,1.0,1.0
MoonGlissades,Colei_the_weird,Undirected,1.0,1.0
MoonGlissades,isaboobers,Undirected,1.0,1.0
MoonGlissades,Ok-Divide4719,Undirected,0.5,0.5
MoonGlissades,LofiOcean131,Undirected,1.0,1.0
MoonGlissades,Apprehensive-Cut9959,Undirected,1.0,1.0
MoonGlissades,Pinkblushdiva,Undirected,0.5,0.5
MoonGlissades,Ridussey,Undirected,1.0,1.0
MoonGlissades,Away-Lavishness-3805,Undirected,1.0,1.0
MoonGlissades,winter_in_eden,Undirected,1.0,1.0
MoonGlissades,Asinead666,Undirected,1.0,1.0
MoonGlissades,SnooOwls4954,Undirected,1.0,1.0
MoonGlissades,Margiethecat,Undirected,1.0,1.0
MoonGlissades,Able_Compote6571,Undirected,0.25,0.25
MoonGlissades,pickl3dguava,Undirected,1.0,1.0
MoonGlissades,CopiousCool,Undirected,0.3333333333333333,0.3333333333333333
MoonGlissades,butterflyfrenchfry,Undirected,1.0,1.0
MoonGlissades,Effective_Nothing519,Undirected,1.0,1.0
MoonGlissades,Kekeegan,Undirected,1.0,1.0
MoonGlissades,aym0_0n,Undirected,1.0,1.0
MoonGlissades,Beneficial-Network91,Undirected,0.5,0.5
MoonGlissades,tyuptyupolpolp,Undirected,0.5,0.5
MoonGlissades,Hopeful_Worth315,Undirected,1.0,1.0
MoonGlissades,palilibre,Undirected,0.5,0.5
MoonGlissades,VISlONSOFALIFE,Undirected,1.0,1.0
MoonGlissades,Sp1dderxyz,Undirected,1.0,1.0
MoonGlissades,cats_and_coffee15,Undirected,1.0,1.0
MoonGlissades,Ambitious-Narwhal158,Undirected,0.5,0.5
MoonGlissades,peachemistry,Undirected,1.0,1.0
MoonGlissades,thatsjustarandomname,Undirected,1.0,1.0
MoonGlissades,Akram-Brahimi,Undirected,0.5,0.5
MoonGlissades,Sea_Banana882,Undirected,0.5,0.5
MoonGlissades,m7mdhassballa,Undirected,1.0,1.0
MoonGlissades,Fantastic_Bag1560,Undirected,1.0,1.0
MoonGlissades,HuckleberryFuzzy918,Undirected,1.0,1.0
MoonGlissades,ResolutionDull5054,Undirected,1.0,1.0
MoonGlissades,VanillaAdventurous74,Undirected,1.0,1.0
MoonGlissades,TheAlphaKiller17,Undirected,1.0,1.0
MoonGlissades,doctormelody18,Undirected,1.0,1.0
Dear-Boot4077,KingofTrilobites123,Undirected,0.3333333333333333,0.3333333333333333
Dear-Boot4077,ReachZestyclose,Undirected,1.0,1.0
Dear-Boot4077,Ok-Following6886,Undirected,1.0,1.0
Dear-Boot4077,adilbuilds,Undirected,0.25,0.25
Dear-Boot4077,pumpkinzh,Undirected,0.25,0.25
Dear-Boot4077,Songmorning,Undirected,1.0,1.0
Dear-Boot4077,Plane-Imagination593,Undirected,1.0,1.0
Dear-Boot4077,safemath,Undirected,0.5,0.5
Dear-Boot4077,Particular_Log_3594,Undirected,0.25,0.25
Dear-Boot4077,chopstickemup,Undirected,1.0,1.0
Dear-Boot4077,carTot254,Undirected,1.0,1.0
Dear-Boot4077,natural_piano1836,Undirected,1.0,1.0
Dear-Boot4077,librePali,Undirected,1.0,1.0
Dear-Boot4077,ExtHD,Undirected,1.0,1.0
Dear-Boot4077,ibrahim_D12,Undirected,1.0,1.0
Dear-Boot4077,ConfidenceCareless71,Undirected,1.0,1.0
Dear-Boot4077,Enough_Credit_8199,Undirected,0.5,0.5
Dear-Boot4077,Miserable-Spinach867,Undirected,1.0,1.0
Dear-Boot4077,Big_Fennel2186,Undirected,1.0,1.0
Dear-Boot4077,Financial_Smile4143,Undirected,0.25,0.25
Dear-Boot4077,jodio_hoestar,Undirected,0.5,0.5
Dear-Boot4077,Pinkblushdiva,Undirected,0.5,0.5
Dear-Boot4077,Able_Compote6571,Undirected,0.25,0.25
Dear-Boot4077,CopiousCool,Undirected,0.3333333333333333,0.3333333333333333
Dear-Boot4077,Squidieyy,Undirected,1.0,1.0
Dear-Boot4077,palilibre,Undirected,0.5,0.5
Dear-Boot4077,Responsible-Term4482,Undirected,1.0,1.0
Dear-Boot4077,Unfair_Enthusiasm696,Undirected,1.0,1.0
Dear-Boot4077,Ok-Bicycle-12345,Undirected,1.0,1.0
Dear-Boot4077,ComfortableJello508,Undirected,1.0,1.0
Dear-Boot4077,FlabbyShabby,Undirected,1.0,1.0
Dear-Boot4077,Justarandomguy-fuck,Undirected,1.0,1.0
Dear-Boot4077,Late-Test2209,Undirected,1.0,1.0
Dear-Boot4077,ElectricalChance3664,Undirected,0.3333333333333333,0.3333333333333333
Dear-Boot4077,MrLabbrow,Undirected,1.0,1.0
Dear-Boot4077,Sea_Banana882,Undirected,0.5,0.5
Dear-Boot4077,CatacaX,Undirected,1.0,1.0
Dear-Boot4077,TonkaMaze,Undirected,1.0,1.0
Dear-Boot4077,J3ssM,Undirected,1.0,1.0
Dear-Boot4077,Early_Bad_,Undirected,1.0,1.0
Dear-Boot4077,abenites99,Undirected,1.0,1.0
Dear-Boot4077,Zealousideal-Item607,Undirected,0.5,0.5
Dear-Boot4077,NewPatron-St,Undirected,1.0,1.0
Dear-Boot4077,ChangePrestigious702,Undirected,1.0,1.0
Dear-Boot4077,Moth_Man_68,Undirected,1.0,1.0
Dear-Boot4077,No_Snow2245,Undirected,1.0,1.0
Dear-Boot4077,Perfect-Parking1536,Undirected,1.0,1.0
Dear-Boot4077,Ok_Somewhere9687,Undirected,1.0,1.0
Dear-Boot4077,CrossingVoid,Undirected,1.0,1.0
Dear-Boot4077,Icy_Giraffe3903,Undirected,1.0,1.0
Dear-Boot4077,No_Degree3814,Undirected,1.0,1.0
elifshafakenthusiast,yanonce,Undirected,1.0,1.0
elifshafakenthusiast,kamotos,Undirected,1.0,1.0
elifshafakenthusiast,Apollo_Delphi,Undirected,0.5,0.5
elifshafakenthusiast,pumpkinzh,Undirected,0.25,0.25
elifshafakenthusiast,Particular_Log_3594,Undirected,0.25,0.25
elifshafakenthusiast,dramaqueen09,Undirected,1.0,1.0
elifshafakenthusiast,Novel_Bass6032,Undirected,1.0,1.0
elifshafakenthusiast,Able_Compote6571,Undirected,0.25,0.25
elifshafakenthusiast,comrade-sunflower,Undirected,1.0,1.0
elifshafakenthusiast,Ambitious-Narwhal158,Undirected,0.5,0.5
elifshafakenthusiast,GermanLetsKotz,Undirected,1.0,1.0
elifshafakenthusiast,tallbigbear,Undirected,1.0,1.0
MrJasonMason,shane_4_us,Undirected,0.5,0.5
MrJasonMason,Comfortable_Spend436,Undirected,0.5,0.5
MrJasonMason,KingofTrilobites123,Undirected,0.25,0.25
MrJasonMason,ABCecy,Undirected,0.5,0.5
MrJasonMason,Apollo_Delphi,Undirected,0.3333333333333333,0.3333333333333333
MrJasonMason,Alternative-Dare-601,Undirected,0.5,0.5
MrJasonMason,torbatosecco,Undirected,0.5,0.5
MrJasonMason,Witty-Savings-2048,Undirected,0.5,0.5
MrJasonMason,SecretBiscotti8128,Undirected,1.0,1.0
MrJasonMason,QuranTutor_Muhamad,Undirected,0.5,0.5
MrJasonMason,UXUI75,Undirected,0.5,0.5
MrJasonMason,librephili,Undirected,0.2857142857142857,0.2857142857142857
MrJasonMason,Narrow_Guava_6239,Undirected,0.3333333333333333,0.3333333333333333
MrJasonMason,Able_Ad_4891,Undirected,0.5,0.5
MrJasonMason,PerspectiveGrand716,Undirected,0.5,0.5
MrJasonMason,itsamefas,Undirected,0.5,0.5
MrJasonMason,CosmeticChemistPro,Undirected,0.5,0.5
MrJasonMason,Hamdan-mohamed,Undirected,0.5,0.5
MrJasonMason,Blood11Orange,Undirected,0.5,0.5
MrJasonMason,SillyPassion7773,Undirected,0.5,0.5
MrJasonMason,That-Flamingo9866,Undirected,0.5,0.5
MrJasonMason,No_Newspaper_2914,Undirected,0.5,0.5
MrJasonMason,Sad_Recognition_6037,Undirected,0.5,0.5
MrJasonMason,DarkShadow13206,Undirected,0.5,0.5
MrJasonMason,introvertaltsakki,Undirected,0.5,0.5
MrJasonMason,Jealous-Ad-4838,Undirected,0.5,0.5
MrJasonMason,PandoraHadess,Undirected,0.5,0.5
MrJasonMason,Weird-Noise-180,Undirected,0.5,0.5
MrJasonMason,ElkNational9973,Undirected,0.5,0.5
MrJasonMason,Colei_the_weird,Undirected,0.5,0.5
MrJasonMason,isaboobers,Undirected,0.5,0.5
MrJasonMason,weirdgurl24,Undirected,0.5,0.5
MrJasonMason,Ok-Divide4719,Undirected,0.3333333333333333,0.3333333333333333
MrJasonMason,LofiOcean131,Undirected,0.5,0.5
MrJasonMason,Apprehensive-Cut9959,Undirected,0.5,0.5
MrJasonMason,Pinkblushdiva,Undirected,0.3333333333333333,0.3333333333333333
MrJasonMason,johnsmithoncemore,Undirected,0.3333333333333333,0.3333333333333333
MrJasonMason,Dangermouse0214,Undirected,0.5,0.5
MrJasonMason,Ridussey,Undirected,0.5,0.5
MrJasonMason,Away-Lavishness-3805,Undirected,0.5,0.5
MrJasonMason,winter_in_eden,Undirected,0.5,0.5
MrJasonMason,Asinead666,Undirected,0.5,0.5
MrJasonMason,SnooOwls4954,Undirected,0.5,0.5
MrJasonMason,Margiethecat,Undirected,0.5,0.5
MrJasonMason,pickl3dguava,Undirected,0.5,0.5
MrJasonMason,CopiousCool,Undirected,0.6666666666666666,0.6666666666666666
MrJasonMason,butterflyfrenchfry,Undirected,0.5,0.5
MrJasonMason,Effective_Nothing519,Undirected,0.5,0.5
MrJasonMason,Kekeegan,Undirected,0.5,0.5
MrJasonMason,aym0_0n,Undirected,0.5,0.5
MrJasonMason,Beneficial-Network91,Undirected,0.3333333333333333,0.3333333333333333
MrJasonMason,tyuptyupolpolp,Undirected,0.3333333333333333,0.3333333333333333
MrJasonMason,Hopeful_Worth315,Undirected,0.5,0.5
MrJasonMason,palilibre,Undirected,0.3333333333333333,0.3333333333333333
MrJasonMason,VISlONSOFALIFE,Undirected,0.5,0.5
MrJasonMason,Wolf4612,Undirected,0.3333333333333333,0.3333333333333333
MrJasonMason,Sp1dderxyz,Undirected,0.5,0.5
MrJasonMason,cats_and_coffee15,Undirected,0.5,0.5
MrJasonMason,Ambitious-Narwhal158,Undirected,0.3333333333333333,0.3333333333333333
MrJasonMason,peachemistry,Undirected,0.5,0.5
MrJasonMason,thatsjustarandomname,Undirected,0.5,0.5
MrJasonMason,ElectricalChance3664,Undirected,0.25,0.25
MrJasonMason,Akram-Brahimi,Undirected,0.3333333333333333,0.3333333333333333
MrJasonMason,Sea_Banana882,Undirected,0.3333333333333333,0.3333333333333333
MrJasonMason,m7mdhassballa,Undirected,0.5,0.5
MrJasonMason,Fantastic_Bag1560,Undirected,0.5,0.5
MrJasonMason,HuckleberryFuzzy918,Undirected,0.5,0.5
MrJasonMason,ResolutionDull5054,Undirected,0.5,0.5
MrJasonMason,Ok_Strawberry_2143,Undirected,0.3333333333333333,0.3333333333333333
MrJasonMason,VanillaAdventurous74,Undirected,0.5,0.5
MrJasonMason,TheAlphaKiller17,Undirected,0.5,0.5
MrJasonMason,venrir,Undirected,0.5,0.5
MrJasonMason,doctormelody18,Undirected,0.5,0.5
shane_4_us,Comfortable_Spend436,Undirected,1.0,1.0
shane_4_us,KingofTrilobites123,Undirected,0.3333333333333333,0.3333333333333333
shane_4_us,ABCecy,Undirected,1.0,1.0
shane_4_us,Apollo_Delphi,Undirected,0.5,0.5
shane_4_us,Alternative-Dare-601,Undirected,1.0,1.0
shane_4_us,Witty-Savings-2048,Undirected,1.0,1.0
shane_4_us,SecretBiscotti8128,Undirected,0.5,0.5
shane_4_us,adilbuilds,Undirected,0.25,0.25
shane_4_us,Narrow_Guava_6239,Undirected,0.5,0.5
shane_4_us,Particular_Log_3594,Undirected,0.25,0.25
shane_4_us,Able_Ad_4891,Undirected,1.0,1.0
shane_4_us,itsamefas,Undirected,1.0,1.0
shane_4_us,CosmeticChemistPro,Undirected,1.0,1.0
shane_4_us,Hamdan-mohamed,Undirected,1.0,1.0
shane_4_us,SillyPassion7773,Undirected,1.0,1.0
shane_4_us,That-Flamingo9866,Undirected,1.0,1.0
shane_4_us,No_Newspaper_2914,Undirected,1.0,1.0
shane_4_us,Sad_Recognition_6037,Undirected,1.0,1.0
shane_4_us,DarkShadow13206,Undirected,1.0,1.0
shane_4_us,introvertaltsakki,Undirected,1.0,1.0
shane_4_us,Jealous-Ad-4838,Undirected,1.0,1.0
shane_4_us,PandoraHadess,Undirected,1.0,1.0
shane_4_us,Weird-Noise-180,Undirected,1.0,1.0
shane_4_us,Financial_Smile4143,Undirected,0.25,0.25
shane_4_us,ElkNational9973,Undirected,1.0,1.0
shane_4_us,Colei_the_weird,Undirected,1.0,1.0
shane_4_us,isaboobers,Undirected,1.0,1.0
shane_4_us,Ok-Divide4719,Undirected,0.5,0.5
shane_4_us,LofiOcean131,Undirected,1.0,1.0
shane_4_us,Apprehensive-Cut9959,Undirected,1.0,1.0
shane_4_us,Pinkblushdiva,Undirected,0.5,0.5
shane_4_us,Ridussey,Undirected,1.0,1.0
shane_4_us,Away-Lavishness-3805,Undirected,1.0,1.0
shane_4_us,winter_in_eden,Undirected,1.0,1.0
shane_4_us,Asinead666,Undirected,1.0,1.0
shane_4_us,SnooOwls4954,Undirected,1.0,1.0
shane_4_us,Margiethecat,Undirected,1.0,1.0
shane_4_us,Able_Compote6571,Undirected,0.25,0.25
shane_4_us,pickl3dguava,Undirected,1.0,1.0
shane_4_us,CopiousCool,Undirected,0.3333333333333333,0.3333333333333333
shane_4_us,butterflyfrenchfry,Undirected,1.0,1.0
shane_4_us,Effective_Nothing519,Undirected,1.0,1.0
shane_4_us,Kekeegan,Undirected,1.0,1.0
shane_4_us,aym0_0n,Undirected,1.0,1.0
shane_4_us,Beneficial-Network91,Undirected,0.5,0.5
shane_4_us,tyuptyupolpolp,Undirected,0.5,0.5
shane_4_us,Hopeful_Worth315,Undirected,1.0,1.0
shane_4_us,palilibre,Undirected,0.5,0.5
shane_4_us,VISlONSOFALIFE,Undirected,1.0,1.0
shane_4_us,Sp1dderxyz,Undirected,1.0,1.0
shane_4_us,cats_and_coffee15,Undirected,1.0,1.0
shane_4_us,Ambitious-Narwhal158,Undirected,0.5,0.5
shane_4_us,peachemistry,Undirected,1.0,1.0
shane_4_us,thatsjustarandomname,Undirected,1.0,1.0
shane_4_us,Akram-Brahimi,Undirected,0.5,0.5
shane_4_us,Sea_Banana882,Undirected,0.5,0.5
shane_4_us,m7mdhassballa,Undirected,1.0,1.0
shane_4_us,Fantastic_Bag1560,Undirected,1.0,1.0
shane_4_us,HuckleberryFuzzy918,Undirected,1.0,1.0
shane_4_us,ResolutionDull5054,Undirected,1.0,1.0
shane_4_us,VanillaAdventurous74,Undirected,1.0,1.0
shane_4_us,TheAlphaKiller17,Undirected,1.0,1.0
shane_4_us,doctormelody18,Undirected,1.0,1.0
Comfortable_Spend436,KingofTrilobites123,Undirected,0.3333333333333333,0.3333333333333333
Comfortable_Spend436,ABCecy,Undirected,1.0,1.0
Comfortable_Spend436,Apollo_Delphi,Undirected,0.5,0.5
Comfortable_Spend436,Alternative-Dare-601,Undirected,1.0,1.0
Comfortable_Spend436,Witty-Savings-2048,Undirected,1.0,1.0
Comfortable_Spend436,SecretBiscotti8128,Undirected,0.5,0.5
Comfortable_Spend436,adilbuilds,Undirected,0.25,0.25
Comfortable_Spend436,Narrow_Guava_6239,Undirected,0.5,0.5
Comfortable_Spend436,Particular_Log_3594,Undirected,0.25,0.25
Comfortable_Spend436,Able_Ad_4891,Undirected,1.0,1.0
Comfortable_Spend436,itsamefas,Undirected,1.0,1.0
Comfortable_Spend436,CosmeticChemistPro,Undirected,1.0,1.0
Comfortable_Spend436,Hamdan-mohamed,Undirected,1.0,1.0
Comfortable_Spend436,SillyPassion7773,Undirected,1.0,1.0
Comfortable_Spend436,That-Flamingo9866,Undirected,1.0,1.0
Comfortable_Spend436,No_Newspaper_2914,Undirected,1.0,1.0
Comfortable_Spend436,Sad_Recognition_6037,Undirected,1.0,1.0
Comfortable_Spend436,DarkShadow13206,Undirected,1.0,1.0
Comfortable_Spend436,introvertaltsakki,Undirected,1.0,1.0
Comfortable_Spend436,Jealous-Ad-4838,Undirected,1.0,1.0
Comfortable_Spend436,PandoraHadess,Undirected,1.0,1.0
Comfortable_Spend436,Weird-Noise-180,Undirected,1.0,1.0
Comfortable_Spend436,Financial_Smile4143,Undirected,0.25,0.25
Comfortable_Spend436,ElkNational9973,Undirected,1.0,1.0
Comfortable_Spend436,Colei_the_weird,Undirected,1.0,1.0
Comfortable_Spend436,isaboobers,Undirected,1.0,1.0
Comfortable_Spend436,Ok-Divide4719,Undirected,0.5,0.5
Comfortable_Spend436,LofiOcean131,Undirected,1.0,1.0
Comfortable_Spend436,Apprehensive-Cut9959,Undirected,1.0,1.0
Comfortable_Spend436,Pinkblushdiva,Undirected,0.5,0.5
Comfortable_Spend436,Ridussey,Undirected,1.0,1.0
Comfortable_Spend436,Away-Lavishness-3805,Undirected,1.0,1.0
Comfortable_Spend436,winter_in_eden,Undirected,1.0,1.0
Comfortable_Spend436,Asinead666,Undirected,1.0,1.0
Comfortable_Spend436,SnooOwls4954,Undirected,1.0,1.0
Comfortable_Spend436,Margiethecat,Undirected,1.0,1.0
Comfortable_Spend436,Able_Compote6571,Undirected,0.25,0.25
Comfortable_Spend436,pickl3dguava,Undirected,1.0,1.0
Comfortable_Spend436,CopiousCool,Undirected,0.3333333333333333,0.3333333333333333
Comfortable_Spend436,butterflyfrenchfry,Undirected,1.0,1.0
Comfortable_Spend436,Effective_Nothing519,Undirected,1.0,1.0
Comfortable_Spend436,Kekeegan,Undirected,1.0,1.0
Comfortable_Spend436,aym0_0n,Undirected,1.0,1.0
Comfortable_Spend436,Beneficial-Network91,Undirected,0.5,0.5
Comfortable_Spend436,tyuptyupolpolp,Undirected,0.5,0.5
Comfortable_Spend436,Hopeful_Worth315,Undirected,1.0,1.0
Comfortable_Spend436,palilibre,Undirected,0.5,0.5
Comfortable_Spend436,VISlONSOFALIFE,Undirected,1.0,1.0
Comfortable_Spend436,Sp1dderxyz,Undirected,1.0,1.0
Comfortable_Spend436,cats_and_coffee15,Undirected,1.0,1.0
Comfortable_Spend436,Ambitious-Narwhal158,Undirected,0.5,0.5
Comfortable_Spend436,peachemistry,Undirected,1.0,1.0
Comfortable_Spend436,thatsjustarandomname,Undirected,1.0,1.0
Comfortable_Spend436,Akram-Brahimi,Undirected,0.5,0.5
Comfortable_Spend436,Sea_Banana882,Undirected,0.5,0.5
Comfortable_Spend436,m7mdhassballa,Undirected,1.0,1.0
Comfortable_Spend436,Fantastic_Bag1560,Undirected,1.0,1.0
Comfortable_Spend436,HuckleberryFuzzy918,Undirected,1.0,1.0
Comfortable_Spend436,ResolutionDull5054,Undirected,1.0,1.0
Comfortable_Spend436,VanillaAdventurous74,Undirected,1.0,1.0
Comfortable_Spend436,TheAlphaKiller17,Undirected,1.0,1.0
Comfortable_Spend436,doctormelody18,Undirected,1.0,1.0
yanonce,kamotos,Undirected,1.0,1.0
yanonce,Apollo_Delphi,Undirected,0.5,0.5
yanonce,pumpkinzh,Undirected,0.25,0.25
yanonce,Particular_Log_3594,Undirected,0.25,0.25
yanonce,dramaqueen09,Undirected,1.0,1.0
yanonce,Novel_Bass6032,Undirected,1.0,1.0
yanonce,Able_Compote6571,Undirected,0.25,0.25
yanonce,comrade-sunflower,Undirected,1.0,1.0
yanonce,Ambitious-Narwhal158,Undirected,0.5,0.5
yanonce,GermanLetsKotz,Undirected,1.0,1.0
yanonce,tallbigbear,Undirected,1.0,1.0
KingofTrilobites123,ABCecy,Undirected,0.3333333333333333,0.3333333333333333
KingofTrilobites123,ThrovvQuestionsAway,Undirected,0.3333333333333333,0.3333333333333333
KingofTrilobites123,Apollo_Delphi,Undirected,0.25,0.25
KingofTrilobites123,Alternative-Dare-601,Undirected,0.3333333333333333,0.3333333333333333
KingofTrilobites123,ReachZestyclose,Undirected,0.3333333333333333,0.3333333333333333
KingofTrilobites123,Witty-Savings-2048,Undirected,0.3333333333333333,0.3333333333333333
KingofTrilobites123,Ok-Following6886,Undirected,0.3333333333333333,0.3333333333333333
KingofTrilobites123,SecretBiscotti8128,Undirected,0.25,0.25
KingofTrilobites123,adilbuilds,Undirected,0.4,0.4
KingofTrilobites123,librephili,Undirected,0.42857142857142855,0.42857142857142855
KingofTrilobites123,Songmorning,Undirected,0.3333333333333333,0.3333333333333333
KingofTrilobites123,Narrow_Guava_6239,Undirected,0.25,0.25
KingofTrilobites123,Plane-Imagination593,Undirected,0.3333333333333333,0.3333333333333333
KingofTrilobites123,safemath,Undirected,0.6666666666666666,0.6666666666666666
KingofTrilobites123,Particular_Log_3594,Undirected,0.4,0.4
KingofTrilobites123,chopstickemup,Undirected,0.3333333333333333,0.3333333333333333
KingofTrilobites123,Able_Ad_4891,Undirected,0.3333333333333333,0.3333333333333333
KingofTrilobites123,CosmiicBrowni,Undirected,0.3333333333333333,0.3333333333333333
KingofTrilobites123,carTot254,Undirected,0.3333333333333333,0.3333333333333333
KingofTrilobites123,ShedSoManyTears4Gaza,Undirected,0.3333333333333333,0.3333333333333333
KingofTrilobites123,itsamefas,Undirected,0.3333333333333333,0.3333333333333333
KingofTrilobites123,CosmeticChemistPro,Undirected,0.3333333333333333,0.3333333333333333
KingofTrilobites123,Hamdan-mohamed,Undirected,0.3333333333333333,0.3333333333333333
KingofTrilobites123,natural_piano1836,Undirected,0.3333333333333333,0.3333333333333333
KingofTrilobites123,SillyPassion7773,Undirected,0.3333333333333333,0.3333333333333333
KingofTrilobites123,librePali,Undirected,0.3333333333333333,0.3333333333333333
KingofTrilobites123,ExtHD,Undirected,0.3333333333333333,0.3333333333333333
KingofTrilobites123,ibrahim_D12,Undirected,0.3333333333333333,0.3333333333333333
KingofTrilobites123,That-Flamingo9866,Undirected,0.3333333333333333,0.3333333333333333
KingofTrilobites123,ConfidenceCareless71,Undirected,0.3333333333333333,0.3333333333333333
KingofTrilobites123,No_Newspaper_2914,Undirected,0.3333333333333333,0.3333333333333333
KingofTrilobites123,Enough_Credit_8199,Undirected,0.6666666666666666,0.6666666666666666
KingofTrilobites123,Sad_Recognition_6037,Undirected,0.3333333333333333,0.3333333333333333
KingofTrilobites123,DarkShadow13206,Undirected,0.3333333333333333,0.3333333333333333
KingofTrilobites123,Miserable-Spinach867,Undirected,0.3333333333333333,0.3333333333333333
KingofTrilobites123,Big_Fennel2186,Undirected,0.3333333333333333,0.3333333333333333
KingofTrilobites123,introvertaltsakki,Undirected,0.3333333333333333,0.3333333333333333
KingofTrilobites123,Jealous-Ad-4838,Undirected,0.3333333333333333,0.3333333333333333
KingofTrilobites123,urek__mazino_4444,Undirected,0.3333333333333333,0.3333333333333333
KingofTrilobites123,PandoraHadess,Undirected,0.3333333333333333,0.3333333333333333
KingofTrilobites123,Weird-Noise-180,Undirected,0.3333333333333333,0.3333333333333333
KingofTrilobites123,Financial_Smile4143,Undirected,0.4,0.4
KingofTrilobites123,ElkNational9973,Undirected,0.3333333333333333,0.3333333333333333
KingofTrilobites123,jodio_hoestar,Undirected,0.25,0.25
KingofTrilobites123,Colei_the_weird,Undirected,0.3333333333333333,0.3333333333333333
KingofTrilobites123,isaboobers,Undirected,0.3333333333333333,0.3333333333333333
KingofTrilobites123,shladvic,Undirected,0.3333333333333333,0.3333333333333333
KingofTrilobites123,Ok-Divide4719,Undirected,0.25,0.25
KingofTrilobites123,LofiOcean131,Undirected,0.3333333333333333,0.3333333333333333
KingofTrilobites123,Apprehensive-Cut9959,Undirected,0.3333333333333333,0.3333333333333333
KingofTrilobites123,Pinkblushdiva,Undirected,0.6666666666666666,0.6666666666666666
KingofTrilobites123,Ridussey,Undirected,0.3333333333333333,0.3333333333333333
KingofTrilobites123,Away-Lavishness-3805,Undirected,0.3333333333333333,0.3333333333333333
KingofTrilobites123,winter_in_eden,Undirected,0.3333333333333333,0.3333333333333333
KingofTrilobites123,Asinead666,Undirected,0.3333333333333333,0.3333333333333333
KingofTrilobites123,SnooOwls4954,Undirected,0.3333333333333333,0.3333333333333333
KingofTrilobites123,Margiethecat,Undirected,0.3333333333333333,0.3333333333333333
KingofTrilobites123,Able_Compote6571,Undirected,0.4,0.4
KingofTrilobites123,pickl3dguava,Undirected,0.3333333333333333,0.3333333333333333
KingofTrilobites123,CopiousCool,Undirected,0.5,0.5
KingofTrilobites123,butterflyfrenchfry,Undirected,0.3333333333333333,0.3333333333333333
KingofTrilobites123,littleeeloveee,Undirected,0.3333333333333333,0.3333333333333333
KingofTrilobites123,Effective_Nothing519,Undirected,0.3333333333333333,0.3333333333333333
KingofTrilobites123,CryingInTheGrass,Undirected,0.3333333333333333,0.3333333333333333
KingofTrilobites123,Kekeegan,Undirected,0.3333333333333333,0.3333333333333333
KingofTrilobites123,aym0_0n,Undirected,0.3333333333333333,0.3333333333333333
KingofTrilobites123,Beneficial-Network91,Undirected,0.25,0.25
KingofTrilobites123,Squidieyy,Undirected,0.3333333333333333,0.3333333333333333
KingofTrilobites123,tyuptyupolpolp,Undirected,0.6666666666666666,0.6666666666666666
KingofTrilobites123,Hopeful_Worth315,Undirected,0.3333333333333333,0.3333333333333333
KingofTrilobites123,palilibre,Undirected,0.6666666666666666,0.6666666666666666
KingofTrilobites123,VISlONSOFALIFE,Undirected,0.3333333333333333,0.3333333333333333
KingofTrilobites123,Sp1dderxyz,Undirected,0.3333333333333333,0.3333333333333333
KingofTrilobites123,Responsible-Term4482,Undirected,0.3333333333333333,0.3333333333333333
KingofTrilobites123,cats_and_coffee15,Undirected,0.3333333333333333,0.3333333333333333
KingofTrilobites123,walkyslaysh,Undirected,0.3333333333333333,0.3333333333333333
KingofTrilobites123,hanandmeow,Undirected,0.3333333333333333,0.3333333333333333
KingofTrilobites123,Ambitious-Narwhal158,Undirected,0.25,0.25
KingofTrilobites123,Unfair_Enthusiasm696,Undirected,0.3333333333333333,0.3333333333333333
KingofTrilobites123,peachemistry,Undirected,0.3333333333333333,0.3333333333333333
KingofTrilobites123,Ok-Bicycle-12345,Undirected,0.3333333333333333,0.3333333333333333
KingofTrilobites123,ComfortableJello508,Undirected,0.3333333333333333,0.3333333333333333
KingofTrilobites123,KrackalackinKraken,Undirected,0.3333333333333333,0.3333333333333333
KingofTrilobites123,SystemNo524,Undirected,0.3333333333333333,0.3333333333333333
KingofTrilobites123,FlabbyShabby,Undirected,0.3333333333333333,0.3333333333333333
KingofTrilobites123,Justarandomguy-fuck,Undirected,0.3333333333333333,0.3333333333333333
KingofTrilobites123,thatsjustarandomname,Undirected,0.3333333333333333,0.3333333333333333
KingofTrilobites123,Late-Test2209,Undirected,0.3333333333333333,0.3333333333333333
KingofTrilobites123,MrLabbrow,Undirected,0.3333333333333333,0.3333333333333333
KingofTrilobites123,Akram-Brahimi,Undirected,0.25,0.25
KingofTrilobites123,Sea_Banana882,Undirected,0.6666666666666666,0.6666666666666666
KingofTrilobites123,CatacaX,Undirected,0.3333333333333333,0.3333333333333333
KingofTrilobites123,Altruistic-Look6136,Undirected,0.3333333333333333,0.3333333333333333
KingofTrilobites123,TonkaMaze,Undirected,0.3333333333333333,0.3333333333333333
KingofTrilobites123,m7mdhassballa,Undirected,0.3333333333333333,0.3333333333333333
KingofTrilobites123,J3ssM,Undirected,0.3333333333333333,0.3333333333333333
KingofTrilobites123,Early_Bad_,Undirected,0.3333333333333333,0.3333333333333333
KingofTrilobites123,Accomplished-Low9635,Undirected,0.3333333333333333,0.3333333333333333
KingofTrilobites123,Fantastic_Bag1560,Undirected,0.3333333333333333,0.3333333333333333
KingofTrilobites123,Forward-Molasses4404,Undirected,0.3333333333333333,0.3333333333333333
KingofTrilobites123,abenites99,Undirected,0.3333333333333333,0.3333333333333333
KingofTrilobites123,Zealousideal-Item607,Undirected,0.25,0.25
KingofTrilobites123,NewPatron-St,Undirected,0.3333333333333333,0.3333333333333333
KingofTrilobites123,ChangePrestigious702,Undirected,0.3333333333333333,0.3333333333333333
KingofTrilobites123,Moth_Man_68,Undirected,0.3333333333333333,0.3333333333333333
KingofTrilobites123,No_Snow2245,Undirected,0.3333333333333333,0.3333333333333333
KingofTrilobites123,Perfect-Parking1536,Undirected,0.3333333333333333,0.3333333333333333
KingofTrilobites123,HuckleberryFuzzy918,Undirected,0.3333333333333333,0.3333333333333333
KingofTrilobites123,ResolutionDull5054,Undirected,0.3333333333333333,0.3333333333333333
KingofTrilobites123,Ok_Strawberry_2143,Undirected,0.25,0.25
KingofTrilobites123,Ok_Somewhere9687,Undirected,0.3333333333333333,0.3333333333333333
KingofTrilobites123,Ur_Shado,Undirected,0.3333333333333333,0.3333333333333333
KingofTrilobites123,VanillaAdventurous74,Undirected,0.3333333333333333,0.3333333333333333
KingofTrilobites123,TheAlphaKiller17,Undirected,0.3333333333333333,0.3333333333333333
KingofTrilobites123,CrossingVoid,Undirected,0.3333333333333333,0.3333333333333333
KingofTrilobites123,Icy_Giraffe3903,Undirected,0.3333333333333333,0.3333333333333333
KingofTrilobites123,doctormelody18,Undirected,0.3333333333333333,0.3333333333333333
KingofTrilobites123,No_Degree3814,Undirected,0.3333333333333333,0.3333333333333333
ABCecy,Apollo_Delphi,Undirected,0.5,0.5
ABCecy,Alternative-Dare-601,Undirected,1.0,1.0
ABCecy,Witty-Savings-2048,Undirected,1.0,1.0
ABCecy,SecretBiscotti8128,Undirected,0.5,0.5
ABCecy,adilbuilds,Undirected,0.25,0.25
ABCecy,Narrow_Guava_6239,Undirected,0.5,0.5
ABCecy,Particular_Log_3594,Undirected,0.25,0.25
ABCecy,Able_Ad_4891,Undirected,1.0,1.0
ABCecy,itsamefas,Undirected,1.0,1.0
ABCecy,CosmeticChemistPro,Undirected,1.0,1.0
ABCecy,Hamdan-mohamed,Undirected,1.0,1.0
ABCecy,SillyPassion7773,Undirected,1.0,1.0
ABCecy,That-Flamingo9866,Undirected,1.0,1.0
ABCecy,No_Newspaper_2914,Undirected,1.0,1.0
ABCecy,Sad_Recognition_6037,Undirected,1.0,1.0
ABCecy,DarkShadow13206,Undirected,1.0,1.0
ABCecy,introvertaltsakki,Undirected,1.0,1.0
ABCecy,Jealous-Ad-4838,Undirected,1.0,1.0
ABCecy,PandoraHadess,Undirected,1.0,1.0
ABCecy,Weird-Noise-180,Undirected,1.0,1.0
ABCecy,Financial_Smile4143,Undirected,0.25,0.25
ABCecy,ElkNational9973,Undirected,1.0,1.0
ABCecy,Colei_the_weird,Undirected,1.0,1.0
ABCecy,isaboobers,Undirected,1.0,1.0
ABCecy,Ok-Divide4719,Undirected,0.5,0.5
ABCecy,LofiOcean131,Undirected,1.0,1.0
ABCecy,Apprehensive-Cut9959,Undirected,1.0,1.0
ABCecy,Pinkblushdiva,Undirected,0.5,0.5
ABCecy,Ridussey,Undirected,1.0,1.0
ABCecy,Away-Lavishness-3805,Undirected,1.0,1.0
ABCecy,winter_in_eden,Undirected,1.0,1.0
ABCecy,Asinead666,Undirected,1.0,1.0
ABCecy,SnooOwls4954,Undirected,1.0,1.0
ABCecy,Margiethecat,Undirected,1.0,1.0
ABCecy,Able_Compote6571,Undirected,0.25,0.25
ABCecy,pickl3dguava,Undirected,1.0,1.0
ABCecy,CopiousCool,Undirected,0.3333333333333333,0.3333333333333333
ABCecy,butterflyfrenchfry,Undirected,1.0,1.0
ABCecy,Effective_Nothing519,Undirected,1.0,1.0
ABCecy,Kekeegan,Undirected,1.0,1.0
ABCecy,aym0_0n,Undirected,1.0,1.0
ABCecy,Beneficial-Network91,Undirected,0.5,0.5
ABCecy,tyuptyupolpolp,Undirected,0.5,0.5
ABCecy,Hopeful_Worth315,Undirected,1.0,1.0
ABCecy,palilibre,Undirected,0.5,0.5
ABCecy,VISlONSOFALIFE,Undirected,1.0,1.0
ABCecy,Sp1dderxyz,Undirected,1.0,1.0
ABCecy,cats_and_coffee15,Undirected,1.0,1.0
ABCecy,Ambitious-Narwhal158,Undirected,0.5,0.5
ABCecy,peachemistry,Undirected,1.0,1.0
ABCecy,thatsjustarandomname,Undirected,1.0,1.0
ABCecy,Akram-Brahimi,Undirected,0.5,0.5
ABCecy,Sea_Banana882,Undirected,0.5,0.5
ABCecy,m7mdhassballa,Undirected,1.0,1.0
ABCecy,Fantastic_Bag1560,Undirected,1.0,1.0
ABCecy,HuckleberryFuzzy918,Undirected,1.0,1.0
ABCecy,ResolutionDull5054,Undirected,1.0,1.0
ABCecy,VanillaAdventurous74,Undirected,1.0,1.0
ABCecy,TheAlphaKiller17,Undirected,1.0,1.0
ABCecy,doctormelody18,Undirected,1.0,1.0
ThrovvQuestionsAway,safemath,Undirected,0.5,0.5
ThrovvQuestionsAway,CosmiicBrowni,Undirected,1.0,1.0
ThrovvQuestionsAway,ShedSoManyTears4Gaza,Undirected,1.0,1.0
ThrovvQuestionsAway,Enough_Credit_8199,Undirected,0.5,0.5
ThrovvQuestionsAway,urek__mazino_4444,Undirected,1.0,1.0
ThrovvQuestionsAway,shladvic,Undirected,1.0,1.0
ThrovvQuestionsAway,littleeeloveee,Undirected,1.0,1.0
ThrovvQuestionsAway,CryingInTheGrass,Undirected,1.0,1.0
ThrovvQuestionsAway,tyuptyupolpolp,Undirected,0.5,0.5
ThrovvQuestionsAway,walkyslaysh,Undirected,1.0,1.0
ThrovvQuestionsAway,hanandmeow,Undirected,1.0,1.0
ThrovvQuestionsAway,KrackalackinKraken,Undirected,1.0,1.0
ThrovvQuestionsAway,SystemNo524,Undirected,1.0,1.0
ThrovvQuestionsAway,Altruistic-Look6136,Undirected,1.0,1.0
ThrovvQuestionsAway,Accomplished-Low9635,Undirected,1.0,1.0
ThrovvQuestionsAway,Forward-Molasses4404,Undirected,1.0,1.0
ThrovvQuestionsAway,Ok_Strawberry_2143,Undirected,0.5,0.5
ThrovvQuestionsAway,Ur_Shado,Undirected,1.0,1.0
pinklewickers,Chobikil,Undirected,1.0,1.0
pinklewickers,damon121231,Undirected,1.0,1.0
pinklewickers,Financial_Smile4143,Undirected,0.25,0.25
pinklewickers,-SimpleRicks-,Undirected,1.0,1.0
pinklewickers,Ok-Divide4719,Undirected,0.5,0.5
pinklewickers,calombia,Undirected,1.0,1.0
pinklewickers,Able_Compote6571,Undirected,0.25,0.25
pinklewickers,Psychological-Gear78,Undirected,1.0,1.0
pinklewickers,Amoonthedollygirl,Undirected,1.0,1.0
pinklewickers,SamZ025,Undirected,1.0,1.0
pinklewickers,ResearchWorking3402,Undirected,1.0,1.0
pinklewickers,Zealousideal-Item607,Undirected,0.5,0.5
pinklewickers,guibidesc,Undirected,1.0,1.0
Chobikil,damon121231,Undirected,1.0,1.0
Chobikil,Financial_Smile4143,Undirected,0.25,0.25
Chobikil,-SimpleRicks-,Undirected,1.0,1.0
Chobikil,Ok-Divide4719,Undirected,0.5,0.5
Chobikil,calombia,Undirected,1.0,1.0
Chobikil,Able_Compote6571,Undirected,0.25,0.25
Chobikil,Psychological-Gear78,Undirected,1.0,1.0
Chobikil,Amoonthedollygirl,Undirected,1.0,1.0
Chobikil,SamZ025,Undirected,1.0,1.0
Chobikil,ResearchWorking3402,Undirected,1.0,1.0
Chobikil,Zealousideal-Item607,Undirected,0.5,0.5
Chobikil,guibidesc,Undirected,1.0,1.0
kamotos,Apollo_Delphi,Undirected,0.5,0.5
kamotos,pumpkinzh,Undirected,0.25,0.25
kamotos,Particular_Log_3594,Undirected,0.25,0.25
kamotos,dramaqueen09,Undirected,1.0,1.0
kamotos,Novel_Bass6032,Undirected,1.0,1.0
kamotos,Able_Compote6571,Undirected,0.25,0.25
kamotos,comrade-sunflower,Undirected,1.0,1.0
kamotos,Ambitious-Narwhal158,Undirected,0.5,0.5
kamotos,GermanLetsKotz,Undirected,1.0,1.0
kamotos,tallbigbear,Undirected,1.0,1.0
Apollo_Delphi,Alternative-Dare-601,Undirected,0.5,0.5
Apollo_Delphi,Witty-Savings-2048,Undirected,0.5,0.5
Apollo_Delphi,SecretBiscotti8128,Undirected,0.3333333333333333,0.3333333333333333
Apollo_Delphi,Narrow_Guava_6239,Undirected,0.3333333333333333,0.3333333333333333
Apollo_Delphi,Particular_Log_3594,Undirected,0.5,0.5
Apollo_Delphi,Able_Ad_4891,Undirected,0.5,0.5
Apollo_Delphi,itsamefas,Undirected,0.5,0.5
Apollo_Delphi,CosmeticChemistPro,Undirected,0.5,0.5
Apollo_Delphi,Hamdan-mohamed,Undirected,0.5,0.5
Apollo_Delphi,dramaqueen09,Undirected,0.5,0.5
Apollo_Delphi,SillyPassion7773,Undirected,0.5,0.5
Apollo_Delphi,That-Flamingo9866,Undirected,0.5,0.5
Apollo_Delphi,No_Newspaper_2914,Undirected,0.5,0.5
Apollo_Delphi,Sad_Recognition_6037,Undirected,0.5,0.5
Apollo_Delphi,DarkShadow13206,Undirected,0.5,0.5
Apollo_Delphi,introvertaltsakki,Undirected,0.5,0.5
Apollo_Delphi,Jealous-Ad-4838,Undirected,0.5,0.5
Apollo_Delphi,PandoraHadess,Undirected,0.5,0.5
Apollo_Delphi,Weird-Noise-180,Undirected,0.5,0.5
Apollo_Delphi,ElkNational9973,Undirected,0.5,0.5
Apollo_Delphi,Colei_the_weird,Undirected,0.5,0.5
Apollo_Delphi,isaboobers,Undirected,0.5,0.5
Apollo_Delphi,Ok-Divide4719,Undirected,0.3333333333333333,0.3333333333333333
Apollo_Delphi,LofiOcean131,Undirected,0.5,0.5
Apollo_Delphi,Apprehensive-Cut9959,Undirected,0.5,0.5
Apollo_Delphi,Pinkblushdiva,Undirected,0.3333333333333333,0.3333333333333333
Apollo_Delphi,Novel_Bass6032,Undirected,0.5,0.5
Apollo_Delphi,Ridussey,Undirected,0.5,0.5
Apollo_Delphi,Away-Lavishness-3805,Undirected,0.5,0.5
Apollo_Delphi,winter_in_eden,Undirected,0.5,0.5
Apollo_Delphi,Asinead666,Undirected,0.5,0.5
Apollo_Delphi,SnooOwls4954,Undirected,0.5,0.5
Apollo_Delphi,Margiethecat,Undirected,0.5,0.5
Apollo_Delphi,Able_Compote6571,Undirected,0.5,0.5
Apollo_Delphi,pickl3dguava,Undirected,0.5,0.5
Apollo_Delphi,CopiousCool,Undirected,0.25,0.25
Apollo_Delphi,butterflyfrenchfry,Undirected,0.5,0.5
Apollo_Delphi,Effective_Nothing519,Undirected,0.5,0.5
Apollo_Delphi,Kekeegan,Undirected,0.5,0.5
Apollo_Delphi,aym0_0n,Undirected,0.5,0.5
Apollo_Delphi,Beneficial-Network91,Undirected,0.3333333333333333,0.3333333333333333
Apollo_Delphi,tyuptyupolpolp,Undirected,0.3333333333333333,0.3333333333333333
Apollo_Delphi,Hopeful_Worth315,Undirected,0.5,0.5
Apollo_Delphi,palilibre,Undirected,0.3333333333333333,0.3333333333333333
Apollo_Delphi,VISlONSOFALIFE,Undirected,0.5,0.5
Apollo_Delphi,Sp1dderxyz,Undirected,0.5,0.5
Apollo_Delphi,comrade-sunflower,Undirected,0.5,0.5
Apollo_Delphi,cats_and_coffee15,Undirected,0.5,0.5
Apollo_Delphi,Ambitious-Narwhal158,Undirected,1.0,1.0
Apollo_Delphi,peachemistry,Undirected,0.5,0.5
Apollo_Delphi,GermanLetsKotz,Undirected,0.5,0.5
Apollo_Delphi,thatsjustarandomname,Undirected,0.5,0.5
Apollo_Delphi,Akram-Brahimi,Undirected,0.3333333333333333,0.3333333333333333
Apollo_Delphi,Sea_Banana882,Undirected,0.3333333333333333,0.3333333333333333
Apollo_Delphi,m7mdhassballa,Undirected,0.5,0.5
Apollo_Delphi,Fantastic_Bag1560,Undirected,0.5,0.5
Apollo_Delphi,HuckleberryFuzzy918,Undirected,0.5,0.5
Apollo_Delphi,ResolutionDull5054,Undirected,0.5,0.5
Apollo_Delphi,VanillaAdventurous74,Undirected,0.5,0.5
Apollo_Delphi,TheAlphaKiller17,Undirected,0.5,0.5
Apollo_Delphi,tallbigbear,Undirected,0.5,0.5
Apollo_Delphi,doctormelody18,Undirected,0.5,0.5
Alternative-Dare-601,Witty-Savings-2048,Undirected,1.0,1.0
Alternative-Dare-601,SecretBiscotti8128,Undirected,0.5,0.5
Alternative-Dare-601,adilbuilds,Undirected,0.25,0.25
Alternative-Dare-601,Narrow_Guava_6239,Undirected,0.5,0.5
Alternative-Dare-601,Particular_Log_3594,Undirected,0.25,0.25
Alternative-Dare-601,Able_Ad_4891,Undirected,1.0,1.0
Alternative-Dare-601,itsamefas,Undirected,1.0,1.0
Alternative-Dare-601,CosmeticChemistPro,Undirected,1.0,1.0
Alternative-Dare-601,Hamdan-mohamed,Undirected,1.0,1.0
Alternative-Dare-601,SillyPassion7773,Undirected,1.0,1.0
Alternative-Dare-601,That-Flamingo9866,Undirected,1.0,1.0
Alternative-Dare-601,No_Newspaper_2914,Undirected,1.0,1.0
Alternative-Dare-601,Sad_Recognition_6037,Undirected,1.0,1.0
Alternative-Dare-601,DarkShadow13206,Undirected,1.0,1.0
Alternative-Dare-601,introvertaltsakki,Undirected,1.0,1.0
Alternative-Dare-601,Jealous-Ad-4838,Undirected,1.0,1.0
Alternative-Dare-601,PandoraHadess,Undirected,1.0,1.0
Alternative-Dare-601,Weird-Noise-180,Undirected,1.0,1.0
Alternative-Dare-601,Financial_Smile4143,Undirected,0.25,0.25
Alternative-Dare-601,ElkNational9973,Undirected,1.0,1.0
Alternative-Dare-601,Colei_the_weird,Undirected,1.0,1.0
Alternative-Dare-601,isaboobers,Undirected,1.0,1.0
Alternative-Dare-601,Ok-Divide4719,Undirected,0.5,0.5
Alternative-Dare-601,LofiOcean131,Undirected,1.0,1.0
Alternative-Dare-601,Apprehensive-Cut9959,Undirected,1.0,1.0
Alternative-Dare-601,Pinkblushdiva,Undirected,0.5,0.5
Alternative-Dare-601,Ridussey,Undirected,1.0,1.0
Alternative-Dare-601,Away-Lavishness-3805,Undirected,1.0,1.0
Alternative-Dare-601,winter_in_eden,Undirected,1.0,1.0
Alternative-Dare-601,Asinead666,Undirected,1.0,1.0
Alternative-Dare-601,SnooOwls4954,Undirected,1.0,1.0
Alternative-Dare-601,Margiethecat,Undirected,1.0,1.0
Alternative-Dare-601,Able_Compote6571,Undirected,0.25,0.25
Alternative-Dare-601,pickl3dguava,Undirected,1.0,1.0
Alternative-Dare-601,CopiousCool,Undirected,0.3333333333333333,0.3333333333333333
Alternative-Dare-601,butterflyfrenchfry,Undirected,1.0,1.0
Alternative-Dare-601,Effective_Nothing519,Undirected,1.0,1.0
Alternative-Dare-601,Kekeegan,Undirected,1.0,1.0
Alternative-Dare-601,aym0_0n,Undirected,1.0,1.0
Alternative-Dare-601,Beneficial-Network91,Undirected,0.5,0.5
Alternative-Dare-601,tyuptyupolpolp,Undirected,0.5,0.5
Alternative-Dare-601,Hopeful_Worth315,Undirected,1.0,1.0
Alternative-Dare-601,palilibre,Undirected,0.5,0.5
Alternative-Dare-601,VISlONSOFALIFE,Undirected,1.0,1.0
Alternative-Dare-601,Sp1dderxyz,Undirected,1.0,1.0
Alternative-Dare-601,cats_and_coffee15,Undirected,1.0,1.0
Alternative-Dare-601,Ambitious-Narwhal158,Undirected,0.5,0.5
Alternative-Dare-601,peachemistry,Undirected,1.0,1.0
Alternative-Dare-601,thatsjustarandomname,Undirected,1.0,1.0
Alternative-Dare-601,Akram-Brahimi,Undirected,0.5,0.5
Alternative-Dare-601,Sea_Banana882,Undirected,0.5,0.5
Alternative-Dare-601,m7mdhassballa,Undirected,1.0,1.0
Alternative-Dare-601,Fantastic_Bag1560,Undirected,1.0,1.0
Alternative-Dare-601,HuckleberryFuzzy918,Undirected,1.0,1.0
Alternative-Dare-601,ResolutionDull5054,Undirected,1.0,1.0
Alternative-Dare-601,VanillaAdventurous74,Undirected,1.0,1.0
Alternative-Dare-601,TheAlphaKiller17,Undirected,1.0,1.0
Alternative-Dare-601,doctormelody18,Undirected,1.0,1.0
Dazzling_Pirate1411,pumpkinzh,Undirected,0.25,0.25
Dazzling_Pirate1411,Known-Platform1735,Undirected,1.0,1.0
Dazzling_Pirate1411,Financial_Smile4143,Undirected,0.25,0.25
ReachZestyclose,Ok-Following6886,Undirected,1.0,1.0
ReachZestyclose,adilbuilds,Undirected,0.25,0.25
ReachZestyclose,pumpkinzh,Undirected,0.25,0.25
ReachZestyclose,Songmorning,Undirected,1.0,1.0
ReachZestyclose,Plane-Imagination593,Undirected,1.0,1.0
ReachZestyclose,safemath,Undirected,0.5,0.5
ReachZestyclose,Particular_Log_3594,Undirected,0.25,0.25
ReachZestyclose,chopstickemup,Undirected,1.0,1.0
ReachZestyclose,carTot254,Undirected,1.0,1.0
ReachZestyclose,natural_piano1836,Undirected,1.0,1.0
ReachZestyclose,librePali,Undirected,1.0,1.0
ReachZestyclose,ExtHD,Undirected,1.0,1.0
ReachZestyclose,ibrahim_D12,Undirected,1.0,1.0
ReachZestyclose,ConfidenceCareless71,Undirected,1.0,1.0
ReachZestyclose,Enough_Credit_8199,Undirected,0.5,0.5
ReachZestyclose,Miserable-Spinach867,Undirected,1.0,1.0
ReachZestyclose,Big_Fennel2186,Undirected,1.0,1.0
ReachZestyclose,Financial_Smile4143,Undirected,0.25,0.25
ReachZestyclose,jodio_hoestar,Undirected,0.5,0.5
ReachZestyclose,Pinkblushdiva,Undirected,0.5,0.5
ReachZestyclose,Able_Compote6571,Undirected,0.25,0.25
ReachZestyclose,CopiousCool,Undirected,0.3333333333333333,0.3333333333333333
ReachZestyclose,Squidieyy,Undirected,1.0,1.0
ReachZestyclose,palilibre,Undirected,0.5,0.5
ReachZestyclose,Responsible-Term4482,Undirected,1.0,1.0
ReachZestyclose,Unfair_Enthusiasm696,Undirected,1.0,1.0
ReachZestyclose,Ok-Bicycle-12345,Undirected,1.0,1.0
ReachZestyclose,ComfortableJello508,Undirected,1.0,1.0
ReachZestyclose,FlabbyShabby,Undirected,1.0,1.0
ReachZestyclose,Justarandomguy-fuck,Undirected,1.0,1.0
ReachZestyclose,Late-Test2209,Undirected,1.0,1.0
ReachZestyclose,ElectricalChance3664,Undirected,0.3333333333333333,0.3333333333333333
ReachZestyclose,MrLabbrow,Undirected,1.0,1.0
ReachZestyclose,Sea_Banana882,Undirected,0.5,0.5
ReachZestyclose,CatacaX,Undirected,1.0,1.0
ReachZestyclose,TonkaMaze,Undirected,1.0,1.0
ReachZestyclose,J3ssM,Undirected,1.0,1.0
ReachZestyclose,Early_Bad_,Undirected,1.0,1.0
ReachZestyclose,abenites99,Undirected,1.0,1.0
ReachZestyclose,Zealousideal-Item607,Undirected,0.5,0.5
ReachZestyclose,NewPatron-St,Undirected,1.0,1.0
ReachZestyclose,ChangePrestigious702,Undirected,1.0,1.0
ReachZestyclose,Moth_Man_68,Undirected,1.0,1.0
ReachZestyclose,No_Snow2245,Undirected,1.0,1.0
ReachZestyclose,Perfect-Parking1536,Undirected,1.0,1.0
ReachZestyclose,Ok_Somewhere9687,Undirected,1.0,1.0
ReachZestyclose,CrossingVoid,Undirected,1.0,1.0
ReachZestyclose,Icy_Giraffe3903,Undirected,1.0,1.0
ReachZestyclose,No_Degree3814,Undirected,1.0,1.0
torbatosecco,SecretBiscotti8128,Undirected,0.5,0.5
torbatosecco,QuranTutor_Muhamad,Undirected,1.0,1.0
torbatosecco,UXUI75,Undirected,1.0,1.0
torbatosecco,PerspectiveGrand716,Undirected,1.0,1.0
torbatosecco,Blood11Orange,Undirected,1.0,1.0
torbatosecco,weirdgurl24,Undirected,1.0,1.0
torbatosecco,johnsmithoncemore,Undirected,0.5,0.5
torbatosecco,Dangermouse0214,Undirected,1.0,1.0
torbatosecco,CopiousCool,Undirected,0.3333333333333333,0.3333333333333333
torbatosecco,Wolf4612,Undirected,0.5,0.5
torbatosecco,ElectricalChance3664,Undirected,0.3333333333333333,0.3333333333333333
torbatosecco,Ok_Strawberry_2143,Undirected,0.5,0.5
torbatosecco,venrir,Undirected,1.0,1.0
Witty-Savings-2048,SecretBiscotti8128,Undirected,0.5,0.5
Witty-Savings-2048,adilbuilds,Undirected,0.25,0.25
Witty-Savings-2048,Narrow_Guava_6239,Undirected,0.5,0.5
Witty-Savings-2048,Particular_Log_3594,Undirected,0.25,0.25
Witty-Savings-2048,Able_Ad_4891,Undirected,1.0,1.0
Witty-Savings-2048,itsamefas,Undirected,1.0,1.0
Witty-Savings-2048,CosmeticChemistPro,Undirected,1.0,1.0
Witty-Savings-2048,Hamdan-mohamed,Undirected,1.0,1.0
Witty-Savings-2048,SillyPassion7773,Undirected,1.0,1.0
Witty-Savings-2048,That-Flamingo9866,Undirected,1.0,1.0
Witty-Savings-2048,No_Newspaper_2914,Undirected,1.0,1.0
Witty-Savings-2048,Sad_Recognition_6037,Undirected,1.0,1.0
Witty-Savings-2048,DarkShadow13206,Undirected,1.0,1.0
Witty-Savings-2048,introvertaltsakki,Undirected,1.0,1.0
Witty-Savings-2048,Jealous-Ad-4838,Undirected,1.0,1.0
Witty-Savings-2048,PandoraHadess,Undirected,1.0,1.0
Witty-Savings-2048,Weird-Noise-180,Undirected,1.0,1.0
Witty-Savings-2048,Financial_Smile4143,Undirected,0.25,0.25
Witty-Savings-2048,ElkNational9973,Undirected,1.0,1.0
Witty-Savings-2048,Colei_the_weird,Undirected,1.0,1.0
Witty-Savings-2048,isaboobers,Undirected,1.0,1.0
Witty-Savings-2048,Ok-Divide4719,Undirected,0.5,0.5
Witty-Savings-2048,LofiOcean131,Undirected,1.0,1.0
Witty-Savings-2048,Apprehensive-Cut9959,Undirected,1.0,1.0
Witty-Savings-2048,Pinkblushdiva,Undirected,0.5,0.5
Witty-Savings-2048,Ridussey,Undirected,1.0,1.0
Witty-Savings-2048,Away-Lavishness-3805,Undirected,1.0,1.0
Witty-Savings-2048,winter_in_eden,Undirected,1.0,1.0
Witty-Savings-2048,Asinead666,Undirected,1.0,1.0
Witty-Savings-2048,SnooOwls4954,Undirected,1.0,1.0
Witty-Savings-2048,Margiethecat,Undirected,1.0,1.0
Witty-Savings-2048,Able_Compote6571,Undirected,0.25,0.25
Witty-Savings-2048,pickl3dguava,Undirected,1.0,1.0
Witty-Savings-2048,CopiousCool,Undirected,0.3333333333333333,0.3333333333333333
Witty-Savings-2048,butterflyfrenchfry,Undirected,1.0,1.0
Witty-Savings-2048,Effective_Nothing519,Undirected,1.0,1.0
Witty-Savings-2048,Kekeegan,Undirected,1.0,1.0
Witty-Savings-2048,aym0_0n,Undirected,1.0,1.0
Witty-Savings-2048,Beneficial-Network91,Undirected,0.5,0.5
Witty-Savings-2048,tyuptyupolpolp,Undirected,0.5,0.5
Witty-Savings-2048,Hopeful_Worth315,Undirected,1.0,1.0
Witty-Savings-2048,palilibre,Undirected,0.5,0.5
Witty-Savings-2048,VISlONSOFALIFE,Undirected,1.0,1.0
Witty-Savings-2048,Sp1dderxyz,Undirected,1.0,1.0
Witty-Savings-2048,cats_and_coffee15,Undirected,1.0,1.0
Witty-Savings-2048,Ambitious-Narwhal158,Undirected,0.5,0.5
Witty-Savings-2048,peachemistry,Undirected,1.0,1.0
Witty-Savings-2048,thatsjustarandomname,Undirected,1.0,1.0
Witty-Savings-2048,Akram-Brahimi,Undirected,0.5,0.5
Witty-Savings-2048,Sea_Banana882,Undirected,0.5,0.5
Witty-Savings-2048,m7mdhassballa,Undirected,1.0,1.0
Witty-Savings-2048,Fantastic_Bag1560,Undirected,1.0,1.0
Witty-Savings-2048,HuckleberryFuzzy918,Undirected,1.0,1.0
Witty-Savings-2048,ResolutionDull5054,Undirected,1.0,1.0
Witty-Savings-2048,VanillaAdventurous74,Undirected,1.0,1.0
Witty-Savings-2048,TheAlphaKiller17,Undirected,1.0,1.0
Witty-Savings-2048,doctormelody18,Undirected,1.0,1.0
Ok-Following6886,adilbuilds,Undirected,0.25,0.25
Ok-Following6886,pumpkinzh,Undirected,0.25,0.25
Ok-Following6886,Songmorning,Undirected,1.0,1.0
Ok-Following6886,Plane-Imagination593,Undirected,1.0,1.0
Ok-Following6886,safemath,Undirected,0.5,0.5
Ok-Following6886,Particular_Log_3594,Undirected,0.25,0.25
Ok-Following6886,chopstickemup,Undirected,1.0,1.0
Ok-Following6886,carTot254,Undirected,1.0,1.0
Ok-Following6886,natural_piano1836,Undirected,1.0,1.0
Ok-Following6886,librePali,Undirected,1.0,1.0
Ok-Following6886,ExtHD,Undirected,1.0,1.0
Ok-Following6886,ibrahim_D12,Undirected,1.0,1.0
Ok-Following6886,ConfidenceCareless71,Undirected,1.0,1.0
Ok-Following6886,Enough_Credit_8199,Undirected,0.5,0.5
Ok-Following6886,Miserable-Spinach867,Undirected,1.0,1.0
Ok-Following6886,Big_Fennel2186,Undirected,1.0,1.0
Ok-Following6886,Financial_Smile4143,Undirected,0.25,0.25
Ok-Following6886,jodio_hoestar,Undirected,0.5,0.5
Ok-Following6886,Pinkblushdiva,Undirected,0.5,0.5
Ok-Following6886,Able_Compote6571,Undirected,0.25,0.25
Ok-Following6886,CopiousCool,Undirected,0.3333333333333333,0.3333333333333333
Ok-Following6886,Squidieyy,Undirected,1.0,1.0
Ok-Following6886,palilibre,Undirected,0.5,0.5
Ok-Following6886,Responsible-Term4482,Undirected,1.0,1.0
Ok-Following6886,Unfair_Enthusiasm696,Undirected,1.0,1.0
Ok-Following6886,Ok-Bicycle-12345,Undirected,1.0,1.0
Ok-Following6886,ComfortableJello508,Undirected,1.0,1.0
Ok-Following6886,FlabbyShabby,Undirected,1.0,1.0
Ok-Following6886,Justarandomguy-fuck,Undirected,1.0,1.0
Ok-Following6886,Late-Test2209,Undirected,1.0,1.0
Ok-Following6886,ElectricalChance3664,Undirected,0.3333333333333333,0.3333333333333333
Ok-Following6886,MrLabbrow,Undirected,1.0,1.0
Ok-Following6886,Sea_Banana882,Undirected,0.5,0.5
Ok-Following6886,CatacaX,Undirected,1.0,1.0
Ok-Following6886,TonkaMaze,Undirected,1.0,1.0
Ok-Following6886,J3ssM,Undirected,1.0,1.0
Ok-Following6886,Early_Bad_,Undirected,1.0,1.0
Ok-Following6886,abenites99,Undirected,1.0,1.0
Ok-Following6886,Zealousideal-Item607,Undirected,0.5,0.5
Ok-Following6886,NewPatron-St,Undirected,1.0,1.0
Ok-Following6886,ChangePrestigious702,Undirected,1.0,1.0
Ok-Following6886,Moth_Man_68,Undirected,1.0,1.0
Ok-Following6886,No_Snow2245,Undirected,1.0,1.0
Ok-Following6886,Perfect-Parking1536,Undirected,1.0,1.0
Ok-Following6886,Ok_Somewhere9687,Undirected,1.0,1.0
Ok-Following6886,CrossingVoid,Undirected,1.0,1.0
Ok-Following6886,Icy_Giraffe3903,Undirected,1.0,1.0
Ok-Following6886,No_Degree3814,Undirected,1.0,1.0
SecretBiscotti8128,QuranTutor_Muhamad,Undirected,0.5,0.5
SecretBiscotti8128,UXUI75,Undirected,0.5,0.5
SecretBiscotti8128,librephili,Undirected,0.2857142857142857,0.2857142857142857
SecretBiscotti8128,Narrow_Guava_6239,Undirected,0.3333333333333333,0.3333333333333333
SecretBiscotti8128,Able_Ad_4891,Undirected,0.5,0.5
SecretBiscotti8128,PerspectiveGrand716,Undirected,0.5,0.5
SecretBiscotti8128,itsamefas,Undirected,0.5,0.5
SecretBiscotti8128,CosmeticChemistPro,Undirected,0.5,0.5
SecretBiscotti8128,Hamdan-mohamed,Undirected,0.5,0.5
SecretBiscotti8128,Blood11Orange,Undirected,0.5,0.5
SecretBiscotti8128,SillyPassion7773,Undirected,0.5,0.5
SecretBiscotti8128,That-Flamingo9866,Undirected,0.5,0.5
SecretBiscotti8128,No_Newspaper_2914,Undirected,0.5,0.5
SecretBiscotti8128,Sad_Recognition_6037,Undirected,0.5,0.5
SecretBiscotti8128,DarkShadow13206,Undirected,0.5,0.5
SecretBiscotti8128,introvertaltsakki,Undirected,0.5,0.5
SecretBiscotti8128,Jealous-Ad-4838,Undirected,0.5,0.5
SecretBiscotti8128,PandoraHadess,Undirected,0.5,0.5
SecretBiscotti8128,Weird-Noise-180,Undirected,0.5,0.5
SecretBiscotti8128,ElkNational9973,Undirected,0.5,0.5
SecretBiscotti8128,Colei_the_weird,Undirected,0.5,0.5
SecretBiscotti8128,isaboobers,Undirected,0.5,0.5
SecretBiscotti8128,weirdgurl24,Undirected,0.5,0.5
SecretBiscotti8128,Ok-Divide4719,Undirected,0.3333333333333333,0.3333333333333333
SecretBiscotti8128,LofiOcean131,Undirected,0.5,0.5
SecretBiscotti8128,Apprehensive-Cut9959,Undirected,0.5,0.5
SecretBiscotti8128,Pinkblushdiva,Undirected,0.3333333333333333,0.3333333333333333
SecretBiscotti8128,johnsmithoncemore,Undirected,0.3333333333333333,0.3333333333333333
SecretBiscotti8128,Dangermouse0214,Undirected,0.5,0.5
SecretBiscotti8128,Ridussey,Undirected,0.5,0.5
SecretBiscotti8128,Away-Lavishness-3805,Undirected,0.5,0.5
SecretBiscotti8128,winter_in_eden,Undirected,0.5,0.5
SecretBiscotti8128,Asinead666,Undirected,0.5,0.5
SecretBiscotti8128,SnooOwls4954,Undirected,0.5,0.5
SecretBiscotti8128,Margiethecat,Undirected,0.5,0.5
SecretBiscotti8128,pickl3dguava,Undirected,0.5,0.5
SecretBiscotti8128,CopiousCool,Undirected,0.6666666666666666,0.6666666666666666
SecretBiscotti8128,butterflyfrenchfry,Undirected,0.5,0.5
SecretBiscotti8128,Effective_Nothing519,Undirected,0.5,0.5
SecretBiscotti8128,Kekeegan,Undirected,0.5,0.5
SecretBiscotti8128,aym0_0n,Undirected,0.5,0.5
SecretBiscotti8128,Beneficial-Network91,Undirected,0.3333333333333333,0.3333333333333333
SecretBiscotti8128,tyuptyupolpolp,Undirected,0.3333333333333333,0.3333333333333333
SecretBiscotti8128,Hopeful_Worth315,Undirected,0.5,0.5
SecretBiscotti8128,palilibre,Undirected,0.3333333333333333,0.3333333333333333
SecretBiscotti8128,VISlONSOFALIFE,Undirected,0.5,0.5
SecretBiscotti8128,Wolf4612,Undirected,0.3333333333333333,0.3333333333333333
SecretBiscotti8128,Sp1dderxyz,Undirected,0.5,0.5
SecretBiscotti8128,cats_and_coffee15,Undirected,0.5,0.5
SecretBiscotti8128,Ambitious-Narwhal158,Undirected,0.3333333333333333,0.3333333333333333
SecretBiscotti8128,peachemistry,Undirected,0.5,0.5
SecretBiscotti8128,thatsjustarandomname,Undirected,0.5,0.5
SecretBiscotti8128,ElectricalChance3664,Undirected,0.25,0.25
SecretBiscotti8128,Akram-Brahimi,Undirected,0.3333333333333333,0.3333333333333333
SecretBiscotti8128,Sea_Banana882,Undirected,0.3333333333333333,0.3333333333333333
SecretBiscotti8128,m7mdhassballa,Undirected,0.5,0.5
SecretBiscotti8128,Fantastic_Bag1560,Undirected,0.5,0.5
SecretBiscotti8128,HuckleberryFuzzy918,Undirected,0.5,0.5
SecretBiscotti8128,ResolutionDull5054,Undirected,0.5,0.5
SecretBiscotti8128,Ok_Strawberry_2143,Undirected,0.3333333333333333,0.3333333333333333
SecretBiscotti8128,VanillaAdventurous74,Undirected,0.5,0.5
SecretBiscotti8128,TheAlphaKiller17,Undirected,0.5,0.5
SecretBiscotti8128,venrir,Undirected,0.5,0.5
SecretBiscotti8128,doctormelody18,Undirected,0.5,0.5
adilbuilds,pumpkinzh,Undirected,0.3333333333333333,0.3333333333333333
adilbuilds,Aqn95,Undirected,0.25,0.25
adilbuilds,whater39,Undirected,0.25,0.25
adilbuilds,librephili,Undirected,0.2222222222222222,0.2222222222222222
adilbuilds,Songmorning,Undirected,0.25,0.25
adilbuilds,Narrow_Guava_6239,Undirected,0.5,0.5
adilbuilds,Plane-Imagination593,Undirected,0.25,0.25
adilbuilds,Particular_Log_3594,Undirected,0.6,0.6
adilbuilds,mania_d,Undirected,0.25,0.25
adilbuilds,chopstickemup,Undirected,0.25,0.25
adilbuilds,Able_Ad_4891,Undirected,0.25,0.25
adilbuilds,carTot254,Undirected,0.25,0.25
adilbuilds,itsamefas,Undirected,0.25,0.25
adilbuilds,CosmeticChemistPro,Undirected,0.25,0.25
adilbuilds,Hamdan-mohamed,Undirected,0.25,0.25
adilbuilds,natural_piano1836,Undirected,0.25,0.25
adilbuilds,CNCMachina,Undirected,0.25,0.25
adilbuilds,SillyPassion7773,Undirected,0.25,0.25
adilbuilds,librePali,Undirected,0.25,0.25
adilbuilds,willflameboy,Undirected,0.25,0.25
adilbuilds,ExtHD,Undirected,0.25,0.25
adilbuilds,ibrahim_D12,Undirected,0.25,0.25
adilbuilds,That-Flamingo9866,Undirected,0.25,0.25
adilbuilds,ConfidenceCareless71,Undirected,0.25,0.25
adilbuilds,No_Newspaper_2914,Undirected,0.25,0.25
adilbuilds,Sad_Recognition_6037,Undirected,0.25,0.25
adilbuilds,DarkShadow13206,Undirected,0.25,0.25
adilbuilds,Miserable-Spinach867,Undirected,0.25,0.25
adilbuilds,Big_Fennel2186,Undirected,0.25,0.25
adilbuilds,introvertaltsakki,Undirected,0.25,0.25
adilbuilds,Jealous-Ad-4838,Undirected,0.25,0.25
adilbuilds,PandoraHadess,Undirected,0.25,0.25
adilbuilds,Weird-Noise-180,Undirected,0.25,0.25
adilbuilds,Financial_Smile4143,Undirected,0.3333333333333333,0.3333333333333333
adilbuilds,ElkNational9973,Undirected,0.25,0.25
adilbuilds,jodio_hoestar,Undirected,0.5,0.5
adilbuilds,Colei_the_weird,Undirected,0.25,0.25
adilbuilds,isaboobers,Undirected,0.25,0.25
adilbuilds,LofiOcean131,Undirected,0.25,0.25
adilbuilds,Apprehensive-Cut9959,Undirected,0.25,0.25
adilbuilds,Pinkblushdiva,Undirected,0.5,0.5
adilbuilds,Ridussey,Undirected,0.25,0.25
adilbuilds,Away-Lavishness-3805,Undirected,0.25,0.25
adilbuilds,winter_in_eden,Undirected,0.25,0.25
adilbuilds,Asinead666,Undirected,0.25,0.25
adilbuilds,SnooOwls4954,Undirected,0.25,0.25
adilbuilds,Margiethecat,Undirected,0.25,0.25
adilbuilds,Able_Compote6571,Undirected,0.3333333333333333,0.3333333333333333
adilbuilds,pickl3dguava,Undirected,0.25,0.25
adilbuilds,CopiousCool,Undirected,0.4,0.4
adilbuilds,butterflyfrenchfry,Undirected,0.25,0.25
adilbuilds,Effective_Nothing519,Undirected,0.25,0.25
adilbuilds,Kekeegan,Undirected,0.25,0.25
adilbuilds,Rich_Ask3503,Undirected,0.25,0.25
adilbuilds,aym0_0n,Undirected,0.25,0.25
adilbuilds,Beneficial-Network91,Undirected,0.5,0.5
adilbuilds,Squidieyy,Undirected,0.25,0.25
adilbuilds,Hopeful_Worth315,Undirected,0.25,0.25
adilbuilds,palilibre,Undirected,0.5,0.5
adilbuilds,VISlONSOFALIFE,Undirected,0.25,0.25
adilbuilds,Sp1dderxyz,Undirected,0.25,0.25
adilbuilds,Responsible-Term4482,Undirected,0.25,0.25
adilbuilds,cats_and_coffee15,Undirected,0.25,0.25
adilbuilds,Unfair_Enthusiasm696,Undirected,0.25,0.25
adilbuilds,peachemistry,Undirected,0.25,0.25
adilbuilds,Ok-Bicycle-12345,Undirected,0.25,0.25
adilbuilds,ComfortableJello508,Undirected,0.25,0.25
adilbuilds,FlabbyShabby,Undirected,0.25,0.25
adilbuilds,Justarandomguy-fuck,Undirected,0.25,0.25
adilbuilds,thatsjustarandomname,Undirected,0.25,0.25
adilbuilds,Fit_Fisherman_3317,Undirected,0.25,0.25
adilbuilds,Late-Test2209,Undirected,0.25,0.25
adilbuilds,OkShelter6459,Undirected,0.25,0.25
adilbuilds,MrLabbrow,Undirected,0.25,0.25
adilbuilds,Akram-Brahimi,Undirected,0.5,0.5
adilbuilds,Sea_Banana882,Undirected,0.5,0.5
adilbuilds,CatacaX,Undirected,0.25,0.25
adilbuilds,TonkaMaze,Undirected,0.25,0.25
adilbuilds,m7mdhassballa,Undirected,0.25,0.25
adilbuilds,J3ssM,Undirected,0.25,0.25
adilbuilds,Early_Bad_,Undirected,0.25,0.25
adilbuilds,Fantastic_Bag1560,Undirected,0.25,0.25
adilbuilds,abenites99,Undirected,0.25,0.25
adilbuilds,NewPatron-St,Undirected,0.25,0.25
adilbuilds,ChangePrestigious702,Undirected,0.25,0.25
adilbuilds,Moth_Man_68,Undirected,0.25,0.25
adilbuilds,No_Snow2245,Undirected,0.25,0.25
adilbuilds,Perfect-Parking1536,Undirected,0.25,0.25
adilbuilds,HuckleberryFuzzy918,Undirected,0.25,0.25
adilbuilds,ResolutionDull5054,Undirected,0.25,0.25
adilbuilds,secret-agent-zero,Undirected,0.25,0.25
adilbuilds,Ok_Somewhere9687,Undirected,0.25,0.25
adilbuilds,VanillaAdventurous74,Undirected,0.25,0.25
adilbuilds,TheAlphaKiller17,Undirected,0.25,0.25
adilbuilds,CrossingVoid,Undirected,0.25,0.25
adilbuilds,Icy_Giraffe3903,Undirected,0.25,0.25
adilbuilds,doctormelody18,Undirected,0.25,0.25
adilbuilds,No_Degree3814,Undirected,0.25,0.25
QuranTutor_Muhamad,UXUI75,Undirected,1.0,1.0
QuranTutor_Muhamad,PerspectiveGrand716,Undirected,1.0,1.0
QuranTutor_Muhamad,Blood11Orange,Undirected,1.0,1.0
QuranTutor_Muhamad,weirdgurl24,Undirected,1.0,1.0
QuranTutor_Muhamad,johnsmithoncemore,Undirected,0.5,0.5
QuranTutor_Muhamad,Dangermouse0214,Undirected,1.0,1.0
QuranTutor_Muhamad,CopiousCool,Undirected,0.3333333333333333,0.3333333333333333
QuranTutor_Muhamad,Wolf4612,Undirected,0.5,0.5
QuranTutor_Muhamad,ElectricalChance3664,Undirected,0.3333333333333333,0.3333333333333333
QuranTutor_Muhamad,Ok_Strawberry_2143,Undirected,0.5,0.5
QuranTutor_Muhamad,venrir,Undirected,1.0,1.0
UXUI75,PerspectiveGrand716,Undirected,1.0,1.0
UXUI75,Blood11Orange,Undirected,1.0,1.0
UXUI75,weirdgurl24,Undirected,1.0,1.0
UXUI75,johnsmithoncemore,Undirected,0.5,0.5
UXUI75,Dangermouse0214,Undirected,1.0,1.0
UXUI75,CopiousCool,Undirected,0.3333333333333333,0.3333333333333333
UXUI75,Wolf4612,Undirected,0.5,0.5
UXUI75,ElectricalChance3664,Undirected,0.3333333333333333,0.3333333333333333
UXUI75,Ok_Strawberry_2143,Undirected,0.5,0.5
UXUI75,venrir,Undirected,1.0,1.0
pumpkinzh,Aqn95,Undirected,0.25,0.25
pumpkinzh,librephili,Undirected,0.2222222222222222,0.2222222222222222
pumpkinzh,Songmorning,Undirected,0.25,0.25
pumpkinzh,Plane-Imagination593,Undirected,0.25,0.25
pumpkinzh,Particular_Log_3594,Undirected,0.6,0.6
pumpkinzh,mania_d,Undirected,0.25,0.25
pumpkinzh,chopstickemup,Undirected,0.25,0.25
pumpkinzh,carTot254,Undirected,0.25,0.25
pumpkinzh,natural_piano1836,Undirected,0.25,0.25
pumpkinzh,dramaqueen09,Undirected,0.25,0.25
pumpkinzh,librePali,Undirected,0.25,0.25
pumpkinzh,willflameboy,Undirected,0.25,0.25
pumpkinzh,Known-Platform1735,Undirected,0.25,0.25
pumpkinzh,ExtHD,Undirected,0.25,0.25
pumpkinzh,ibrahim_D12,Undirected,0.25,0.25
pumpkinzh,ConfidenceCareless71,Undirected,0.25,0.25
pumpkinzh,Miserable-Spinach867,Undirected,0.25,0.25
pumpkinzh,Big_Fennel2186,Undirected,0.25,0.25
pumpkinzh,Financial_Smile4143,Undirected,0.3333333333333333,0.3333333333333333
pumpkinzh,Novel_Bass6032,Undirected,0.25,0.25
pumpkinzh,Able_Compote6571,Undirected,0.3333333333333333,0.3333333333333333
pumpkinzh,Squidieyy,Undirected,0.25,0.25
pumpkinzh,Responsible-Term4482,Undirected,0.25,0.25
pumpkinzh,comrade-sunflower,Undirected,0.25,0.25
pumpkinzh,Unfair_Enthusiasm696,Undirected,0.25,0.25
pumpkinzh,Ok-Bicycle-12345,Undirected,0.25,0.25
pumpkinzh,ComfortableJello508,Undirected,0.25,0.25
pumpkinzh,GermanLetsKotz,Undirected,0.25,0.25
pumpkinzh,FlabbyShabby,Undirected,0.25,0.25
pumpkinzh,Justarandomguy-fuck,Undirected,0.25,0.25
pumpkinzh,Fit_Fisherman_3317,Undirected,0.25,0.25
pumpkinzh,Late-Test2209,Undirected,0.25,0.25
pumpkinzh,OkShelter6459,Undirected,0.25,0.25
pumpkinzh,MrLabbrow,Undirected,0.25,0.25
pumpkinzh,CatacaX,Undirected,0.25,0.25
pumpkinzh,TonkaMaze,Undirected,0.25,0.25
pumpkinzh,J3ssM,Undirected,0.25,0.25
pumpkinzh,Early_Bad_,Undirected,0.25,0.25
pumpkinzh,abenites99,Undirected,0.25,0.25
pumpkinzh,NewPatron-St,Undirected,0.25,0.25
pumpkinzh,ChangePrestigious702,Undirected,0.25,0.25
pumpkinzh,Moth_Man_68,Undirected,0.25,0.25
pumpkinzh,No_Snow2245,Undirected,0.25,0.25
pumpkinzh,Perfect-Parking1536,Undirected,0.25,0.25
pumpkinzh,Ok_Somewhere9687,Undirected,0.25,0.25
pumpkinzh,CrossingVoid,Undirected,0.25,0.25
pumpkinzh,Icy_Giraffe3903,Undirected,0.25,0.25
pumpkinzh,tallbigbear,Undirected,0.25,0.25
pumpkinzh,No_Degree3814,Undirected,0.25,0.25
Aqn95,Narrow_Guava_6239,Undirected,0.5,0.5
Aqn95,Particular_Log_3594,Undirected,0.25,0.25
Aqn95,mania_d,Undirected,1.0,1.0
Aqn95,willflameboy,Undirected,1.0,1.0
Aqn95,Beneficial-Network91,Undirected,0.5,0.5
Aqn95,Wolf4612,Undirected,0.5,0.5
Aqn95,Fit_Fisherman_3317,Undirected,1.0,1.0
Aqn95,OkShelter6459,Undirected,1.0,1.0
whater39,CNCMachina,Undirected,1.0,1.0
whater39,jodio_hoestar,Undirected,0.5,0.5
whater39,Rich_Ask3503,Undirected,1.0,1.0
whater39,Akram-Brahimi,Undirected,0.5,0.5
whater39,secret-agent-zero,Undirected,1.0,1.0
damon121231,Financial_Smile4143,Undirected,0.25,0.25
damon121231,-SimpleRicks-,Undirected,1.0,1.0
damon121231,Ok-Divide4719,Undirected,0.5,0.5
damon121231,calombia,Undirected,1.0,1.0
damon121231,Able_Compote6571,Undirected,0.25,0.25
damon121231,Psychological-Gear78,Undirected,1.0,1.0
damon121231,Amoonthedollygirl,Undirected,1.0,1.0
damon121231,SamZ025,Undirected,1.0,1.0
damon121231,ResearchWorking3402,Undirected,1.0,1.0
damon121231,Zealousideal-Item607,Undirected,0.5,0.5
damon121231,guibidesc,Undirected,1.0,1.0
librephili,safemath,Undirected,0.2857142857142857,0.2857142857142857
librephili,Particular_Log_3594,Undirected,0.2222222222222222,0.2222222222222222
librephili,Enough_Credit_8199,Undirected,0.2857142857142857,0.2857142857142857
librephili,Financial_Smile4143,Undirected,0.5714285714285714,0.5714285714285714
librephili,Ok-Divide4719,Undirected,0.2857142857142857,0.2857142857142857
librephili,Pinkblushdiva,Undirected,0.2857142857142857,0.2857142857142857
librephili,johnsmithoncemore,Undirected,0.2857142857142857,0.2857142857142857
librephili,Able_Compote6571,Undirected,0.375,0.375
librephili,CopiousCool,Undirected,0.42857142857142855,0.42857142857142855
librephili,tyuptyupolpolp,Undirected,0.2857142857142857,0.2857142857142857
librephili,palilibre,Undirected,0.2857142857142857,0.2857142857142857
librephili,ElectricalChance3664,Undirected,0.42857142857142855,0.42857142857142855
librephili,Sea_Banana882,Undirected,0.2857142857142857,0.2857142857142857
librephili,Zealousideal-Item607,Undirected,0.2857142857142857,0.2857142857142857
librephili,Ok_Strawberry_2143,Undirected,0.2857142857142857,0.2857142857142857
Songmorning,Plane-Imagination593,Undirected,1.0,1.0
Songmorning,safemath,Undirected,0.5,0.5
Songmorning,Particular_Log_3594,Undirected,0.25,0.25
Songmorning,chopstickemup,Undirected,1.0,1.0
Songmorning,carTot254,Undirected,1.0,1.0
Songmorning,natural_piano1836,Undirected,1.0,1.0
Songmorning,librePali,Undirected,1.0,1.0
Songmorning,ExtHD,Undirected,1.0,1.0
Songmorning,ibrahim_D12,Undirected,1.0,1.0
Songmorning,ConfidenceCareless71,Undirected,1.0,1.0
Songmorning,Enough_Credit_8199,Undirected,0.5,0.5
Songmorning,Miserable-Spinach867,Undirected,1.0,1.0
Songmorning,Big_Fennel2186,Undirected,1.0,1.0
Songmorning,Financial_Smile4143,Undirected,0.25,0.25
Songmorning,jodio_hoestar,Undirected,0.5,0.5
Songmorning,Pinkblushdiva,Undirected,0.5,0.5
Songmorning,Able_Compote6571,Undirected,0.25,0.25
Songmorning,CopiousCool,Undirected,0.3333333333333333,0.3333333333333333
Songmorning,Squidieyy,Undirected,1.0,1.0
Songmorning,palilibre,Undirected,0.5,0.5
Songmorning,Responsible-Term4482,Undirected,1.0,1.0
Songmorning,Unfair_Enthusiasm696,Undirected,1.0,1.0
Songmorning,Ok-Bicycle-12345,Undirected,1.0,1.0
Songmorning,ComfortableJello508,Undirected,1.0,1.0
Songmorning,FlabbyShabby,Undirected,1.0,1.0
Songmorning,Justarandomguy-fuck,Undirected,1.0,1.0
Songmorning,Late-Test2209,Undirected,1.0,1.0
Songmorning,ElectricalChance3664,Undirected,0.3333333333333333,0.3333333333333333
Songmorning,MrLabbrow,Undirected,1.0,1.0
Songmorning,Sea_Banana882,Undirected,0.5,0.5
Songmorning,CatacaX,Undirected,1.0,1.0
Songmorning,TonkaMaze,Undirected,1.0,1.0
Songmorning,J3ssM,Undirected,1.0,1.0
Songmorning,Early_Bad_,Undirected,1.0,1.0
Songmorning,abenites99,Undirected,1.0,1.0
Songmorning,Zealousideal-Item607,Undirected,0.5,0.5
Songmorning,NewPatron-St,Undirected,1.0,1.0
Songmorning,ChangePrestigious702,Undirected,1.0,1.0
Songmorning,Moth_Man_68,Undirected,1.0,1.0
Songmorning,No_Snow2245,Undirected,1.0,1.0
Songmorning,Perfect-Parking1536,Undirected,1.0,1.0
Songmorning,Ok_Somewhere9687,Undirected,1.0,1.0
Songmorning,CrossingVoid,Undirected,1.0,1.0
Songmorning,Icy_Giraffe3903,Undirected,1.0,1.0
Songmorning,No_Degree3814,Undirected,1.0,1.0
Narrow_Guava_6239,Particular_Log_3594,Undirected,0.5,0.5
Narrow_Guava_6239,mania_d,Undirected,0.5,0.5
Narrow_Guava_6239,Able_Ad_4891,Undirected,0.5,0.5
Narrow_Guava_6239,itsamefas,Undirected,0.5,0.5
Narrow_Guava_6239,CosmeticChemistPro,Undirected,0.5,0.5
Narrow_Guava_6239,Hamdan-mohamed,Undirected,0.5,0.5
Narrow_Guava_6239,SillyPassion7773,Undirected,0.5,0.5
Narrow_Guava_6239,willflameboy,Undirected,0.5,0.5
Narrow_Guava_6239,That-Flamingo9866,Undirected,0.5,0.5
Narrow_Guava_6239,No_Newspaper_2914,Undirected,0.5,0.5
Narrow_Guava_6239,Sad_Recognition_6037,Undirected,0.5,0.5
Narrow_Guava_6239,DarkShadow13206,Undirected,0.5,0.5
Narrow_Guava_6239,introvertaltsakki,Undirected,0.5,0.5
Narrow_Guava_6239,Jealous-Ad-4838,Undirected,0.5,0.5
Narrow_Guava_6239,PandoraHadess,Undirected,0.5,0.5
Narrow_Guava_6239,Weird-Noise-180,Undirected,0.5,0.5
Narrow_Guava_6239,ElkNational9973,Undirected,0.5,0.5
Narrow_Guava_6239,Colei_the_weird,Undirected,0.5,0.5
Narrow_Guava_6239,isaboobers,Undirected,0.5,0.5
Narrow_Guava_6239,Ok-Divide4719,Undirected,0.3333333333333333,0.3333333333333333
Narrow_Guava_6239,LofiOcean131,Undirected,0.5,0.5
Narrow_Guava_6239,Apprehensive-Cut9959,Undirected,0.5,0.5
Narrow_Guava_6239,Pinkblushdiva,Undirected,0.3333333333333333,0.3333333333333333
Narrow_Guava_6239,Ridussey,Undirected,0.5,0.5
Narrow_Guava_6239,Away-Lavishness-3805,Undirected,0.5,0.5
Narrow_Guava_6239,winter_in_eden,Undirected,0.5,0.5
Narrow_Guava_6239,Asinead666,Undirected,0.5,0.5
Narrow_Guava_6239,SnooOwls4954,Undirected,0.5,0.5
Narrow_Guava_6239,Margiethecat,Undirected,0.5,0.5
Narrow_Guava_6239,pickl3dguava,Undirected,0.5,0.5
Narrow_Guava_6239,CopiousCool,Undirected,0.25,0.25
Narrow_Guava_6239,butterflyfrenchfry,Undirected,0.5,0.5
Narrow_Guava_6239,Effective_Nothing519,Undirected,0.5,0.5
Narrow_Guava_6239,Kekeegan,Undirected,0.5,0.5
Narrow_Guava_6239,aym0_0n,Undirected,0.5,0.5
Narrow_Guava_6239,Beneficial-Network91,Undirected,1.0,1.0
Narrow_Guava_6239,tyuptyupolpolp,Undirected,0.3333333333333333,0.3333333333333333
Narrow_Guava_6239,Hopeful_Worth315,Undirected,0.5,0.5
Narrow_Guava_6239,palilibre,Undirected,0.3333333333333333,0.3333333333333333
Narrow_Guava_6239,VISlONSOFALIFE,Undirected,0.5,0.5
Narrow_Guava_6239,Wolf4612,Undirected,0.3333333333333333,0.3333333333333333
Narrow_Guava_6239,Sp1dderxyz,Undirected,0.5,0.5
Narrow_Guava_6239,cats_and_coffee15,Undirected,0.5,0.5
Narrow_Guava_6239,Ambitious-Narwhal158,Undirected,0.3333333333333333,0.3333333333333333
Narrow_Guava_6239,peachemistry,Undirected,0.5,0.5
Narrow_Guava_6239,thatsjustarandomname,Undirected,0.5,0.5
Narrow_Guava_6239,Fit_Fisherman_3317,Undirected,0.5,0.5
Narrow_Guava_6239,OkShelter6459,Undirected,0.5,0.5
Narrow_Guava_6239,Akram-Brahimi,Undirected,0.3333333333333333,0.3333333333333333
Narrow_Guava_6239,Sea_Banana882,Undirected,0.3333333333333333,0.3333333333333333
Narrow_Guava_6239,m7mdhassballa,Undirected,0.5,0.5
Narrow_Guava_6239,Fantastic_Bag1560,Undirected,0.5,0.5
Narrow_Guava_6239,HuckleberryFuzzy918,Undirected,0.5,0.5
Narrow_Guava_6239,ResolutionDull5054,Undirected,0.5,0.5
Narrow_Guava_6239,VanillaAdventurous74,Undirected,0.5,0.5
Narrow_Guava_6239,TheAlphaKiller17,Undirected,0.5,0.5
Narrow_Guava_6239,doctormelody18,Undirected,0.5,0.5
Plane-Imagination593,safemath,Undirected,0.5,0.5
Plane-Imagination593,Particular_Log_3594,Undirected,0.25,0.25
Plane-Imagination593,chopstickemup,Undirected,1.0,1.0
Plane-Imagination593,carTot254,Undirected,1.0,1.0
Plane-Imagination593,natural_piano1836,Undirected,1.0,1.0
Plane-Imagination593,librePali,Undirected,1.0,1.0
Plane-Imagination593,ExtHD,Undirected,1.0,1.0
Plane-Imagination593,ibrahim_D12,Undirected,1.0,1.0
Plane-Imagination593,ConfidenceCareless71,Undirected,1.0,1.0
Plane-Imagination593,Enough_Credit_8199,Undirected,0.5,0.5
Plane-Imagination593,Miserable-Spinach867,Undirected,1.0,1.0
Plane-Imagination593,Big_Fennel2186,Undirected,1.0,1.0
Plane-Imagination593,Financial_Smile4143,Undirected,0.25,0.25
Plane-Imagination593,jodio_hoestar,Undirected,0.5,0.5
Plane-Imagination593,Pinkblushdiva,Undirected,0.5,0.5
Plane-Imagination593,Able_Compote6571,Undirected,0.25,0.25
Plane-Imagination593,CopiousCool,Undirected,0.3333333333333333,0.3333333333333333
Plane-Imagination593,Squidieyy,Undirected,1.0,1.0
Plane-Imagination593,palilibre,Undirected,0.5,0.5
Plane-Imagination593,Responsible-Term4482,Undirected,1.0,1.0
Plane-Imagination593,Unfair_Enthusiasm696,Undirected,1.0,1.0
Plane-Imagination593,Ok-Bicycle-12345,Undirected,1.0,1.0
Plane-Imagination593,ComfortableJello508,Undirected,1.0,1.0
Plane-Imagination593,FlabbyShabby,Undirected,1.0,1.0
Plane-Imagination593,Justarandomguy-fuck,Undirected,1.0,1.0
Plane-Imagination593,Late-Test2209,Undirected,1.0,1.0
Plane-Imagination593,ElectricalChance3664,Undirected,0.3333333333333333,0.3333333333333333
Plane-Imagination593,MrLabbrow,Undirected,1.0,1.0
Plane-Imagination593,Sea_Banana882,Undirected,0.5,0.5
Plane-Imagination593,CatacaX,Undirected,1.0,1.0
Plane-Imagination593,TonkaMaze,Undirected,1.0,1.0
Plane-Imagination593,J3ssM,Undirected,1.0,1.0
Plane-Imagination593,Early_Bad_,Undirected,1.0,1.0
Plane-Imagination593,abenites99,Undirected,1.0,1.0
Plane-Imagination593,Zealousideal-Item607,Undirected,0.5,0.5
Plane-Imagination593,NewPatron-St,Undirected,1.0,1.0
Plane-Imagination593,ChangePrestigious702,Undirected,1.0,1.0
Plane-Imagination593,Moth_Man_68,Undirected,1.0,1.0
Plane-Imagination593,No_Snow2245,Undirected,1.0,1.0
Plane-Imagination593,Perfect-Parking1536,Undirected,1.0,1.0
Plane-Imagination593,Ok_Somewhere9687,Undirected,1.0,1.0
Plane-Imagination593,CrossingVoid,Undirected,1.0,1.0
Plane-Imagination593,Icy_Giraffe3903,Undirected,1.0,1.0
Plane-Imagination593,No_Degree3814,Undirected,1.0,1.0
safemath,chopstickemup,Undirected,0.5,0.5
safemath,CosmiicBrowni,Undirected,0.5,0.5
safemath,carTot254,Undirected,0.5,0.5
safemath,ShedSoManyTears4Gaza,Undirected,0.5,0.5
safemath,natural_piano1836,Undirected,0.5,0.5
safemath,librePali,Undirected,0.5,0.5
safemath,ExtHD,Undirected,0.5,0.5
safemath,ibrahim_D12,Undirected,0.5,0.5
safemath,ConfidenceCareless71,Undirected,0.5,0.5
safemath,Enough_Credit_8199,Undirected,1.0,1.0
safemath,Miserable-Spinach867,Undirected,0.5,0.5
safemath,Big_Fennel2186,Undirected,0.5,0.5
safemath,urek__mazino_4444,Undirected,0.5,0.5
safemath,jodio_hoestar,Undirected,0.3333333333333333,0.3333333333333333
safemath,shladvic,Undirected,0.5,0.5
safemath,Pinkblushdiva,Undirected,0.3333333333333333,0.3333333333333333
safemath,CopiousCool,Undirected,0.25,0.25
safemath,littleeeloveee,Undirected,0.5,0.5
safemath,CryingInTheGrass,Undirected,0.5,0.5
safemath,Squidieyy,Undirected,0.5,0.5
safemath,tyuptyupolpolp,Undirected,0.3333333333333333,0.3333333333333333
safemath,palilibre,Undirected,0.3333333333333333,0.3333333333333333
safemath,Responsible-Term4482,Undirected,0.5,0.5
safemath,walkyslaysh,Undirected,0.5,0.5
safemath,hanandmeow,Undirected,0.5,0.5
safemath,Unfair_Enthusiasm696,Undirected,0.5,0.5
safemath,Ok-Bicycle-12345,Undirected,0.5,0.5
safemath,ComfortableJello508,Undirected,0.5,0.5
safemath,KrackalackinKraken,Undirected,0.5,0.5
safemath,SystemNo524,Undirected,0.5,0.5
safemath,FlabbyShabby,Undirected,0.5,0.5
safemath,Justarandomguy-fuck,Undirected,0.5,0.5
safemath,Late-Test2209,Undirected,0.5,0.5
safemath,ElectricalChance3664,Undirected,0.25,0.25
safemath,MrLabbrow,Undirected,0.5,0.5
safemath,Sea_Banana882,Undirected,0.3333333333333333,0.3333333333333333
safemath,CatacaX,Undirected,0.5,0.5
safemath,Altruistic-Look6136,Undirected,0.5,0.5
safemath,TonkaMaze,Undirected,0.5,0.5
safemath,J3ssM,Undirected,0.5,0.5
safemath,Early_Bad_,Undirected,0.5,0.5
safemath,Accomplished-Low9635,Undirected,0.5,0.5
safemath,Forward-Molasses4404,Undirected,0.5,0.5
safemath,abenites99,Undirected,0.5,0.5
safemath,Zealousideal-Item607,Undirected,0.3333333333333333,0.3333333333333333
safemath,NewPatron-St,Undirected,0.5,0.5
safemath,ChangePrestigious702,Undirected,0.5,0.5
safemath,Moth_Man_68,Undirected,0.5,0.5
safemath,No_Snow2245,Undirected,0.5,0.5
safemath,Perfect-Parking1536,Undirected,0.5,0.5
safemath,Ok_Strawberry_2143,Undirected,0.3333333333333333,0.3333333333333333
safemath,Ok_Somewhere9687,Undirected,0.5,0.5
safemath,Ur_Shado,Undirected,0.5,0.5
safemath,CrossingVoid,Undirected,0.5,0.5
safemath,Icy_Giraffe3903,Undirected,0.5,0.5
safemath,No_Degree3814,Undirected,0.5,0.5
Particular_Log_3594,mania_d,Undirected,0.25,0.25
Particular_Log_3594,chopstickemup,Undirected,0.25,0.25
Particular_Log_3594,Able_Ad_4891,Undirected,0.25,0.25
Particular_Log_3594,carTot254,Undirected,0.25,0.25
Particular_Log_3594,itsamefas,Undirected,0.25,0.25
Particular_Log_3594,CosmeticChemistPro,Undirected,0.25,0.25
Particular_Log_3594,Hamdan-mohamed,Undirected,0.25,0.25
Particular_Log_3594,natural_piano1836,Undirected,0.25,0.25
Particular_Log_3594,dramaqueen09,Undirected,0.25,0.25
Particular_Log_3594,SillyPassion7773,Undirected,0.25,0.25
Particular_Log_3594,librePali,Undirected,0.25,0.25
Particular_Log_3594,willflameboy,Undirected,0.25,0.25
Particular_Log_3594,ExtHD,Undirected,0.25,0.25
Particular_Log_3594,ibrahim_D12,Undirected,0.25,0.25
Particular_Log_3594,That-Flamingo9866,Undirected,0.25,0.25
Particular_Log_3594,ConfidenceCareless71,Undirected,0.25,0.25
Particular_Log_3594,No_Newspaper_2914,Undirected,0.25,0.25
Particular_Log_3594,Sad_Recognition_6037,Undirected,0.25,0.25
Particular_Log_3594,DarkShadow13206,Undirected,0.25,0.25
Particular_Log_3594,Miserable-Spinach867,Undirected,0.25,0.25
Particular_Log_3594,Big_Fennel2186,Undirected,0.25,0.25
Particular_Log_3594,introvertaltsakki,Undirected,0.25,0.25
Particular_Log_3594,Jealous-Ad-4838,Undirected,0.25,0.25
Particular_Log_3594,PandoraHadess,Undirected,0.25,0.25
Particular_Log_3594,Weird-Noise-180,Undirected,0.25,0.25
Particular_Log_3594,Financial_Smile4143,Undirected,0.3333333333333333,0.3333333333333333
Particular_Log_3594,ElkNational9973,Undirected,0.25,0.25
Particular_Log_3594,Colei_the_weird,Undirected,0.25,0.25
Particular_Log_3594,isaboobers,Undirected,0.25,0.25
Particular_Log_3594,LofiOcean131,Undirected,0.25,0.25
Particular_Log_3594,Apprehensive-Cut9959,Undirected,0.25,0.25
Particular_Log_3594,Pinkblushdiva,Undirected,0.5,0.5
Particular_Log_3594,Novel_Bass6032,Undirected,0.25,0.25
Particular_Log_3594,Ridussey,Undirected,0.25,0.25
Particular_Log_3594,Away-Lavishness-3805,Undirected,0.25,0.25
Particular_Log_3594,winter_in_eden,Undirected,0.25,0.25
Particular_Log_3594,Asinead666,Undirected,0.25,0.25
Particular_Log_3594,SnooOwls4954,Undirected,0.25,0.25
Particular_Log_3594,Margiethecat,Undirected,0.25,0.25
Particular_Log_3594,Able_Compote6571,Undirected,0.6,0.6
Particular_Log_3594,pickl3dguava,Undirected,0.25,0.25
Particular_Log_3594,CopiousCool,Undirected,0.4,0.4
Particular_Log_3594,butterflyfrenchfry,Undirected,0.25,0.25
Particular_Log_3594,Effective_Nothing519,Undirected,0.25,0.25
Particular_Log_3594,Kekeegan,Undirected,0.25,0.25
Particular_Log_3594,aym0_0n,Undirected,0.25,0.25
Particular_Log_3594,Beneficial-Network91,Undirected,0.5,0.5
Particular_Log_3594,Squidieyy,Undirected,0.25,0.25
Particular_Log_3594,Hopeful_Worth315,Undirected,0.25,0.25
Particular_Log_3594,palilibre,Undirected,0.5,0.5
Particular_Log_3594,VISlONSOFALIFE,Undirected,0.25,0.25
Particular_Log_3594,Sp1dderxyz,Undirected,0.25,0.25
Particular_Log_3594,Responsible-Term4482,Undirected,0.25,0.25
Particular_Log_3594,comrade-sunflower,Undirected,0.25,0.25
Particular_Log_3594,cats_and_coffee15,Undirected,0.25,0.25
Particular_Log_3594,Ambitious-Narwhal158,Undirected,0.5,0.5
Particular_Log_3594,Unfair_Enthusiasm696,Undirected,0.25,0.25
Particular_Log_3594,peachemistry,Undirected,0.25,0.25
Particular_Log_3594,Ok-Bicycle-12345,Undirected,0.25,0.25
Particular_Log_3594,ComfortableJello508,Undirected,0.25,0.25
Particular_Log_3594,GermanLetsKotz,Undirected,0.25,0.25
Particular_Log_3594,FlabbyShabby,Undirected,0.25,0.25
Particular_Log_3594,Justarandomguy-fuck,Undirected,0.25,0.25
Particular_Log_3594,thatsjustarandomname,Undirected,0.25,0.25
Particular_Log_3594,Fit_Fisherman_3317,Undirected,0.25,0.25
Particular_Log_3594,Late-Test2209,Undirected,0.25,0.25
Particular_Log_3594,OkShelter6459,Undirected,0.25,0.25
Particular_Log_3594,MrLabbrow,Undirected,0.25,0.25
Particular_Log_3594,Sea_Banana882,Undirected,0.5,0.5
Particular_Log_3594,CatacaX,Undirected,0.25,0.25
Particular_Log_3594,TonkaMaze,Undirected,0.25,0.25
Particular_Log_3594,m7mdhassballa,Undirected,0.25,0.25
Particular_Log_3594,J3ssM,Undirected,0.25,0.25
Particular_Log_3594,Early_Bad_,Undirected,0.25,0.25
Particular_Log_3594,Fantastic_Bag1560,Undirected,0.25,0.25
Particular_Log_3594,abenites99,Undirected,0.25,0.25
Particular_Log_3594,NewPatron-St,Undirected,0.25,0.25
Particular_Log_3594,ChangePrestigious702,Undirected,0.25,0.25
Particular_Log_3594,Moth_Man_68,Undirected,0.25,0.25
Particular_Log_3594,No_Snow2245,Undirected,0.25,0.25
Particular_Log_3594,Perfect-Parking1536,Undirected,0.25,0.25
Particular_Log_3594,HuckleberryFuzzy918,Undirected,0.25,0.25
Particular_Log_3594,ResolutionDull5054,Undirected,0.25,0.25
Particular_Log_3594,Ok_Somewhere9687,Undirected,0.25,0.25
Particular_Log_3594,VanillaAdventurous74,Undirected,0.25,0.25
Particular_Log_3594,TheAlphaKiller17,Undirected,0.25,0.25
Particular_Log_3594,CrossingVoid,Undirected,0.25,0.25
Particular_Log_3594,Icy_Giraffe3903,Undirected,0.25,0.25
Particular_Log_3594,tallbigbear,Undirected,0.25,0.25
Particular_Log_3594,doctormelody18,Undirected,0.25,0.25
Particular_Log_3594,No_Degree3814,Undirected,0.25,0.25
mania_d,willflameboy,Undirected,1.0,1.0
mania_d,Beneficial-Network91,Undirected,0.5,0.5
mania_d,Wolf4612,Undirected,0.5,0.5
mania_d,Fit_Fisherman_3317,Undirected,1.0,1.0
mania_d,OkShelter6459,Undirected,1.0,1.0
chopstickemup,carTot254,Undirected,1.0,1.0
chopstickemup,natural_piano1836,Undirected,1.0,1.0
chopstickemup,librePali,Undirected,1.0,1.0
chopstickemup,ExtHD,Undirected,1.0,1.0
chopstickemup,ibrahim_D12,Undirected,1.0,1.0
chopstickemup,ConfidenceCareless71,Undirected,1.0,1.0
chopstickemup,Enough_Credit_8199,Undirected,0.5,0.5
chopstickemup,Miserable-Spinach867,Undirected,1.0,1.0
chopstickemup,Big_Fennel2186,Undirected,1.0,1.0
chopstickemup,Financial_Smile4143,Undirected,0.25,0.25
chopstickemup,jodio_hoestar,Undirected,0.5,0.5
chopstickemup,Pinkblushdiva,Undirected,0.5,0.5
chopstickemup,Able_Compote6571,Undirected,0.25,0.25
chopstickemup,CopiousCool,Undirected,0.3333333333333333,0.3333333333333333
chopstickemup,Squidieyy,Undirected,1.0,1.0
chopstickemup,palilibre,Undirected,0.5,0.5
chopstickemup,Responsible-Term4482,Undirected,1.0,1.0
chopstickemup,Unfair_Enthusiasm696,Undirected,1.0,1.0
chopstickemup,Ok-Bicycle-12345,Undirected,1.0,1.0
chopstickemup,ComfortableJello508,Undirected,1.0,1.0
chopstickemup,FlabbyShabby,Undirected,1.0,1.0
chopstickemup,Justarandomguy-fuck,Undirected,1.0,1.0
chopstickemup,Late-Test2209,Undirected,1.0,1.0
chopstickemup,ElectricalChance3664,Undirected,0.3333333333333333,0.3333333333333333
chopstickemup,MrLabbrow,Undirected,1.0,1.0
chopstickemup,Sea_Banana882,Undirected,0.5,0.5
chopstickemup,CatacaX,Undirected,1.0,1.0
chopstickemup,TonkaMaze,Undirected,1.0,1.0
chopstickemup,J3ssM,Undirected,1.0,1.0
chopstickemup,Early_Bad_,Undirected,1.0,1.0
chopstickemup,abenites99,Undirected,1.0,1.0
chopstickemup,Zealousideal-Item607,Undirected,0.5,0.5
chopstickemup,NewPatron-St,Undirected,1.0,1.0
chopstickemup,ChangePrestigious702,Undirected,1.0,1.0
chopstickemup,Moth_Man_68,Undirected,1.0,1.0
chopstickemup,No_Snow2245,Undirected,1.0,1.0
chopstickemup,Perfect-Parking1536,Undirected,1.0,1.0
chopstickemup,Ok_Somewhere9687,Undirected,1.0,1.0
chopstickemup,CrossingVoid,Undirected,1.0,1.0
chopstickemup,Icy_Giraffe3903,Undirected,1.0,1.0
chopstickemup,No_Degree3814,Undirected,1.0,1.0
Able_Ad_4891,itsamefas,Undirected,1.0,1.0
Able_Ad_4891,CosmeticChemistPro,Undirected,1.0,1.0
Able_Ad_4891,Hamdan-mohamed,Undirected,1.0,1.0
Able_Ad_4891,SillyPassion7773,Undirected,1.0,1.0
Able_Ad_4891,That-Flamingo9866,Undirected,1.0,1.0
Able_Ad_4891,No_Newspaper_2914,Undirected,1.0,1.0
Able_Ad_4891,Sad_Recognition_6037,Undirected,1.0,1.0
Able_Ad_4891,DarkShadow13206,Undirected,1.0,1.0
Able_Ad_4891,introvertaltsakki,Undirected,1.0,1.0
Able_Ad_4891,Jealous-Ad-4838,Undirected,1.0,1.0
Able_Ad_4891,PandoraHadess,Undirected,1.0,1.0
Able_Ad_4891,Weird-Noise-180,Undirected,1.0,1.0
Able_Ad_4891,Financial_Smile4143,Undirected,0.25,0.25
Able_Ad_4891,ElkNational9973,Undirected,1.0,1.0
Able_Ad_4891,Colei_the_weird,Undirected,1.0,1.0
Able_Ad_4891,isaboobers,Undirected,1.0,1.0
Able_Ad_4891,Ok-Divide4719,Undirected,0.5,0.5
Able_Ad_4891,LofiOcean131,Undirected,1.0,1.0
Able_Ad_4891,Apprehensive-Cut9959,Undirected,1.0,1.0
Able_Ad_4891,Pinkblushdiva,Undirected,0.5,0.5
Able_Ad_4891,Ridussey,Undirected,1.0,1.0
Able_Ad_4891,Away-Lavishness-3805,Undirected,1.0,1.0
Able_Ad_4891,winter_in_eden,Undirected,1.0,1.0
Able_Ad_4891,Asinead666,Undirected,1.0,1.0
Able_Ad_4891,SnooOwls4954,Undirected,1.0,1.0
Able_Ad_4891,Margiethecat,Undirected,1.0,1.0
Able_Ad_4891,Able_Compote6571,Undirected,0.25,0.25
Able_Ad_4891,pickl3dguava,Undirected,1.0,1.0
Able_Ad_4891,CopiousCool,Undirected,0.3333333333333333,0.3333333333333333
Able_Ad_4891,butterflyfrenchfry,Undirected,1.0,1.0
Able_Ad_4891,Effective_Nothing519,Undirected,1.0,1.0
Able_Ad_4891,Kekeegan,Undirected,1.0,1.0
Able_Ad_4891,aym0_0n,Undirected,1.0,1.0
Able_Ad_4891,Beneficial-Network91,Undirected,0.5,0.5
Able_Ad_4891,tyuptyupolpolp,Undirected,0.5,0.5
Able_Ad_4891,Hopeful_Worth315,Undirected,1.0,1.0
Able_Ad_4891,palilibre,Undirected,0.5,0.5
Able_Ad_4891,VISlONSOFALIFE,Undirected,1.0,1.0
Able_Ad_4891,Sp1dderxyz,Undirected,1.0,1.0
Able_Ad_4891,cats_and_coffee15,Undirected,1.0,1.0
Able_Ad_4891,Ambitious-Narwhal158,Undirected,0.5,0.5
Able_Ad_4891,peachemistry,Undirected,1.0,1.0
Able_Ad_4891,thatsjustarandomname,Undirected,1.0,1.0
Able_Ad_4891,Akram-Brahimi,Undirected,0.5,0.5
Able_Ad_4891,Sea_Banana882,Undirected,0.5,0.5
Able_Ad_4891,m7mdhassballa,Undirected,1.0,1.0
Able_Ad_4891,Fantastic_Bag1560,Undirected,1.0,1.0
Able_Ad_4891,HuckleberryFuzzy918,Undirected,1.0,1.0
Able_Ad_4891,ResolutionDull5054,Undirected,1.0,1.0
Able_Ad_4891,VanillaAdventurous74,Undirected,1.0,1.0
Able_Ad_4891,TheAlphaKiller17,Undirected,1.0,1.0
Able_Ad_4891,doctormelody18,Undirected,1.0,1.0
PerspectiveGrand716,Blood11Orange,Undirected,1.0,1.0
PerspectiveGrand716,weirdgurl24,Undirected,1.0,1.0
PerspectiveGrand716,johnsmithoncemore,Undirected,0.5,0.5
PerspectiveGrand716,Dangermouse0214,Undirected,1.0,1.0
PerspectiveGrand716,CopiousCool,Undirected,0.3333333333333333,0.3333333333333333
PerspectiveGrand716,Wolf4612,Undirected,0.5,0.5
PerspectiveGrand716,ElectricalChance3664,Undirected,0.3333333333333333,0.3333333333333333
PerspectiveGrand716,Ok_Strawberry_2143,Undirected,0.5,0.5
PerspectiveGrand716,venrir,Undirected,1.0,1.0
CosmiicBrowni,ShedSoManyTears4Gaza,Undirected,1.0,1.0
CosmiicBrowni,Enough_Credit_8199,Undirected,0.5,0.5
CosmiicBrowni,urek__mazino_4444,Undirected,1.0,1.0
CosmiicBrowni,shladvic,Undirected,1.0,1.0
CosmiicBrowni,littleeeloveee,Undirected,1.0,1.0
CosmiicBrowni,CryingInTheGrass,Undirected,1.0,1.0
CosmiicBrowni,tyuptyupolpolp,Undirected,0.5,0.5
CosmiicBrowni,walkyslaysh,Undirected,1.0,1.0
CosmiicBrowni,hanandmeow,Undirected,1.0,1.0
CosmiicBrowni,KrackalackinKraken,Undirected,1.0,1.0
CosmiicBrowni,SystemNo524,Undirected,1.0,1.0
CosmiicBrowni,Altruistic-Look6136,Undirected,1.0,1.0
CosmiicBrowni,Accomplished-Low9635,Undirected,1.0,1.0
CosmiicBrowni,Forward-Molasses4404,Undirected,1.0,1.0
CosmiicBrowni,Ok_Strawberry_2143,Undirected,0.5,0.5
CosmiicBrowni,Ur_Shado,Undirected,1.0,1.0
carTot254,natural_piano1836,Undirected,1.0,1.0
carTot254,librePali,Undirected,1.0,1.0
carTot254,ExtHD,Undirected,1.0,1.0
carTot254,ibrahim_D12,Undirected,1.0,1.0
carTot254,ConfidenceCareless71,Undirected,1.0,1.0
carTot254,Enough_Credit_8199,Undirected,0.5,0.5
carTot254,Miserable-Spinach867,Undirected,1.0,1.0
carTot254,Big_Fennel2186,Undirected,1.0,1.0
carTot254,Financial_Smile4143,Undirected,0.25,0.25
carTot254,jodio_hoestar,Undirected,0.5,0.5
carTot254,Pinkblushdiva,Undirected,0.5,0.5
carTot254,Able_Compote6571,Undirected,0.25,0.25
carTot254,CopiousCool,Undirected,0.3333333333333333,0.3333333333333333
carTot254,Squidieyy,Undirected,1.0,1.0
carTot254,palilibre,Undirected,0.5,0.5
carTot254,Responsible-Term4482,Undirected,1.0,1.0
carTot254,Unfair_Enthusiasm696,Undirected,1.0,1.0
carTot254,Ok-Bicycle-12345,Undirected,1.0,1.0
carTot254,ComfortableJello508,Undirected,1.0,1.0
carTot254,FlabbyShabby,Undirected,1.0,1.0
carTot254,Justarandomguy-fuck,Undirected,1.0,1.0
carTot254,Late-Test2209,Undirected,1.0,1.0
carTot254,ElectricalChance3664,Undirected,0.3333333333333333,0.3333333333333333
carTot254,MrLabbrow,Undirected,1.0,1.0
carTot254,Sea_Banana882,Undirected,0.5,0.5
carTot254,CatacaX,Undirected,1.0,1.0
carTot254,TonkaMaze,Undirected,1.0,1.0
carTot254,J3ssM,Undirected,1.0,1.0
carTot254,Early_Bad_,Undirected,1.0,1.0
carTot254,abenites99,Undirected,1.0,1.0
carTot254,Zealousideal-Item607,Undirected,0.5,0.5
carTot254,NewPatron-St,Undirected,1.0,1.0
carTot254,ChangePrestigious702,Undirected,1.0,1.0
carTot254,Moth_Man_68,Undirected,1.0,1.0
carTot254,No_Snow2245,Undirected,1.0,1.0
carTot254,Perfect-Parking1536,Undirected,1.0,1.0
carTot254,Ok_Somewhere9687,Undirected,1.0,1.0
carTot254,CrossingVoid,Undirected,1.0,1.0
carTot254,Icy_Giraffe3903,Undirected,1.0,1.0
carTot254,No_Degree3814,Undirected,1.0,1.0
ShedSoManyTears4Gaza,Enough_Credit_8199,Undirected,0.5,0.5
ShedSoManyTears4Gaza,urek__mazino_4444,Undirected,1.0,1.0
ShedSoManyTears4Gaza,shladvic,Undirected,1.0,1.0
ShedSoManyTears4Gaza,littleeeloveee,Undirected,1.0,1.0
ShedSoManyTears4Gaza,CryingInTheGrass,Undirected,1.0,1.0
ShedSoManyTears4Gaza,tyuptyupolpolp,Undirected,0.5,0.5
ShedSoManyTears4Gaza,walkyslaysh,Undirected,1.0,1.0
ShedSoManyTears4Gaza,hanandmeow,Undirected,1.0,1.0
ShedSoManyTears4Gaza,KrackalackinKraken,Undirected,1.0,1.0
ShedSoManyTears4Gaza,SystemNo524,Undirected,1.0,1.0
ShedSoManyTears4Gaza,Altruistic-Look6136,Undirected,1.0,1.0
ShedSoManyTears4Gaza,Accomplished-Low9635,Undirected,1.0,1.0
ShedSoManyTears4Gaza,Forward-Molasses4404,Undirected,1.0,1.0
ShedSoManyTears4Gaza,Ok_Strawberry_2143,Undirected,0.5,0.5
ShedSoManyTears4Gaza,Ur_Shado,Undirected,1.0,1.0
itsamefas,CosmeticChemistPro,Undirected,1.0,1.0
itsamefas,Hamdan-mohamed,Undirected,1.0,1.0
itsamefas,SillyPassion7773,Undirected,1.0,1.0
itsamefas,That-Flamingo9866,Undirected,1.0,1.0
itsamefas,No_Newspaper_2914,Undirected,1.0,1.0
itsamefas,Sad_Recognition_6037,Undirected,1.0,1.0
itsamefas,DarkShadow13206,Undirected,1.0,1.0
itsamefas,introvertaltsakki,Undirected,1.0,1.0
itsamefas,Jealous-Ad-4838,Undirected,1.0,1.0
itsamefas,PandoraHadess,Undirected,1.0,1.0
itsamefas,Weird-Noise-180,Undirected,1.0,1.0
itsamefas,Financial_Smile4143,Undirected,0.25,0.25
itsamefas,ElkNational9973,Undirected,1.0,1.0
itsamefas,Colei_the_weird,Undirected,1.0,1.0
itsamefas,isaboobers,Undirected,1.0,1.0
itsamefas,Ok-Divide4719,Undirected,0.5,0.5
itsamefas,LofiOcean131,Undirected,1.0,1.0
itsamefas,Apprehensive-Cut9959,Undirected,1.0,1.0
itsamefas,Pinkblushdiva,Undirected,0.5,0.5
itsamefas,Ridussey,Undirected,1.0,1.0
itsamefas,Away-Lavishness-3805,Undirected,1.0,1.0
itsamefas,winter_in_eden,Undirected,1.0,1.0
itsamefas,Asinead666,Undirected,1.0,1.0
itsamefas,SnooOwls4954,Undirected,1.0,1.0
itsamefas,Margiethecat,Undirected,1.0,1.0
itsamefas,Able_Compote6571,Undirected,0.25,0.25
itsamefas,pickl3dguava,Undirected,1.0,1.0
itsamefas,CopiousCool,Undirected,0.3333333333333333,0.3333333333333333
itsamefas,butterflyfrenchfry,Undirected,1.0,1.0
itsamefas,Effective_Nothing519,Undirected,1.0,1.0
itsamefas,Kekeegan,Undirected,1.0,1.0
itsamefas,aym0_0n,Undirected,1.0,1.0
itsamefas,Beneficial-Network91,Undirected,0.5,0.5
itsamefas,tyuptyupolpolp,Undirected,0.5,0.5
itsamefas,Hopeful_Worth315,Undirected,1.0,1.0
itsamefas,palilibre,Undirected,0.5,0.5
itsamefas,VISlONSOFALIFE,Undirected,1.0,1.0
itsamefas,Sp1dderxyz,Undirected,1.0,1.0
itsamefas,cats_and_coffee15,Undirected,1.0,1.0
itsamefas,Ambitious-Narwhal158,Undirected,0.5,0.5
itsamefas,peachemistry,Undirected,1.0,1.0
itsamefas,thatsjustarandomname,Undirected,1.0,1.0
itsamefas,Akram-Brahimi,Undirected,0.5,0.5
itsamefas,Sea_Banana882,Undirected,0.5,0.5
itsamefas,m7mdhassballa,Undirected,1.0,1.0
itsamefas,Fantastic_Bag1560,Undirected,1.0,1.0
itsamefas,HuckleberryFuzzy918,Undirected,1.0,1.0
itsamefas,ResolutionDull5054,Undirected,1.0,1.0
itsamefas,VanillaAdventurous74,Undirected,1.0,1.0
itsamefas,TheAlphaKiller17,Undirected,1.0,1.0
itsamefas,doctormelody18,Undirected,1.0,1.0
CosmeticChemistPro,Hamdan-mohamed,Undirected,1.0,1.0
CosmeticChemistPro,SillyPassion7773,Undirected,1.0,1.0
CosmeticChemistPro,That-Flamingo9866,Undirected,1.0,1.0
CosmeticChemistPro,No_Newspaper_2914,Undirected,1.0,1.0
CosmeticChemistPro,Sad_Recognition_6037,Undirected,1.0,1.0
CosmeticChemistPro,DarkShadow13206,Undirected,1.0,1.0
CosmeticChemistPro,introvertaltsakki,Undirected,1.0,1.0
CosmeticChemistPro,Jealous-Ad-4838,Undirected,1.0,1.0
CosmeticChemistPro,PandoraHadess,Undirected,1.0,1.0
CosmeticChemistPro,Weird-Noise-180,Undirected,1.0,1.0
CosmeticChemistPro,Financial_Smile4143,Undirected,0.25,0.25
CosmeticChemistPro,ElkNational9973,Undirected,1.0,1.0
CosmeticChemistPro,Colei_the_weird,Undirected,1.0,1.0
CosmeticChemistPro,isaboobers,Undirected,1.0,1.0
CosmeticChemistPro,Ok-Divide4719,Undirected,0.5,0.5
CosmeticChemistPro,LofiOcean131,Undirected,1.0,1.0
CosmeticChemistPro,Apprehensive-Cut9959,Undirected,1.0,1.0
CosmeticChemistPro,Pinkblushdiva,Undirected,0.5,0.5
CosmeticChemistPro,Ridussey,Undirected,1.0,1.0
CosmeticChemistPro,Away-Lavishness-3805,Undirected,1.0,1.0
CosmeticChemistPro,winter_in_eden,Undirected,1.0,1.0
CosmeticChemistPro,Asinead666,Undirected,1.0,1.0
CosmeticChemistPro,SnooOwls4954,Undirected,1.0,1.0
CosmeticChemistPro,Margiethecat,Undirected,1.0,1.0
CosmeticChemistPro,Able_Compote6571,Undirected,0.25,0.25
CosmeticChemistPro,pickl3dguava,Undirected,1.0,1.0
CosmeticChemistPro,CopiousCool,Undirected,0.3333333333333333,0.3333333333333333
CosmeticChemistPro,butterflyfrenchfry,Undirected,1.0,1.0
CosmeticChemistPro,Effective_Nothing519,Undirected,1.0,1.0
CosmeticChemistPro,Kekeegan,Undirected,1.0,1.0
CosmeticChemistPro,aym0_0n,Undirected,1.0,1.0
CosmeticChemistPro,Beneficial-Network91,Undirected,0.5,0.5
CosmeticChemistPro,tyuptyupolpolp,Undirected,0.5,0.5
CosmeticChemistPro,Hopeful_Worth315,Undirected,1.0,1.0
CosmeticChemistPro,palilibre,Undirected,0.5,0.5
CosmeticChemistPro,VISlONSOFALIFE,Undirected,1.0,1.0
CosmeticChemistPro,Sp1dderxyz,Undirected,1.0,1.0
CosmeticChemistPro,cats_and_coffee15,Undirected,1.0,1.0
CosmeticChemistPro,Ambitious-Narwhal158,Undirected,0.5,0.5
CosmeticChemistPro,peachemistry,Undirected,1.0,1.0
CosmeticChemistPro,thatsjustarandomname,Undirected,1.0,1.0
CosmeticChemistPro,Akram-Brahimi,Undirected,0.5,0.5
CosmeticChemistPro,Sea_Banana882,Undirected,0.5,0.5
CosmeticChemistPro,m7mdhassballa,Undirected,1.0,1.0
CosmeticChemistPro,Fantastic_Bag1560,Undirected,1.0,1.0
CosmeticChemistPro,HuckleberryFuzzy918,Undirected,1.0,1.0
CosmeticChemistPro,ResolutionDull5054,Undirected,1.0,1.0
CosmeticChemistPro,VanillaAdventurous74,Undirected,1.0,1.0
CosmeticChemistPro,TheAlphaKiller17,Undirected,1.0,1.0
CosmeticChemistPro,doctormelody18,Undirected,1.0,1.0
Hamdan-mohamed,SillyPassion7773,Undirected,1.0,1.0
Hamdan-mohamed,That-Flamingo9866,Undirected,1.0,1.0
Hamdan-mohamed,No_Newspaper_2914,Undirected,1.0,1.0
Hamdan-mohamed,Sad_Recognition_6037,Undirected,1.0,1.0
Hamdan-mohamed,DarkShadow13206,Undirected,1.0,1.0
Hamdan-mohamed,introvertaltsakki,Undirected,1.0,1.0
Hamdan-mohamed,Jealous-Ad-4838,Undirected,1.0,1.0
Hamdan-mohamed,PandoraHadess,Undirected,1.0,1.0
Hamdan-mohamed,Weird-Noise-180,Undirected,1.0,1.0
Hamdan-mohamed,Financial_Smile4143,Undirected,0.25,0.25
Hamdan-mohamed,ElkNational9973,Undirected,1.0,1.0
Hamdan-mohamed,Colei_the_weird,Undirected,1.0,1.0
Hamdan-mohamed,isaboobers,Undirected,1.0,1.0
Hamdan-mohamed,Ok-Divide4719,Undirected,0.5,0.5
Hamdan-mohamed,LofiOcean131,Undirected,1.0,1.0
Hamdan-mohamed,Apprehensive-Cut9959,Undirected,1.0,1.0
Hamdan-mohamed,Pinkblushdiva,Undirected,0.5,0.5
Hamdan-mohamed,Ridussey,Undirected,1.0,1.0
Hamdan-mohamed,Away-Lavishness-3805,Undirected,1.0,1.0
Hamdan-mohamed,winter_in_eden,Undirected,1.0,1.0
Hamdan-mohamed,Asinead666,Undirected,1.0,1.0
Hamdan-mohamed,SnooOwls4954,Undirected,1.0,1.0
Hamdan-mohamed,Margiethecat,Undirected,1.0,1.0
Hamdan-mohamed,Able_Compote6571,Undirected,0.25,0.25
Hamdan-mohamed,pickl3dguava,Undirected,1.0,1.0
Hamdan-mohamed,CopiousCool,Undirected,0.3333333333333333,0.3333333333333333
Hamdan-mohamed,butterflyfrenchfry,Undirected,1.0,1.0
Hamdan-mohamed,Effective_Nothing519,Undirected,1.0,1.0
Hamdan-mohamed,Kekeegan,Undirected,1.0,1.0
Hamdan-mohamed,aym0_0n,Undirected,1.0,1.0
Hamdan-mohamed,Beneficial-Network91,Undirected,0.5,0.5
Hamdan-mohamed,tyuptyupolpolp,Undirected,0.5,0.5
Hamdan-mohamed,Hopeful_Worth315,Undirected,1.0,1.0
Hamdan-mohamed,palilibre,Undirected,0.5,0.5
Hamdan-mohamed,VISlONSOFALIFE,Undirected,1.0,1.0
Hamdan-mohamed,Sp1dderxyz,Undirected,1.0,1.0
Hamdan-mohamed,cats_and_coffee15,Undirected,1.0,1.0
Hamdan-mohamed,Ambitious-Narwhal158,Undirected,0.5,0.5
Hamdan-mohamed,peachemistry,Undirected,1.0,1.0
Hamdan-mohamed,thatsjustarandomname,Undirected,1.0,1.0
Hamdan-mohamed,Akram-Brahimi,Undirected,0.5,0.5
Hamdan-mohamed,Sea_Banana882,Undirected,0.5,0.5
Hamdan-mohamed,m7mdhassballa,Undirected,1.0,1.0
Hamdan-mohamed,Fantastic_Bag1560,Undirected,1.0,1.0
Hamdan-mohamed,HuckleberryFuzzy918,Undirected,1.0,1.0
Hamdan-mohamed,ResolutionDull5054,Undirected,1.0,1.0
Hamdan-mohamed,VanillaAdventurous74,Undirected,1.0,1.0
Hamdan-mohamed,TheAlphaKiller17,Undirected,1.0,1.0
Hamdan-mohamed,doctormelody18,Undirected,1.0,1.0
natural_piano1836,librePali,Undirected,1.0,1.0
natural_piano1836,ExtHD,Undirected,1.0,1.0
natural_piano1836,ibrahim_D12,Undirected,1.0,1.0
natural_piano1836,ConfidenceCareless71,Undirected,1.0,1.0
natural_piano1836,Enough_Credit_8199,Undirected,0.5,0.5
natural_piano1836,Miserable-Spinach867,Undirected,1.0,1.0
natural_piano1836,Big_Fennel2186,Undirected,1.0,1.0
natural_piano1836,Financial_Smile4143,Undirected,0.25,0.25
natural_piano1836,jodio_hoestar,Undirected,0.5,0.5
natural_piano1836,Pinkblushdiva,Undirected,0.5,0.5
natural_piano1836,Able_Compote6571,Undirected,0.25,0.25
natural_piano1836,CopiousCool,Undirected,0.3333333333333333,0.3333333333333333
natural_piano1836,Squidieyy,Undirected,1.0,1.0
natural_piano1836,palilibre,Undirected,0.5,0.5
natural_piano1836,Responsible-Term4482,Undirected,1.0,1.0
natural_piano1836,Unfair_Enthusiasm696,Undirected,1.0,1.0
natural_piano1836,Ok-Bicycle-12345,Undirected,1.0,1.0
natural_piano1836,ComfortableJello508,Undirected,1.0,1.0
natural_piano1836,FlabbyShabby,Undirected,1.0,1.0
natural_piano1836,Justarandomguy-fuck,Undirected,1.0,1.0
natural_piano1836,Late-Test2209,Undirected,1.0,1.0
natural_piano1836,ElectricalChance3664,Undirected,0.3333333333333333,0.3333333333333333
natural_piano1836,MrLabbrow,Undirected,1.0,1.0
natural_piano1836,Sea_Banana882,Undirected,0.5,0.5
natural_piano1836,CatacaX,Undirected,1.0,1.0
natural_piano1836,TonkaMaze,Undirected,1.0,1.0
natural_piano1836,J3ssM,Undirected,1.0,1.0
natural_piano1836,Early_Bad_,Undirected,1.0,1.0
natural_piano1836,abenites99,Undirected,1.0,1.0
natural_piano1836,Zealousideal-Item607,Undirected,0.5,0.5
natural_piano1836,NewPatron-St,Undirected,1.0,1.0
natural_piano1836,ChangePrestigious702,Undirected,1.0,1.0
natural_piano1836,Moth_Man_68,Undirected,1.0,1.0
natural_piano1836,No_Snow2245,Undirected,1.0,1.0
natural_piano1836,Perfect-Parking1536,Undirected,1.0,1.0
natural_piano1836,Ok_Somewhere9687,Undirected,1.0,1.0
natural_piano1836,CrossingVoid,Undirected,1.0,1.0
natural_piano1836,Icy_Giraffe3903,Undirected,1.0,1.0
natural_piano1836,No_Degree3814,Undirected,1.0,1.0
Blood11Orange,weirdgurl24,Undirected,1.0,1.0
Blood11Orange,johnsmithoncemore,Undirected,0.5,0.5
Blood11Orange,Dangermouse0214,Undirected,1.0,1.0
Blood11Orange,CopiousCool,Undirected,0.3333333333333333,0.3333333333333333
Blood11Orange,Wolf4612,Undirected,0.5,0.5
Blood11Orange,ElectricalChance3664,Undirected,0.3333333333333333,0.3333333333333333
Blood11Orange,Ok_Strawberry_2143,Undirected,0.5,0.5
Blood11Orange,venrir,Undirected,1.0,1.0
CNCMachina,jodio_hoestar,Undirected,0.5,0.5
CNCMachina,Rich_Ask3503,Undirected,1.0,1.0
CNCMachina,Akram-Brahimi,Undirected,0.5,0.5
CNCMachina,secret-agent-zero,Undirected,1.0,1.0
dramaqueen09,Novel_Bass6032,Undirected,1.0,1.0
dramaqueen09,Able_Compote6571,Undirected,0.25,0.25
dramaqueen09,comrade-sunflower,Undirected,1.0,1.0
dramaqueen09,Ambitious-Narwhal158,Undirected,0.5,0.5
dramaqueen09,GermanLetsKotz,Undirected,1.0,1.0
dramaqueen09,tallbigbear,Undirected,1.0,1.0
SillyPassion7773,That-Flamingo9866,Undirected,1.0,1.0
SillyPassion7773,No_Newspaper_2914,Undirected,1.0,1.0
SillyPassion7773,Sad_Recognition_6037,Undirected,1.0,1.0
SillyPassion7773,DarkShadow13206,Undirected,1.0,1.0
SillyPassion7773,introvertaltsakki,Undirected,1.0,1.0
SillyPassion7773,Jealous-Ad-4838,Undirected,1.0,1.0
SillyPassion7773,PandoraHadess,Undirected,1.0,1.0
SillyPassion7773,Weird-Noise-180,Undirected,1.0,1.0
SillyPassion7773,Financial_Smile4143,Undirected,0.25,0.25
SillyPassion7773,ElkNational9973,Undirected,1.0,1.0
SillyPassion7773,Colei_the_weird,Undirected,1.0,1.0
SillyPassion7773,isaboobers,Undirected,1.0,1.0
SillyPassion7773,Ok-Divide4719,Undirected,0.5,0.5
SillyPassion7773,LofiOcean131,Undirected,1.0,1.0
SillyPassion7773,Apprehensive-Cut9959,Undirected,1.0,1.0
SillyPassion7773,Pinkblushdiva,Undirected,0.5,0.5
SillyPassion7773,Ridussey,Undirected,1.0,1.0
SillyPassion7773,Away-Lavishness-3805,Undirected,1.0,1.0
SillyPassion7773,winter_in_eden,Undirected,1.0,1.0
SillyPassion7773,Asinead666,Undirected,1.0,1.0
SillyPassion7773,SnooOwls4954,Undirected,1.0,1.0
SillyPassion7773,Margiethecat,Undirected,1.0,1.0
SillyPassion7773,Able_Compote6571,Undirected,0.25,0.25
SillyPassion7773,pickl3dguava,Undirected,1.0,1.0
SillyPassion7773,CopiousCool,Undirected,0.3333333333333333,0.3333333333333333
SillyPassion7773,butterflyfrenchfry,Undirected,1.0,1.0
SillyPassion7773,Effective_Nothing519,Undirected,1.0,1.0
SillyPassion7773,Kekeegan,Undirected,1.0,1.0
SillyPassion7773,aym0_0n,Undirected,1.0,1.0
SillyPassion7773,Beneficial-Network91,Undirected,0.5,0.5
SillyPassion7773,tyuptyupolpolp,Undirected,0.5,0.5
SillyPassion7773,Hopeful_Worth315,Undirected,1.0,1.0
SillyPassion7773,palilibre,Undirected,0.5,0.5
SillyPassion7773,VISlONSOFALIFE,Undirected,1.0,1.0
SillyPassion7773,Sp1dderxyz,Undirected,1.0,1.0
SillyPassion7773,cats_and_coffee15,Undirected,1.0,1.0
SillyPassion7773,Ambitious-Narwhal158,Undirected,0.5,0.5
SillyPassion7773,peachemistry,Undirected,1.0,1.0
SillyPassion7773,thatsjustarandomname,Undirected,1.0,1.0
SillyPassion7773,Akram-Brahimi,Undirected,0.5,0.5
SillyPassion7773,Sea_Banana882,Undirected,0.5,0.5
SillyPassion7773,m7mdhassballa,Undirected,1.0,1.0
SillyPassion7773,Fantastic_Bag1560,Undirected,1.0,1.0
SillyPassion7773,HuckleberryFuzzy918,Undirected,1.0,1.0
SillyPassion7773,ResolutionDull5054,Undirected,1.0,1.0
SillyPassion7773,VanillaAdventurous74,Undirected,1.0,1.0
SillyPassion7773,TheAlphaKiller17,Undirected,1.0,1.0
SillyPassion7773,doctormelody18,Undirected,1.0,1.0
librePali,ExtHD,Undirected,1.0,1.0
librePali,ibrahim_D12,Undirected,1.0,1.0
librePali,ConfidenceCareless71,Undirected,1.0,1.0
librePali,Enough_Credit_8199,Undirected,0.5,0.5
librePali,Miserable-Spinach867,Undirected,1.0,1.0
librePali,Big_Fennel2186,Undirected,1.0,1.0
librePali,Financial_Smile4143,Undirected,0.25,0.25
librePali,jodio_hoestar,Undirected,0.5,0.5
librePali,Pinkblushdiva,Undirected,0.5,0.5
librePali,Able_Compote6571,Undirected,0.25,0.25
librePali,CopiousCool,Undirected,0.3333333333333333,0.3333333333333333
librePali,Squidieyy,Undirected,1.0,1.0
librePali,palilibre,Undirected,0.5,0.5
librePali,Responsible-Term4482,Undirected,1.0,1.0
librePali,Unfair_Enthusiasm696,Undirected,1.0,1.0
librePali,Ok-Bicycle-12345,Undirected,1.0,1.0
librePali,ComfortableJello508,Undirected,1.0,1.0
librePali,FlabbyShabby,Undirected,1.0,1.0
librePali,Justarandomguy-fuck,Undirected,1.0,1.0
librePali,Late-Test2209,Undirected,1.0,1.0
librePali,ElectricalChance3664,Undirected,0.3333333333333333,0.3333333333333333
librePali,MrLabbrow,Undirected,1.0,1.0
librePali,Sea_Banana882,Undirected,0.5,0.5
librePali,CatacaX,Undirected,1.0,1.0
librePali,TonkaMaze,Undirected,1.0,1.0
librePali,J3ssM,Undirected,1.0,1.0
librePali,Early_Bad_,Undirected,1.0,1.0
librePali,abenites99,Undirected,1.0,1.0
librePali,Zealousideal-Item607,Undirected,0.5,0.5
librePali,NewPatron-St,Undirected,1.0,1.0
librePali,ChangePrestigious702,Undirected,1.0,1.0
librePali,Moth_Man_68,Undirected,1.0,1.0
librePali,No_Snow2245,Undirected,1.0,1.0
librePali,Perfect-Parking1536,Undirected,1.0,1.0
librePali,Ok_Somewhere9687,Undirected,1.0,1.0
librePali,CrossingVoid,Undirected,1.0,1.0
librePali,Icy_Giraffe3903,Undirected,1.0,1.0
librePali,No_Degree3814,Undirected,1.0,1.0
willflameboy,Beneficial-Network91,Undirected,0.5,0.5
willflameboy,Wolf4612,Undirected,0.5,0.5
willflameboy,Fit_Fisherman_3317,Undirected,1.0,1.0
willflameboy,OkShelter6459,Undirected,1.0,1.0
Known-Platform1735,Financial_Smile4143,Undirected,0.25,0.25
ExtHD,ibrahim_D12,Undirected,1.0,1.0
ExtHD,ConfidenceCareless71,Undirected,1.0,1.0
ExtHD,Enough_Credit_8199,Undirected,0.5,0.5
ExtHD,Miserable-Spinach867,Undirected,1.0,1.0
ExtHD,Big_Fennel2186,Undirected,1.0,1.0
ExtHD,Financial_Smile4143,Undirected,0.25,0.25
ExtHD,jodio_hoestar,Undirected,0.5,0.5
ExtHD,Pinkblushdiva,Undirected,0.5,0.5
ExtHD,Able_Compote6571,Undirected,0.25,0.25
ExtHD,CopiousCool,Undirected,0.3333333333333333,0.3333333333333333
ExtHD,Squidieyy,Undirected,1.0,1.0
ExtHD,palilibre,Undirected,0.5,0.5
ExtHD,Responsible-Term4482,Undirected,1.0,1.0
ExtHD,Unfair_Enthusiasm696,Undirected,1.0,1.0
ExtHD,Ok-Bicycle-12345,Undirected,1.0,1.0
ExtHD,ComfortableJello508,Undirected,1.0,1.0
ExtHD,FlabbyShabby,Undirected,1.0,1.0
ExtHD,Justarandomguy-fuck,Undirected,1.0,1.0
ExtHD,Late-Test2209,Undirected,1.0,1.0
ExtHD,ElectricalChance3664,Undirected,0.3333333333333333,0.3333333333333333
ExtHD,MrLabbrow,Undirected,1.0,1.0
ExtHD,Sea_Banana882,Undirected,0.5,0.5
ExtHD,CatacaX,Undirected,1.0,1.0
ExtHD,TonkaMaze,Undirected,1.0,1.0
ExtHD,J3ssM,Undirected,1.0,1.0
ExtHD,Early_Bad_,Undirected,1.0,1.0
ExtHD,abenites99,Undirected,1.0,1.0
ExtHD,Zealousideal-Item607,Undirected,0.5,0.5
ExtHD,NewPatron-St,Undirected,1.0,1.0
ExtHD,ChangePrestigious702,Undirected,1.0,1.0
ExtHD,Moth_Man_68,Undirected,1.0,1.0
ExtHD,No_Snow2245,Undirected,1.0,1.0
ExtHD,Perfect-Parking1536,Undirected,1.0,1.0
ExtHD,Ok_Somewhere9687,Undirected,1.0,1.0
ExtHD,CrossingVoid,Undirected,1.0,1.0
ExtHD,Icy_Giraffe3903,Undirected,1.0,1.0
ExtHD,No_Degree3814,Undirected,1.0,1.0
ibrahim_D12,ConfidenceCareless71,Undirected,1.0,1.0
ibrahim_D12,Enough_Credit_8199,Undirected,0.5,0.5
ibrahim_D12,Miserable-Spinach867,Undirected,1.0,1.0
ibrahim_D12,Big_Fennel2186,Undirected,1.0,1.0
ibrahim_D12,Financial_Smile4143,Undirected,0.25,0.25
ibrahim_D12,jodio_hoestar,Undirected,0.5,0.5
ibrahim_D12,Pinkblushdiva,Undirected,0.5,0.5
ibrahim_D12,Able_Compote6571,Undirected,0.25,0.25
ibrahim_D12,CopiousCool,Undirected,0.3333333333333333,0.3333333333333333
ibrahim_D12,Squidieyy,Undirected,1.0,1.0
ibrahim_D12,palilibre,Undirected,0.5,0.5
ibrahim_D12,Responsible-Term4482,Undirected,1.0,1.0
ibrahim_D12,Unfair_Enthusiasm696,Undirected,1.0,1.0
ibrahim_D12,Ok-Bicycle-12345,Undirected,1.0,1.0
ibrahim_D12,ComfortableJello508,Undirected,1.0,1.0
ibrahim_D12,FlabbyShabby,Undirected,1.0,1.0
ibrahim_D12,Justarandomguy-fuck,Undirected,1.0,1.0
ibrahim_D12,Late-Test2209,Undirected,1.0,1.0
ibrahim_D12,ElectricalChance3664,Undirected,0.3333333333333333,0.3333333333333333
ibrahim_D12,MrLabbrow,Undirected,1.0,1.0
ibrahim_D12,Sea_Banana882,Undirected,0.5,0.5
ibrahim_D12,CatacaX,Undirected,1.0,1.0
ibrahim_D12,TonkaMaze,Undirected,1.0,1.0
ibrahim_D12,J3ssM,Undirected,1.0,1.0
ibrahim_D12,Early_Bad_,Undirected,1.0,1.0
ibrahim_D12,abenites99,Undirected,1.0,1.0
ibrahim_D12,Zealousideal-Item607,Undirected,0.5,0.5
ibrahim_D12,NewPatron-St,Undirected,1.0,1.0
ibrahim_D12,ChangePrestigious702,Undirected,1.0,1.0
ibrahim_D12,Moth_Man_68,Undirected,1.0,1.0
ibrahim_D12,No_Snow2245,Undirected,1.0,1.0
ibrahim_D12,Perfect-Parking1536,Undirected,1.0,1.0
ibrahim_D12,Ok_Somewhere9687,Undirected,1.0,1.0
ibrahim_D12,CrossingVoid,Undirected,1.0,1.0
ibrahim_D12,Icy_Giraffe3903,Undirected,1.0,1.0
ibrahim_D12,No_Degree3814,Undirected,1.0,1.0
That-Flamingo9866,No_Newspaper_2914,Undirected,1.0,1.0
That-Flamingo9866,Sad_Recognition_6037,Undirected,1.0,1.0
That-Flamingo9866,DarkShadow13206,Undirected,1.0,1.0
That-Flamingo9866,introvertaltsakki,Undirected,1.0,1.0
That-Flamingo9866,Jealous-Ad-4838,Undirected,1.0,1.0
That-Flamingo9866,PandoraHadess,Undirected,1.0,1.0
That-Flamingo9866,Weird-Noise-180,Undirected,1.0,1.0
That-Flamingo9866,Financial_Smile4143,Undirected,0.25,0.25
That-Flamingo9866,ElkNational9973,Undirected,1.0,1.0
That-Flamingo9866,Colei_the_weird,Undirected,1.0,1.0
That-Flamingo9866,isaboobers,Undirected,1.0,1.0
That-Flamingo9866,Ok-Divide4719,Undirected,0.5,0.5
That-Flamingo9866,LofiOcean131,Undirected,1.0,1.0
That-Flamingo9866,Apprehensive-Cut9959,Undirected,1.0,1.0
That-Flamingo9866,Pinkblushdiva,Undirected,0.5,0.5
That-Flamingo9866,Ridussey,Undirected,1.0,1.0
That-Flamingo9866,Away-Lavishness-3805,Undirected,1.0,1.0
That-Flamingo9866,winter_in_eden,Undirected,1.0,1.0
That-Flamingo9866,Asinead666,Undirected,1.0,1.0
That-Flamingo9866,SnooOwls4954,Undirected,1.0,1.0
That-Flamingo9866,Margiethecat,Undirected,1.0,1.0
That-Flamingo9866,Able_Compote6571,Undirected,0.25,0.25
That-Flamingo9866,pickl3dguava,Undirected,1.0,1.0
That-Flamingo9866,CopiousCool,Undirected,0.3333333333333333,0.3333333333333333
That-Flamingo9866,butterflyfrenchfry,Undirected,1.0,1.0
That-Flamingo9866,Effective_Nothing519,Undirected,1.0,1.0
That-Flamingo9866,Kekeegan,Undirected,1.0,1.0
That-Flamingo9866,aym0_0n,Undirected,1.0,1.0
That-Flamingo9866,Beneficial-Network91,Undirected,0.5,0.5
That-Flamingo9866,tyuptyupolpolp,Undirected,0.5,0.5
That-Flamingo9866,Hopeful_Worth315,Undirected,1.0,1.0
That-Flamingo9866,palilibre,Undirected,0.5,0.5
That-Flamingo9866,VISlONSOFALIFE,Undirected,1.0,1.0
That-Flamingo9866,Sp1dderxyz,Undirected,1.0,1.0
That-Flamingo9866,cats_and_coffee15,Undirected,1.0,1.0
That-Flamingo9866,Ambitious-Narwhal158,Undirected,0.5,0.5
That-Flamingo9866,peachemistry,Undirected,1.0,1.0
That-Flamingo9866,thatsjustarandomname,Undirected,1.0,1.0
That-Flamingo9866,Akram-Brahimi,Undirected,0.5,0.5
That-Flamingo9866,Sea_Banana882,Undirected,0.5,0.5
That-Flamingo9866,m7mdhassballa,Undirected,1.0,1.0
That-Flamingo9866,Fantastic_Bag1560,Undirected,1.0,1.0
That-Flamingo9866,HuckleberryFuzzy918,Undirected,1.0,1.0
That-Flamingo9866,ResolutionDull5054,Undirected,1.0,1.0
That-Flamingo9866,VanillaAdventurous74,Undirected,1.0,1.0
That-Flamingo9866,TheAlphaKiller17,Undirected,1.0,1.0
That-Flamingo9866,doctormelody18,Undirected,1.0,1.0
ConfidenceCareless71,Enough_Credit_8199,Undirected,0.5,0.5
ConfidenceCareless71,Miserable-Spinach867,Undirected,1.0,1.0
ConfidenceCareless71,Big_Fennel2186,Undirected,1.0,1.0
ConfidenceCareless71,Financial_Smile4143,Undirected,0.25,0.25
ConfidenceCareless71,jodio_hoestar,Undirected,0.5,0.5
ConfidenceCareless71,Pinkblushdiva,Undirected,0.5,0.5
ConfidenceCareless71,Able_Compote6571,Undirected,0.25,0.25
ConfidenceCareless71,CopiousCool,Undirected,0.3333333333333333,0.3333333333333333
ConfidenceCareless71,Squidieyy,Undirected,1.0,1.0
ConfidenceCareless71,palilibre,Undirected,0.5,0.5
ConfidenceCareless71,Responsible-Term4482,Undirected,1.0,1.0
ConfidenceCareless71,Unfair_Enthusiasm696,Undirected,1.0,1.0
ConfidenceCareless71,Ok-Bicycle-12345,Undirected,1.0,1.0
ConfidenceCareless71,ComfortableJello508,Undirected,1.0,1.0
ConfidenceCareless71,FlabbyShabby,Undirected,1.0,1.0
ConfidenceCareless71,Justarandomguy-fuck,Undirected,1.0,1.0
ConfidenceCareless71,Late-Test2209,Undirected,1.0,1.0
ConfidenceCareless71,ElectricalChance3664,Undirected,0.3333333333333333,0.3333333333333333
ConfidenceCareless71,MrLabbrow,Undirected,1.0,1.0
ConfidenceCareless71,Sea_Banana882,Undirected,0.5,0.5
ConfidenceCareless71,CatacaX,Undirected,1.0,1.0
ConfidenceCareless71,TonkaMaze,Undirected,1.0,1.0
ConfidenceCareless71,J3ssM,Undirected,1.0,1.0
ConfidenceCareless71,Early_Bad_,Undirected,1.0,1.0
ConfidenceCareless71,abenites99,Undirected,1.0,1.0
ConfidenceCareless71,Zealousideal-Item607,Undirected,0.5,0.5
ConfidenceCareless71,NewPatron-St,Undirected,1.0,1.0
ConfidenceCareless71,ChangePrestigious702,Undirected,1.0,1.0
ConfidenceCareless71,Moth_Man_68,Undirected,1.0,1.0
ConfidenceCareless71,No_Snow2245,Undirected,1.0,1.0
ConfidenceCareless71,Perfect-Parking1536,Undirected,1.0,1.0
ConfidenceCareless71,Ok_Somewhere9687,Undirected,1.0,1.0
ConfidenceCareless71,CrossingVoid,Undirected,1.0,1.0
ConfidenceCareless71,Icy_Giraffe3903,Undirected,1.0,1.0
ConfidenceCareless71,No_Degree3814,Undirected,1.0,1.0
No_Newspaper_2914,Sad_Recognition_6037,Undirected,1.0,1.0
No_Newspaper_2914,DarkShadow13206,Undirected,1.0,1.0
No_Newspaper_2914,introvertaltsakki,Undirected,1.0,1.0
No_Newspaper_2914,Jealous-Ad-4838,Undirected,1.0,1.0
No_Newspaper_2914,PandoraHadess,Undirected,1.0,1.0
No_Newspaper_2914,Weird-Noise-180,Undirected,1.0,1.0
No_Newspaper_2914,Financial_Smile4143,Undirected,0.25,0.25
No_Newspaper_2914,ElkNational9973,Undirected,1.0,1.0
No_Newspaper_2914,Colei_the_weird,Undirected,1.0,1.0
No_Newspaper_2914,isaboobers,Undirected,1.0,1.0
No_Newspaper_2914,Ok-Divide4719,Undirected,0.5,0.5
No_Newspaper_2914,LofiOcean131,Undirected,1.0,1.0
No_Newspaper_2914,Apprehensive-Cut9959,Undirected,1.0,1.0
No_Newspaper_2914,Pinkblushdiva,Undirected,0.5,0.5
No_Newspaper_2914,Ridussey,Undirected,1.0,1.0
No_Newspaper_2914,Away-Lavishness-3805,Undirected,1.0,1.0
No_Newspaper_2914,winter_in_eden,Undirected,1.0,1.0
No_Newspaper_2914,Asinead666,Undirected,1.0,1.0
No_Newspaper_2914,SnooOwls4954,Undirected,1.0,1.0
No_Newspaper_2914,Margiethecat,Undirected,1.0,1.0
No_Newspaper_2914,Able_Compote6571,Undirected,0.25,0.25
No_Newspaper_2914,pickl3dguava,Undirected,1.0,1.0
No_Newspaper_2914,CopiousCool,Undirected,0.3333333333333333,0.3333333333333333
No_Newspaper_2914,butterflyfrenchfry,Undirected,1.0,1.0
No_Newspaper_2914,Effective_Nothing519,Undirected,1.0,1.0
No_Newspaper_2914,Kekeegan,Undirected,1.0,1.0
No_Newspaper_2914,aym0_0n,Undirected,1.0,1.0
No_Newspaper_2914,Beneficial-Network91,Undirected,0.5,0.5
No_Newspaper_2914,tyuptyupolpolp,Undirected,0.5,0.5
No_Newspaper_2914,Hopeful_Worth315,Undirected,1.0,1.0
No_Newspaper_2914,palilibre,Undirected,0.5,0.5
No_Newspaper_2914,VISlONSOFALIFE,Undirected,1.0,1.0
No_Newspaper_2914,Sp1dderxyz,Undirected,1.0,1.0
No_Newspaper_2914,cats_and_coffee15,Undirected,1.0,1.0
No_Newspaper_2914,Ambitious-Narwhal158,Undirected,0.5,0.5
No_Newspaper_2914,peachemistry,Undirected,1.0,1.0
No_Newspaper_2914,thatsjustarandomname,Undirected,1.0,1.0
No_Newspaper_2914,Akram-Brahimi,Undirected,0.5,0.5
No_Newspaper_2914,Sea_Banana882,Undirected,0.5,0.5
No_Newspaper_2914,m7mdhassballa,Undirected,1.0,1.0
No_Newspaper_2914,Fantastic_Bag1560,Undirected,1.0,1.0
No_Newspaper_2914,HuckleberryFuzzy918,Undirected,1.0,1.0
No_Newspaper_2914,ResolutionDull5054,Undirected,1.0,1.0
No_Newspaper_2914,VanillaAdventurous74,Undirected,1.0,1.0
No_Newspaper_2914,TheAlphaKiller17,Undirected,1.0,1.0
No_Newspaper_2914,doctormelody18,Undirected,1.0,1.0
Enough_Credit_8199,Miserable-Spinach867,Undirected,0.5,0.5
Enough_Credit_8199,Big_Fennel2186,Undirected,0.5,0.5
Enough_Credit_8199,urek__mazino_4444,Undirected,0.5,0.5
Enough_Credit_8199,jodio_hoestar,Undirected,0.3333333333333333,0.3333333333333333
Enough_Credit_8199,shladvic,Undirected,0.5,0.5
Enough_Credit_8199,Pinkblushdiva,Undirected,0.3333333333333333,0.3333333333333333
Enough_Credit_8199,CopiousCool,Undirected,0.25,0.25
Enough_Credit_8199,littleeeloveee,Undirected,0.5,0.5
Enough_Credit_8199,CryingInTheGrass,Undirected,0.5,0.5
Enough_Credit_8199,Squidieyy,Undirected,0.5,0.5
Enough_Credit_8199,tyuptyupolpolp,Undirected,0.3333333333333333,0.3333333333333333
Enough_Credit_8199,palilibre,Undirected,0.3333333333333333,0.3333333333333333
Enough_Credit_8199,Responsible-Term4482,Undirected,0.5,0.5
Enough_Credit_8199,walkyslaysh,Undirected,0.5,0.5
Enough_Credit_8199,hanandmeow,Undirected,0.5,0.5
Enough_Credit_8199,Unfair_Enthusiasm696,Undirected,0.5,0.5
Enough_Credit_8199,Ok-Bicycle-12345,Undirected,0.5,0.5
Enough_Credit_8199,ComfortableJello508,Undirected,0.5,0.5
Enough_Credit_8199,KrackalackinKraken,Undirected,0.5,0.5
Enough_Credit_8199,SystemNo524,Undirected,0.5,0.5
Enough_Credit_8199,FlabbyShabby,Undirected,0.5,0.5
Enough_Credit_8199,Justarandomguy-fuck,Undirected,0.5,0.5
Enough_Credit_8199,Late-Test2209,Undirected,0.5,0.5
Enough_Credit_8199,ElectricalChance3664,Undirected,0.25,0.25
Enough_Credit_8199,MrLabbrow,Undirected,0.5,0.5
Enough_Credit_8199,Sea_Banana882,Undirected,0.3333333333333333,0.3333333333333333
Enough_Credit_8199,CatacaX,Undirected,0.5,0.5
Enough_Credit_8199,Altruistic-Look6136,Undirected,0.5,0.5
Enough_Credit_8199,TonkaMaze,Undirected,0.5,0.5
Enough_Credit_8199,J3ssM,Undirected,0.5,0.5
Enough_Credit_8199,Early_Bad_,Undirected,0.5,0.5
Enough_Credit_8199,Accomplished-Low9635,Undirected,0.5,0.5
Enough_Credit_8199,Forward-Molasses4404,Undirected,0.5,0.5
Enough_Credit_8199,abenites99,Undirected,0.5,0.5
Enough_Credit_8199,Zealousideal-Item607,Undirected,0.3333333333333333,0.3333333333333333
Enough_Credit_8199,NewPatron-St,Undirected,0.5,0.5
Enough_Credit_8199,ChangePrestigious702,Undirected,0.5,0.5
Enough_Credit_8199,Moth_Man_68,Undirected,0.5,0.5
Enough_Credit_8199,No_Snow2245,Undirected,0.5,0.5
Enough_Credit_8199,Perfect-Parking1536,Undirected,0.5,0.5
Enough_Credit_8199,Ok_Strawberry_2143,Undirected,0.3333333333333333,0.3333333333333333
Enough_Credit_8199,Ok_Somewhere9687,Undirected,0.5,0.5
Enough_Credit_8199,Ur_Shado,Undirected,0.5,0.5
Enough_Credit_8199,CrossingVoid,Undirected,0.5,0.5
Enough_Credit_8199,Icy_Giraffe3903,Undirected,0.5,0.5
Enough_Credit_8199,No_Degree3814,Undirected,0.5,0.5
Sad_Recognition_6037,DarkShadow13206,Undirected,1.0,1.0
Sad_Recognition_6037,introvertaltsakki,Undirected,1.0,1.0
Sad_Recognition_6037,Jealous-Ad-4838,Undirected,1.0,1.0
Sad_Recognition_6037,PandoraHadess,Undirected,1.0,1.0
Sad_Recognition_6037,Weird-Noise-180,Undirected,1.0,1.0
Sad_Recognition_6037,Financial_Smile4143,Undirected,0.25,0.25
Sad_Recognition_6037,ElkNational9973,Undirected,1.0,1.0
Sad_Recognition_6037,Colei_the_weird,Undirected,1.0,1.0
Sad_Recognition_6037,isaboobers,Undirected,1.0,1.0
Sad_Recognition_6037,Ok-Divide4719,Undirected,0.5,0.5
Sad_Recognition_6037,LofiOcean131,Undirected,1.0,1.0
Sad_Recognition_6037,Apprehensive-Cut9959,Undirected,1.0,1.0
Sad_Recognition_6037,Pinkblushdiva,Undirected,0.5,0.5
Sad_Recognition_6037,Ridussey,Undirected,1.0,1.0
Sad_Recognition_6037,Away-Lavishness-3805,Undirected,1.0,1.0
Sad_Recognition_6037,winter_in_eden,Undirected,1.0,1.0
Sad_Recognition_6037,Asinead666,Undirected,1.0,1.0
Sad_Recognition_6037,SnooOwls4954,Undirected,1.0,1.0
Sad_Recognition_6037,Margiethecat,Undirected,1.0,1.0
Sad_Recognition_6037,Able_Compote6571,Undirected,0.25,0.25
Sad_Recognition_6037,pickl3dguava,Undirected,1.0,1.0
Sad_Recognition_6037,CopiousCool,Undirected,0.3333333333333333,0.3333333333333333
Sad_Recognition_6037,butterflyfrenchfry,Undirected,1.0,1.0
Sad_Recognition_6037,Effective_Nothing519,Undirected,1.0,1.0
Sad_Recognition_6037,Kekeegan,Undirected,1.0,1.0
Sad_Recognition_6037,aym0_0n,Undirected,1.0,1.0
Sad_Recognition_6037,Beneficial-Network91,Undirected,0.5,0.5
Sad_Recognition_6037,tyuptyupolpolp,Undirected,0.5,0.5
Sad_Recognition_6037,Hopeful_Worth315,Undirected,1.0,1.0
Sad_Recognition_6037,palilibre,Undirected,0.5,0.5
Sad_Recognition_6037,VISlONSOFALIFE,Undirected,1.0,1.0
Sad_Recognition_6037,Sp1dderxyz,Undirected,1.0,1.0
Sad_Recognition_6037,cats_and_coffee15,Undirected,1.0,1.0
Sad_Recognition_6037,Ambitious-Narwhal158,Undirected,0.5,0.5
Sad_Recognition_6037,peachemistry,Undirected,1.0,1.0
Sad_Recognition_6037,thatsjustarandomname,Undirected,1.0,1.0
Sad_Recognition_6037,Akram-Brahimi,Undirected,0.5,0.5
Sad_Recognition_6037,Sea_Banana882,Undirected,0.5,0.5
Sad_Recognition_6037,m7mdhassballa,Undirected,1.0,1.0
Sad_Recognition_6037,Fantastic_Bag1560,Undirected,1.0,1.0
Sad_Recognition_6037,HuckleberryFuzzy918,Undirected,1.0,1.0
Sad_Recognition_6037,ResolutionDull5054,Undirected,1.0,1.0
Sad_Recognition_6037,VanillaAdventurous74,Undirected,1.0,1.0
Sad_Recognition_6037,TheAlphaKiller17,Undirected,1.0,1.0
Sad_Recognition_6037,doctormelody18,Undirected,1.0,1.0
DarkShadow13206,introvertaltsakki,Undirected,1.0,1.0
DarkShadow13206,Jealous-Ad-4838,Undirected,1.0,1.0
DarkShadow13206,PandoraHadess,Undirected,1.0,1.0
DarkShadow13206,Weird-Noise-180,Undirected,1.0,1.0
DarkShadow13206,Financial_Smile4143,Undirected,0.25,0.25
DarkShadow13206,ElkNational9973,Undirected,1.0,1.0
DarkShadow13206,Colei_the_weird,Undirected,1.0,1.0
DarkShadow13206,isaboobers,Undirected,1.0,1.0
DarkShadow13206,Ok-Divide4719,Undirected,0.5,0.5
DarkShadow13206,LofiOcean131,Undirected,1.0,1.0
DarkShadow13206,Apprehensive-Cut9959,Undirected,1.0,1.0
DarkShadow13206,Pinkblushdiva,Undirected,0.5,0.5
DarkShadow13206,Ridussey,Undirected,1.0,1.0
DarkShadow13206,Away-Lavishness-3805,Undirected,1.0,1.0
DarkShadow13206,winter_in_eden,Undirected,1.0,1.0
DarkShadow13206,Asinead666,Undirected,1.0,1.0
DarkShadow13206,SnooOwls4954,Undirected,1.0,1.0
DarkShadow13206,Margiethecat,Undirected,1.0,1.0
DarkShadow13206,Able_Compote6571,Undirected,0.25,0.25
DarkShadow13206,pickl3dguava,Undirected,1.0,1.0
DarkShadow13206,CopiousCool,Undirected,0.3333333333333333,0.3333333333333333
DarkShadow13206,butterflyfrenchfry,Undirected,1.0,1.0
DarkShadow13206,Effective_Nothing519,Undirected,1.0,1.0
DarkShadow13206,Kekeegan,Undirected,1.0,1.0
DarkShadow13206,aym0_0n,Undirected,1.0,1.0
DarkShadow13206,Beneficial-Network91,Undirected,0.5,0.5
DarkShadow13206,tyuptyupolpolp,Undirected,0.5,0.5
DarkShadow13206,Hopeful_Worth315,Undirected,1.0,1.0
DarkShadow13206,palilibre,Undirected,0.5,0.5
DarkShadow13206,VISlONSOFALIFE,Undirected,1.0,1.0
DarkShadow13206,Sp1dderxyz,Undirected,1.0,1.0
DarkShadow13206,cats_and_coffee15,Undirected,1.0,1.0
DarkShadow13206,Ambitious-Narwhal158,Undirected,0.5,0.5
DarkShadow13206,peachemistry,Undirected,1.0,1.0
DarkShadow13206,thatsjustarandomname,Undirected,1.0,1.0
DarkShadow13206,Akram-Brahimi,Undirected,0.5,0.5
DarkShadow13206,Sea_Banana882,Undirected,0.5,0.5
DarkShadow13206,m7mdhassballa,Undirected,1.0,1.0
DarkShadow13206,Fantastic_Bag1560,Undirected,1.0,1.0
DarkShadow13206,HuckleberryFuzzy918,Undirected,1.0,1.0
DarkShadow13206,ResolutionDull5054,Undirected,1.0,1.0
DarkShadow13206,VanillaAdventurous74,Undirected,1.0,1.0
DarkShadow13206,TheAlphaKiller17,Undirected,1.0,1.0
DarkShadow13206,doctormelody18,Undirected,1.0,1.0
Miserable-Spinach867,Big_Fennel2186,Undirected,1.0,1.0
Miserable-Spinach867,Financial_Smile4143,Undirected,0.25,0.25
Miserable-Spinach867,jodio_hoestar,Undirected,0.5,0.5
Miserable-Spinach867,Pinkblushdiva,Undirected,0.5,0.5
Miserable-Spinach867,Able_Compote6571,Undirected,0.25,0.25
Miserable-Spinach867,CopiousCool,Undirected,0.3333333333333333,0.3333333333333333
Miserable-Spinach867,Squidieyy,Undirected,1.0,1.0
Miserable-Spinach867,palilibre,Undirected,0.5,0.5
Miserable-Spinach867,Responsible-Term4482,Undirected,1.0,1.0
Miserable-Spinach867,Unfair_Enthusiasm696,Undirected,1.0,1.0
Miserable-Spinach867,Ok-Bicycle-12345,Undirected,1.0,1.0
Miserable-Spinach867,ComfortableJello508,Undirected,1.0,1.0
Miserable-Spinach867,FlabbyShabby,Undirected,1.0,1.0
Miserable-Spinach867,Justarandomguy-fuck,Undirected,1.0,1.0
Miserable-Spinach867,Late-Test2209,Undirected,1.0,1.0
Miserable-Spinach867,ElectricalChance3664,Undirected,0.3333333333333333,0.3333333333333333
Miserable-Spinach867,MrLabbrow,Undirected,1.0,1.0
Miserable-Spinach867,Sea_Banana882,Undirected,0.5,0.5
Miserable-Spinach867,CatacaX,Undirected,1.0,1.0
Miserable-Spinach867,TonkaMaze,Undirected,1.0,1.0
Miserable-Spinach867,J3ssM,Undirected,1.0,1.0
Miserable-Spinach867,Early_Bad_,Undirected,1.0,1.0
Miserable-Spinach867,abenites99,Undirected,1.0,1.0
Miserable-Spinach867,Zealousideal-Item607,Undirected,0.5,0.5
Miserable-Spinach867,NewPatron-St,Undirected,1.0,1.0
Miserable-Spinach867,ChangePrestigious702,Undirected,1.0,1.0
Miserable-Spinach867,Moth_Man_68,Undirected,1.0,1.0
Miserable-Spinach867,No_Snow2245,Undirected,1.0,1.0
Miserable-Spinach867,Perfect-Parking1536,Undirected,1.0,1.0
Miserable-Spinach867,Ok_Somewhere9687,Undirected,1.0,1.0
Miserable-Spinach867,CrossingVoid,Undirected,1.0,1.0
Miserable-Spinach867,Icy_Giraffe3903,Undirected,1.0,1.0
Miserable-Spinach867,No_Degree3814,Undirected,1.0,1.0
Big_Fennel2186,Financial_Smile4143,Undirected,0.25,0.25
Big_Fennel2186,jodio_hoestar,Undirected,0.5,0.5
Big_Fennel2186,Pinkblushdiva,Undirected,0.5,0.5
Big_Fennel2186,Able_Compote6571,Undirected,0.25,0.25
Big_Fennel2186,CopiousCool,Undirected,0.3333333333333333,0.3333333333333333
Big_Fennel2186,Squidieyy,Undirected,1.0,1.0
Big_Fennel2186,palilibre,Undirected,0.5,0.5
Big_Fennel2186,Responsible-Term4482,Undirected,1.0,1.0
Big_Fennel2186,Unfair_Enthusiasm696,Undirected,1.0,1.0
Big_Fennel2186,Ok-Bicycle-12345,Undirected,1.0,1.0
Big_Fennel2186,ComfortableJello508,Undirected,1.0,1.0
Big_Fennel2186,FlabbyShabby,Undirected,1.0,1.0
Big_Fennel2186,Justarandomguy-fuck,Undirected,1.0,1.0
Big_Fennel2186,Late-Test2209,Undirected,1.0,1.0
Big_Fennel2186,ElectricalChance3664,Undirected,0.3333333333333333,0.3333333333333333
Big_Fennel2186,MrLabbrow,Undirected,1.0,1.0
Big_Fennel2186,Sea_Banana882,Undirected,0.5,0.5
Big_Fennel2186,CatacaX,Undirected,1.0,1.0
Big_Fennel2186,TonkaMaze,Undirected,1.0,1.0
Big_Fennel2186,J3ssM,Undirected,1.0,1.0
Big_Fennel2186,Early_Bad_,Undirected,1.0,1.0
Big_Fennel2186,abenites99,Undirected,1.0,1.0
Big_Fennel2186,Zealousideal-Item607,Undirected,0.5,0.5
Big_Fennel2186,NewPatron-St,Undirected,1.0,1.0
Big_Fennel2186,ChangePrestigious702,Undirected,1.0,1.0
Big_Fennel2186,Moth_Man_68,Undirected,1.0,1.0
Big_Fennel2186,No_Snow2245,Undirected,1.0,1.0
Big_Fennel2186,Perfect-Parking1536,Undirected,1.0,1.0
Big_Fennel2186,Ok_Somewhere9687,Undirected,1.0,1.0
Big_Fennel2186,CrossingVoid,Undirected,1.0,1.0
Big_Fennel2186,Icy_Giraffe3903,Undirected,1.0,1.0
Big_Fennel2186,No_Degree3814,Undirected,1.0,1.0
introvertaltsakki,Jealous-Ad-4838,Undirected,1.0,1.0
introvertaltsakki,PandoraHadess,Undirected,1.0,1.0
introvertaltsakki,Weird-Noise-180,Undirected,1.0,1.0
introvertaltsakki,Financial_Smile4143,Undirected,0.25,0.25
introvertaltsakki,ElkNational9973,Undirected,1.0,1.0
introvertaltsakki,Colei_the_weird,Undirected,1.0,1.0
introvertaltsakki,isaboobers,Undirected,1.0,1.0
introvertaltsakki,Ok-Divide4719,Undirected,0.5,0.5
introvertaltsakki,LofiOcean131,Undirected,1.0,1.0
introvertaltsakki,Apprehensive-Cut9959,Undirected,1.0,1.0
introvertaltsakki,Pinkblushdiva,Undirected,0.5,0.5
introvertaltsakki,Ridussey,Undirected,1.0,1.0
introvertaltsakki,Away-Lavishness-3805,Undirected,1.0,1.0
introvertaltsakki,winter_in_eden,Undirected,1.0,1.0
introvertaltsakki,Asinead666,Undirected,1.0,1.0
introvertaltsakki,SnooOwls4954,Undirected,1.0,1.0
introvertaltsakki,Margiethecat,Undirected,1.0,1.0
introvertaltsakki,Able_Compote6571,Undirected,0.25,0.25
introvertaltsakki,pickl3dguava,Undirected,1.0,1.0
introvertaltsakki,CopiousCool,Undirected,0.3333333333333333,0.3333333333333333
introvertaltsakki,butterflyfrenchfry,Undirected,1.0,1.0
introvertaltsakki,Effective_Nothing519,Undirected,1.0,1.0
introvertaltsakki,Kekeegan,Undirected,1.0,1.0
introvertaltsakki,aym0_0n,Undirected,1.0,1.0
introvertaltsakki,Beneficial-Network91,Undirected,0.5,0.5
introvertaltsakki,tyuptyupolpolp,Undirected,0.5,0.5
introvertaltsakki,Hopeful_Worth315,Undirected,1.0,1.0
introvertaltsakki,palilibre,Undirected,0.5,0.5
introvertaltsakki,VISlONSOFALIFE,Undirected,1.0,1.0
introvertaltsakki,Sp1dderxyz,Undirected,1.0,1.0
introvertaltsakki,cats_and_coffee15,Undirected,1.0,1.0
introvertaltsakki,Ambitious-Narwhal158,Undirected,0.5,0.5
introvertaltsakki,peachemistry,Undirected,1.0,1.0
introvertaltsakki,thatsjustarandomname,Undirected,1.0,1.0
introvertaltsakki,Akram-Brahimi,Undirected,0.5,0.5
introvertaltsakki,Sea_Banana882,Undirected,0.5,0.5
introvertaltsakki,m7mdhassballa,Undirected,1.0,1.0
introvertaltsakki,Fantastic_Bag1560,Undirected,1.0,1.0
introvertaltsakki,HuckleberryFuzzy918,Undirected,1.0,1.0
introvertaltsakki,ResolutionDull5054,Undirected,1.0,1.0
introvertaltsakki,VanillaAdventurous74,Undirected,1.0,1.0
introvertaltsakki,TheAlphaKiller17,Undirected,1.0,1.0
introvertaltsakki,doctormelody18,Undirected,1.0,1.0
Jealous-Ad-4838,PandoraHadess,Undirected,1.0,1.0
Jealous-Ad-4838,Weird-Noise-180,Undirected,1.0,1.0
Jealous-Ad-4838,Financial_Smile4143,Undirected,0.25,0.25
Jealous-Ad-4838,ElkNational9973,Undirected,1.0,1.0
Jealous-Ad-4838,Colei_the_weird,Undirected,1.0,1.0
Jealous-Ad-4838,isaboobers,Undirected,1.0,1.0
Jealous-Ad-4838,Ok-Divide4719,Undirected,0.5,0.5
Jealous-Ad-4838,LofiOcean131,Undirected,1.0,1.0
Jealous-Ad-4838,Apprehensive-Cut9959,Undirected,1.0,1.0
Jealous-Ad-4838,Pinkblushdiva,Undirected,0.5,0.5
Jealous-Ad-4838,Ridussey,Undirected,1.0,1.0
Jealous-Ad-4838,Away-Lavishness-3805,Undirected,1.0,1.0
Jealous-Ad-4838,winter_in_eden,Undirected,1.0,1.0
Jealous-Ad-4838,Asinead666,Undirected,1.0,1.0
Jealous-Ad-4838,SnooOwls4954,Undirected,1.0,1.0
Jealous-Ad-4838,Margiethecat,Undirected,1.0,1.0
Jealous-Ad-4838,Able_Compote6571,Undirected,0.25,0.25
Jealous-Ad-4838,pickl3dguava,Undirected,1.0,1.0
Jealous-Ad-4838,CopiousCool,Undirected,0.3333333333333333,0.3333333333333333
Jealous-Ad-4838,butterflyfrenchfry,Undirected,1.0,1.0
Jealous-Ad-4838,Effective_Nothing519,Undirected,1.0,1.0
Jealous-Ad-4838,Kekeegan,Undirected,1.0,1.0
Jealous-Ad-4838,aym0_0n,Undirected,1.0,1.0
Jealous-Ad-4838,Beneficial-Network91,Undirected,0.5,0.5
Jealous-Ad-4838,tyuptyupolpolp,Undirected,0.5,0.5
Jealous-Ad-4838,Hopeful_Worth315,Undirected,1.0,1.0
Jealous-Ad-4838,palilibre,Undirected,0.5,0.5
Jealous-Ad-4838,VISlONSOFALIFE,Undirected,1.0,1.0
Jealous-Ad-4838,Sp1dderxyz,Undirected,1.0,1.0
Jealous-Ad-4838,cats_and_coffee15,Undirected,1.0,1.0
Jealous-Ad-4838,Ambitious-Narwhal158,Undirected,0.5,0.5
Jealous-Ad-4838,peachemistry,Undirected,1.0,1.0
Jealous-Ad-4838,thatsjustarandomname,Undirected,1.0,1.0
Jealous-Ad-4838,Akram-Brahimi,Undirected,0.5,0.5
Jealous-Ad-4838,Sea_Banana882,Undirected,0.5,0.5
Jealous-Ad-4838,m7mdhassballa,Undirected,1.0,1.0
Jealous-Ad-4838,Fantastic_Bag1560,Undirected,1.0,1.0
Jealous-Ad-4838,HuckleberryFuzzy918,Undirected,1.0,1.0
Jealous-Ad-4838,ResolutionDull5054,Undirected,1.0,1.0
Jealous-Ad-4838,VanillaAdventurous74,Undirected,1.0,1.0
Jealous-Ad-4838,TheAlphaKiller17,Undirected,1.0,1.0
Jealous-Ad-4838,doctormelody18,Undirected,1.0,1.0
urek__mazino_4444,shladvic,Undirected,1.0,1.0
urek__mazino_4444,littleeeloveee,Undirected,1.0,1.0
urek__mazino_4444,CryingInTheGrass,Undirected,1.0,1.0
urek__mazino_4444,tyuptyupolpolp,Undirected,0.5,0.5
urek__mazino_4444,walkyslaysh,Undirected,1.0,1.0
urek__mazino_4444,hanandmeow,Undirected,1.0,1.0
urek__mazino_4444,KrackalackinKraken,Undirected,1.0,1.0
urek__mazino_4444,SystemNo524,Undirected,1.0,1.0
urek__mazino_4444,Altruistic-Look6136,Undirected,1.0,1.0
urek__mazino_4444,Accomplished-Low9635,Undirected,1.0,1.0
urek__mazino_4444,Forward-Molasses4404,Undirected,1.0,1.0
urek__mazino_4444,Ok_Strawberry_2143,Undirected,0.5,0.5
urek__mazino_4444,Ur_Shado,Undirected,1.0,1.0
PandoraHadess,Weird-Noise-180,Undirected,1.0,1.0
PandoraHadess,Financial_Smile4143,Undirected,0.25,0.25
PandoraHadess,ElkNational9973,Undirected,1.0,1.0
PandoraHadess,Colei_the_weird,Undirected,1.0,1.0
PandoraHadess,isaboobers,Undirected,1.0,1.0
PandoraHadess,Ok-Divide4719,Undirected,0.5,0.5
PandoraHadess,LofiOcean131,Undirected,1.0,1.0
PandoraHadess,Apprehensive-Cut9959,Undirected,1.0,1.0
PandoraHadess,Pinkblushdiva,Undirected,0.5,0.5
PandoraHadess,Ridussey,Undirected,1.0,1.0
PandoraHadess,Away-Lavishness-3805,Undirected,1.0,1.0
PandoraHadess,winter_in_eden,Undirected,1.0,1.0
PandoraHadess,Asinead666,Undirected,1.0,1.0
PandoraHadess,SnooOwls4954,Undirected,1.0,1.0
PandoraHadess,Margiethecat,Undirected,1.0,1.0
PandoraHadess,Able_Compote6571,Undirected,0.25,0.25
PandoraHadess,pickl3dguava,Undirected,1.0,1.0
PandoraHadess,CopiousCool,Undirected,0.3333333333333333,0.3333333333333333
PandoraHadess,butterflyfrenchfry,Undirected,1.0,1.0
PandoraHadess,Effective_Nothing519,Undirected,1.0,1.0
PandoraHadess,Kekeegan,Undirected,1.0,1.0
PandoraHadess,aym0_0n,Undirected,1.0,1.0
PandoraHadess,Beneficial-Network91,Undirected,0.5,0.5
PandoraHadess,tyuptyupolpolp,Undirected,0.5,0.5
PandoraHadess,Hopeful_Worth315,Undirected,1.0,1.0
PandoraHadess,palilibre,Undirected,0.5,0.5
PandoraHadess,VISlONSOFALIFE,Undirected,1.0,1.0
PandoraHadess,Sp1dderxyz,Undirected,1.0,1.0
PandoraHadess,cats_and_coffee15,Undirected,1.0,1.0
PandoraHadess,Ambitious-Narwhal158,Undirected,0.5,0.5
PandoraHadess,peachemistry,Undirected,1.0,1.0
PandoraHadess,thatsjustarandomname,Undirected,1.0,1.0
PandoraHadess,Akram-Brahimi,Undirected,0.5,0.5
PandoraHadess,Sea_Banana882,Undirected,0.5,0.5
PandoraHadess,m7mdhassballa,Undirected,1.0,1.0
PandoraHadess,Fantastic_Bag1560,Undirected,1.0,1.0
PandoraHadess,HuckleberryFuzzy918,Undirected,1.0,1.0
PandoraHadess,ResolutionDull5054,Undirected,1.0,1.0
PandoraHadess,VanillaAdventurous74,Undirected,1.0,1.0
PandoraHadess,TheAlphaKiller17,Undirected,1.0,1.0
PandoraHadess,doctormelody18,Undirected,1.0,1.0
Weird-Noise-180,Financial_Smile4143,Undirected,0.25,0.25
Weird-Noise-180,ElkNational9973,Undirected,1.0,1.0
Weird-Noise-180,Colei_the_weird,Undirected,1.0,1.0
Weird-Noise-180,isaboobers,Undirected,1.0,1.0
Weird-Noise-180,Ok-Divide4719,Undirected,0.5,0.5
Weird-Noise-180,LofiOcean131,Undirected,1.0,1.0
Weird-Noise-180,Apprehensive-Cut9959,Undirected,1.0,1.0
Weird-Noise-180,Pinkblushdiva,Undirected,0.5,0.5
Weird-Noise-180,Ridussey,Undirected,1.0,1.0
Weird-Noise-180,Away-Lavishness-3805,Undirected,1.0,1.0
Weird-Noise-180,winter_in_eden,Undirected,1.0,1.0
Weird-Noise-180,Asinead666,Undirected,1.0,1.0
Weird-Noise-180,SnooOwls4954,Undirected,1.0,1.0
Weird-Noise-180,Margiethecat,Undirected,1.0,1.0
Weird-Noise-180,Able_Compote6571,Undirected,0.25,0.25
Weird-Noise-180,pickl3dguava,Undirected,1.0,1.0
Weird-Noise-180,CopiousCool,Undirected,0.3333333333333333,0.3333333333333333
Weird-Noise-180,butterflyfrenchfry,Undirected,1.0,1.0
Weird-Noise-180,Effective_Nothing519,Undirected,1.0,1.0
Weird-Noise-180,Kekeegan,Undirected,1.0,1.0
Weird-Noise-180,aym0_0n,Undirected,1.0,1.0
Weird-Noise-180,Beneficial-Network91,Undirected,0.5,0.5
Weird-Noise-180,tyuptyupolpolp,Undirected,0.5,0.5
Weird-Noise-180,Hopeful_Worth315,Undirected,1.0,1.0
Weird-Noise-180,palilibre,Undirected,0.5,0.5
Weird-Noise-180,VISlONSOFALIFE,Undirected,1.0,1.0
Weird-Noise-180,Sp1dderxyz,Undirected,1.0,1.0
Weird-Noise-180,cats_and_coffee15,Undirected,1.0,1.0
Weird-Noise-180,Ambitious-Narwhal158,Undirected,0.5,0.5
Weird-Noise-180,peachemistry,Undirected,1.0,1.0
Weird-Noise-180,thatsjustarandomname,Undirected,1.0,1.0
Weird-Noise-180,Akram-Brahimi,Undirected,0.5,0.5
Weird-Noise-180,Sea_Banana882,Undirected,0.5,0.5
Weird-Noise-180,m7mdhassballa,Undirected,1.0,1.0
Weird-Noise-180,Fantastic_Bag1560,Undirected,1.0,1.0
Weird-Noise-180,HuckleberryFuzzy918,Undirected,1.0,1.0
Weird-Noise-180,ResolutionDull5054,Undirected,1.0,1.0
Weird-Noise-180,VanillaAdventurous74,Undirected,1.0,1.0
Weird-Noise-180,TheAlphaKiller17,Undirected,1.0,1.0
Weird-Noise-180,doctormelody18,Undirected,1.0,1.0
Financial_Smile4143,ElkNational9973,Undirected,0.25,0.25
Financial_Smile4143,Colei_the_weird,Undirected,0.25,0.25
Financial_Smile4143,isaboobers,Undirected,0.25,0.25
Financial_Smile4143,-SimpleRicks-,Undirected,0.25,0.25
Financial_Smile4143,Ok-Divide4719,Undirected,0.5,0.5
Financial_Smile4143,LofiOcean131,Undirected,0.25,0.25
Financial_Smile4143,Apprehensive-Cut9959,Undirected,0.25,0.25
Financial_Smile4143,Pinkblushdiva,Undirected,0.5,0.5
Financial_Smile4143,Ridussey,Undirected,0.25,0.25
Financial_Smile4143,Away-Lavishness-3805,Undirected,0.25,0.25
Financial_Smile4143,winter_in_eden,Undirected,0.25,0.25
Financial_Smile4143,Asinead666,Undirected,0.25,0.25
Financial_Smile4143,calombia,Undirected,0.25,0.25
Financial_Smile4143,SnooOwls4954,Undirected,0.25,0.25
Financial_Smile4143,Margiethecat,Undirected,0.25,0.25
Financial_Smile4143,Able_Compote6571,Undirected,0.6,0.6
Financial_Smile4143,pickl3dguava,Undirected,0.25,0.25
Financial_Smile4143,CopiousCool,Undirected,0.4,0.4
Financial_Smile4143,butterflyfrenchfry,Undirected,0.25,0.25
Financial_Smile4143,Psychological-Gear78,Undirected,0.25,0.25
Financial_Smile4143,Effective_Nothing519,Undirected,0.25,0.25
Financial_Smile4143,Kekeegan,Undirected,0.25,0.25
Financial_Smile4143,aym0_0n,Undirected,0.25,0.25
Financial_Smile4143,Squidieyy,Undirected,0.25,0.25
Financial_Smile4143,Hopeful_Worth315,Undirected,0.25,0.25
Financial_Smile4143,palilibre,Undirected,0.5,0.5
Financial_Smile4143,VISlONSOFALIFE,Undirected,0.25,0.25
Financial_Smile4143,Sp1dderxyz,Undirected,0.25,0.25
Financial_Smile4143,Responsible-Term4482,Undirected,0.25,0.25
Financial_Smile4143,cats_and_coffee15,Undirected,0.25,0.25
Financial_Smile4143,Amoonthedollygirl,Undirected,0.25,0.25
Financial_Smile4143,SamZ025,Undirected,0.25,0.25
Financial_Smile4143,Unfair_Enthusiasm696,Undirected,0.25,0.25
Financial_Smile4143,peachemistry,Undirected,0.25,0.25
Financial_Smile4143,Ok-Bicycle-12345,Undirected,0.25,0.25
Financial_Smile4143,ComfortableJello508,Undirected,0.25,0.25
Financial_Smile4143,FlabbyShabby,Undirected,0.25,0.25
Financial_Smile4143,Justarandomguy-fuck,Undirected,0.25,0.25
Financial_Smile4143,thatsjustarandomname,Undirected,0.25,0.25
Financial_Smile4143,ResearchWorking3402,Undirected,0.25,0.25
Financial_Smile4143,Late-Test2209,Undirected,0.25,0.25
Financial_Smile4143,MrLabbrow,Undirected,0.25,0.25
Financial_Smile4143,Sea_Banana882,Undirected,0.5,0.5
Financial_Smile4143,CatacaX,Undirected,0.25,0.25
Financial_Smile4143,TonkaMaze,Undirected,0.25,0.25
Financial_Smile4143,m7mdhassballa,Undirected,0.25,0.25
Financial_Smile4143,J3ssM,Undirected,0.25,0.25
Financial_Smile4143,Early_Bad_,Undirected,0.25,0.25
Financial_Smile4143,Fantastic_Bag1560,Undirected,0.25,0.25
Financial_Smile4143,abenites99,Undirected,0.25,0.25
Financial_Smile4143,Zealousideal-Item607,Undirected,0.5,0.5
Financial_Smile4143,NewPatron-St,Undirected,0.25,0.25
Financial_Smile4143,ChangePrestigious702,Undirected,0.25,0.25
Financial_Smile4143,Moth_Man_68,Undirected,0.25,0.25
Financial_Smile4143,guibidesc,Undirected,0.25,0.25
Financial_Smile4143,No_Snow2245,Undirected,0.25,0.25
Financial_Smile4143,Perfect-Parking1536,Undirected,0.25,0.25
Financial_Smile4143,HuckleberryFuzzy918,Undirected,0.25,0.25
Financial_Smile4143,ResolutionDull5054,Undirected,0.25,0.25
Financial_Smile4143,Ok_Somewhere9687,Undirected,0.25,0.25
Financial_Smile4143,VanillaAdventurous74,Undirected,0.25,0.25
Financial_Smile4143,TheAlphaKiller17,Undirected,0.25,0.25
Financial_Smile4143,CrossingVoid,Undirected,0.25,0.25
Financial_Smile4143,Icy_Giraffe3903,Undirected,0.25,0.25
Financial_Smile4143,doctormelody18,Undirected,0.25,0.25
Financial_Smile4143,No_Degree3814,Undirected,0.25,0.25
ElkNational9973,Colei_the_weird,Undirected,1.0,1.0
ElkNational9973,isaboobers,Undirected,1.0,1.0
ElkNational9973,Ok-Divide4719,Undirected,0.5,0.5
ElkNational9973,LofiOcean131,Undirected,1.0,1.0
ElkNational9973,Apprehensive-Cut9959,Undirected,1.0,1.0
ElkNational9973,Pinkblushdiva,Undirected,0.5,0.5
ElkNational9973,Ridussey,Undirected,1.0,1.0
ElkNational9973,Away-Lavishness-3805,Undirected,1.0,1.0
ElkNational9973,winter_in_eden,Undirected,1.0,1.0
ElkNational9973,Asinead666,Undirected,1.0,1.0
ElkNational9973,SnooOwls4954,Undirected,1.0,1.0
ElkNational9973,Margiethecat,Undirected,1.0,1.0
ElkNational9973,Able_Compote6571,Undirected,0.25,0.25
ElkNational9973,pickl3dguava,Undirected,1.0,1.0
ElkNational9973,CopiousCool,Undirected,0.3333333333333333,0.3333333333333333
ElkNational9973,butterflyfrenchfry,Undirected,1.0,1.0
ElkNational9973,Effective_Nothing519,Undirected,1.0,1.0
ElkNational9973,Kekeegan,Undirected,1.0,1.0
ElkNational9973,aym0_0n,Undirected,1.0,1.0
ElkNational9973,Beneficial-Network91,Undirected,0.5,0.5
ElkNational9973,tyuptyupolpolp,Undirected,0.5,0.5
ElkNational9973,Hopeful_Worth315,Undirected,1.0,1.0
ElkNational9973,palilibre,Undirected,0.5,0.5
ElkNational9973,VISlONSOFALIFE,Undirected,1.0,1.0
ElkNational9973,Sp1dderxyz,Undirected,1.0,1.0
ElkNational9973,cats_and_coffee15,Undirected,1.0,1.0
ElkNational9973,Ambitious-Narwhal158,Undirected,0.5,0.5
ElkNational9973,peachemistry,Undirected,1.0,1.0
ElkNational9973,thatsjustarandomname,Undirected,1.0,1.0
ElkNational9973,Akram-Brahimi,Undirected,0.5,0.5
ElkNational9973,Sea_Banana882,Undirected,0.5,0.5
ElkNational9973,m7mdhassballa,Undirected,1.0,1.0
ElkNational9973,Fantastic_Bag1560,Undirected,1.0,1.0
ElkNational9973,HuckleberryFuzzy918,Undirected,1.0,1.0
ElkNational9973,ResolutionDull5054,Undirected,1.0,1.0
ElkNational9973,VanillaAdventurous74,Undirected,1.0,1.0
ElkNational9973,TheAlphaKiller17,Undirected,1.0,1.0
ElkNational9973,doctormelody18,Undirected,1.0,1.0
jodio_hoestar,Pinkblushdiva,Undirected,0.3333333333333333,0.3333333333333333
jodio_hoestar,CopiousCool,Undirected,0.25,0.25
jodio_hoestar,Rich_Ask3503,Undirected,0.5,0.5
jodio_hoestar,Squidieyy,Undirected,0.5,0.5
jodio_hoestar,palilibre,Undirected,0.3333333333333333,0.3333333333333333
jodio_hoestar,Responsible-Term4482,Undirected,0.5,0.5
jodio_hoestar,Unfair_Enthusiasm696,Undirected,0.5,0.5
jodio_hoestar,Ok-Bicycle-12345,Undirected,0.5,0.5
jodio_hoestar,ComfortableJello508,Undirected,0.5,0.5
jodio_hoestar,FlabbyShabby,Undirected,0.5,0.5
jodio_hoestar,Justarandomguy-fuck,Undirected,0.5,0.5
jodio_hoestar,Late-Test2209,Undirected,0.5,0.5
jodio_hoestar,ElectricalChance3664,Undirected,0.25,0.25
jodio_hoestar,MrLabbrow,Undirected,0.5,0.5
jodio_hoestar,Akram-Brahimi,Undirected,0.3333333333333333,0.3333333333333333
jodio_hoestar,Sea_Banana882,Undirected,0.3333333333333333,0.3333333333333333
jodio_hoestar,CatacaX,Undirected,0.5,0.5
jodio_hoestar,TonkaMaze,Undirected,0.5,0.5
jodio_hoestar,J3ssM,Undirected,0.5,0.5
jodio_hoestar,Early_Bad_,Undirected,0.5,0.5
jodio_hoestar,abenites99,Undirected,0.5,0.5
jodio_hoestar,Zealousideal-Item607,Undirected,0.3333333333333333,0.3333333333333333
jodio_hoestar,NewPatron-St,Undirected,0.5,0.5
jodio_hoestar,ChangePrestigious702,Undirected,0.5,0.5
jodio_hoestar,Moth_Man_68,Undirected,0.5,0.5
jodio_hoestar,No_Snow2245,Undirected,0.5,0.5
jodio_hoestar,Perfect-Parking1536,Undirected,0.5,0.5
jodio_hoestar,secret-agent-zero,Undirected,0.5,0.5
jodio_hoestar,Ok_Somewhere9687,Undirected,0.5,0.5
jodio_hoestar,CrossingVoid,Undirected,0.5,0.5
jodio_hoestar,Icy_Giraffe3903,Undirected,0.5,0.5
jodio_hoestar,No_Degree3814,Undirected,0.5,0.5
Colei_the_weird,isaboobers,Undirected,1.0,1.0
Colei_the_weird,Ok-Divide4719,Undirected,0.5,0.5
Colei_the_weird,LofiOcean131,Undirected,1.0,1.0
Colei_the_weird,Apprehensive-Cut9959,Undirected,1.0,1.0
Colei_the_weird,Pinkblushdiva,Undirected,0.5,0.5
Colei_the_weird,Ridussey,Undirected,1.0,1.0
Colei_the_weird,Away-Lavishness-3805,Undirected,1.0,1.0
Colei_the_weird,winter_in_eden,Undirected,1.0,1.0
Colei_the_weird,Asinead666,Undirected,1.0,1.0
Colei_the_weird,SnooOwls4954,Undirected,1.0,1.0
Colei_the_weird,Margiethecat,Undirected,1.0,1.0
Colei_the_weird,Able_Compote6571,Undirected,0.25,0.25
Colei_the_weird,pickl3dguava,Undirected,1.0,1.0
Colei_the_weird,CopiousCool,Undirected,0.3333333333333333,0.3333333333333333
Colei_the_weird,butterflyfrenchfry,Undirected,1.0,1.0
Colei_the_weird,Effective_Nothing519,Undirected,1.0,1.0
Colei_the_weird,Kekeegan,Undirected,1.0,1.0
Colei_the_weird,aym0_0n,Undirected,1.0,1.0
Colei_the_weird,Beneficial-Network91,Undirected,0.5,0.5
Colei_the_weird,tyuptyupolpolp,Undirected,0.5,0.5
Colei_the_weird,Hopeful_Worth315,Undirected,1.0,1.0
Colei_the_weird,palilibre,Undirected,0.5,0.5
Colei_the_weird,VISlONSOFALIFE,Undirected,1.0,1.0
Colei_the_weird,Sp1dderxyz,Undirected,1.0,1.0
Colei_the_weird,cats_and_coffee15,Undirected,1.0,1.0
Colei_the_weird,Ambitious-Narwhal158,Undirected,0.5,0.5
Colei_the_weird,peachemistry,Undirected,1.0,1.0
Colei_the_weird,thatsjustarandomname,Undirected,1.0,1.0
Colei_the_weird,Akram-Brahimi,Undirected,0.5,0.5
Colei_the_weird,Sea_Banana882,Undirected,0.5,0.5
Colei_the_weird,m7mdhassballa,Undirected,1.0,1.0
Colei_the_weird,Fantastic_Bag1560,Undirected,1.0,1.0
Colei_the_weird,HuckleberryFuzzy918,Undirected,1.0,1.0
Colei_the_weird,ResolutionDull5054,Undirected,1.0,1.0
Colei_the_weird,VanillaAdventurous74,Undirected,1.0,1.0
Colei_the_weird,TheAlphaKiller17,Undirected,1.0,1.0
Colei_the_weird,doctormelody18,Undirected,1.0,1.0
isaboobers,Ok-Divide4719,Undirected,0.5,0.5
isaboobers,LofiOcean131,Undirected,1.0,1.0
isaboobers,Apprehensive-Cut9959,Undirected,1.0,1.0
isaboobers,Pinkblushdiva,Undirected,0.5,0.5
isaboobers,Ridussey,Undirected,1.0,1.0
isaboobers,Away-Lavishness-3805,Undirected,1.0,1.0
isaboobers,winter_in_eden,Undirected,1.0,1.0
isaboobers,Asinead666,Undirected,1.0,1.0
isaboobers,SnooOwls4954,Undirected,1.0,1.0
isaboobers,Margiethecat,Undirected,1.0,1.0
isaboobers,Able_Compote6571,Undirected,0.25,0.25
isaboobers,pickl3dguava,Undirected,1.0,1.0
isaboobers,CopiousCool,Undirected,0.3333333333333333,0.3333333333333333
isaboobers,butterflyfrenchfry,Undirected,1.0,1.0
isaboobers,Effective_Nothing519,Undirected,1.0,1.0
isaboobers,Kekeegan,Undirected,1.0,1.0
isaboobers,aym0_0n,Undirected,1.0,1.0
isaboobers,Beneficial-Network91,Undirected,0.5,0.5
isaboobers,tyuptyupolpolp,Undirected,0.5,0.5
isaboobers,Hopeful_Worth315,Undirected,1.0,1.0
isaboobers,palilibre,Undirected,0.5,0.5
isaboobers,VISlONSOFALIFE,Undirected,1.0,1.0
isaboobers,Sp1dderxyz,Undirected,1.0,1.0
isaboobers,cats_and_coffee15,Undirected,1.0,1.0
isaboobers,Ambitious-Narwhal158,Undirected,0.5,0.5
isaboobers,peachemistry,Undirected,1.0,1.0
isaboobers,thatsjustarandomname,Undirected,1.0,1.0
isaboobers,Akram-Brahimi,Undirected,0.5,0.5
isaboobers,Sea_Banana882,Undirected,0.5,0.5
isaboobers,m7mdhassballa,Undirected,1.0,1.0
isaboobers,Fantastic_Bag1560,Undirected,1.0,1.0
isaboobers,HuckleberryFuzzy918,Undirected,1.0,1.0
isaboobers,ResolutionDull5054,Undirected,1.0,1.0
isaboobers,VanillaAdventurous74,Undirected,1.0,1.0
isaboobers,TheAlphaKiller17,Undirected,1.0,1.0
isaboobers,doctormelody18,Undirected,1.0,1.0
weirdgurl24,johnsmithoncemore,Undirected,0.5,0.5
weirdgurl24,Dangermouse0214,Undirected,1.0,1.0
weirdgurl24,CopiousCool,Undirected,0.3333333333333333,0.3333333333333333
weirdgurl24,Wolf4612,Undirected,0.5,0.5
weirdgurl24,ElectricalChance3664,Undirected,0.3333333333333333,0.3333333333333333
weirdgurl24,Ok_Strawberry_2143,Undirected,0.5,0.5
weirdgurl24,venrir,Undirected,1.0,1.0
-SimpleRicks-,Ok-Divide4719,Undirected,0.5,0.5
-SimpleRicks-,calombia,Undirected,1.0,1.0
-SimpleRicks-,Able_Compote6571,Undirected,0.25,0.25
-SimpleRicks-,Psychological-Gear78,Undirected,1.0,1.0
-SimpleRicks-,Amoonthedollygirl,Undirected,1.0,1.0
-SimpleRicks-,SamZ025,Undirected,1.0,1.0
-SimpleRicks-,ResearchWorking3402,Undirected,1.0,1.0
-SimpleRicks-,Zealousideal-Item607,Undirected,0.5,0.5
-SimpleRicks-,guibidesc,Undirected,1.0,1.0
shladvic,littleeeloveee,Undirected,1.0,1.0
shladvic,CryingInTheGrass,Undirected,1.0,1.0
shladvic,tyuptyupolpolp,Undirected,0.5,0.5
shladvic,walkyslaysh,Undirected,1.0,1.0
shladvic,hanandmeow,Undirected,1.0,1.0
shladvic,KrackalackinKraken,Undirected,1.0,1.0
shladvic,SystemNo524,Undirected,1.0,1.0
shladvic,Altruistic-Look6136,Undirected,1.0,1.0
shladvic,Accomplished-Low9635,Undirected,1.0,1.0
shladvic,Forward-Molasses4404,Undirected,1.0,1.0
shladvic,Ok_Strawberry_2143,Undirected,0.5,0.5
shladvic,Ur_Shado,Undirected,1.0,1.0
Ok-Divide4719,LofiOcean131,Undirected,0.5,0.5
Ok-Divide4719,Apprehensive-Cut9959,Undirected,0.5,0.5
Ok-Divide4719,Pinkblushdiva,Undirected,0.3333333333333333,0.3333333333333333
Ok-Divide4719,Ridussey,Undirected,0.5,0.5
Ok-Divide4719,Away-Lavishness-3805,Undirected,0.5,0.5
Ok-Divide4719,winter_in_eden,Undirected,0.5,0.5
Ok-Divide4719,Asinead666,Undirected,0.5,0.5
Ok-Divide4719,calombia,Undirected,0.5,0.5
Ok-Divide4719,SnooOwls4954,Undirected,0.5,0.5
Ok-Divide4719,Margiethecat,Undirected,0.5,0.5
Ok-Divide4719,Able_Compote6571,Undirected,0.5,0.5
Ok-Divide4719,pickl3dguava,Undirected,0.5,0.5
Ok-Divide4719,CopiousCool,Undirected,0.25,0.25
Ok-Divide4719,butterflyfrenchfry,Undirected,0.5,0.5
Ok-Divide4719,Psychological-Gear78,Undirected,0.5,0.5
Ok-Divide4719,Effective_Nothing519,Undirected,0.5,0.5
Ok-Divide4719,Kekeegan,Undirected,0.5,0.5
Ok-Divide4719,aym0_0n,Undirected,0.5,0.5
Ok-Divide4719,Beneficial-Network91,Undirected,0.3333333333333333,0.3333333333333333
Ok-Divide4719,tyuptyupolpolp,Undirected,0.3333333333333333,0.3333333333333333
Ok-Divide4719,Hopeful_Worth315,Undirected,0.5,0.5
Ok-Divide4719,palilibre,Undirected,0.3333333333333333,0.3333333333333333
Ok-Divide4719,VISlONSOFALIFE,Undirected,0.5,0.5
Ok-Divide4719,Sp1dderxyz,Undirected,0.5,0.5
Ok-Divide4719,cats_and_coffee15,Undirected,0.5,0.5
Ok-Divide4719,Amoonthedollygirl,Undirected,0.5,0.5
Ok-Divide4719,Ambitious-Narwhal158,Undirected,0.3333333333333333,0.3333333333333333
Ok-Divide4719,SamZ025,Undirected,0.5,0.5
Ok-Divide4719,peachemistry,Undirected,0.5,0.5
Ok-Divide4719,thatsjustarandomname,Undirected,0.5,0.5
Ok-Divide4719,ResearchWorking3402,Undirected,0.5,0.5
Ok-Divide4719,Akram-Brahimi,Undirected,0.3333333333333333,0.3333333333333333
Ok-Divide4719,Sea_Banana882,Undirected,0.3333333333333333,0.3333333333333333
Ok-Divide4719,m7mdhassballa,Undirected,0.5,0.5
Ok-Divide4719,Fantastic_Bag1560,Undirected,0.5,0.5
Ok-Divide4719,Zealousideal-Item607,Undirected,0.3333333333333333,0.3333333333333333
Ok-Divide4719,guibidesc,Undirected,0.5,0.5
Ok-Divide4719,HuckleberryFuzzy918,Undirected,0.5,0.5
Ok-Divide4719,ResolutionDull5054,Undirected,0.5,0.5
Ok-Divide4719,VanillaAdventurous74,Undirected,0.5,0.5
Ok-Divide4719,TheAlphaKiller17,Undirected,0.5,0.5
Ok-Divide4719,doctormelody18,Undirected,0.5,0.5
LofiOcean131,Apprehensive-Cut9959,Undirected,1.0,1.0
LofiOcean131,Pinkblushdiva,Undirected,0.5,0.5
LofiOcean131,Ridussey,Undirected,1.0,1.0
LofiOcean131,Away-Lavishness-3805,Undirected,1.0,1.0
LofiOcean131,winter_in_eden,Undirected,1.0,1.0
LofiOcean131,Asinead666,Undirected,1.0,1.0
LofiOcean131,SnooOwls4954,Undirected,1.0,1.0
LofiOcean131,Margiethecat,Undirected,1.0,1.0
LofiOcean131,Able_Compote6571,Undirected,0.25,0.25
LofiOcean131,pickl3dguava,Undirected,1.0,1.0
LofiOcean131,CopiousCool,Undirected,0.3333333333333333,0.3333333333333333
LofiOcean131,butterflyfrenchfry,Undirected,1.0,1.0
LofiOcean131,Effective_Nothing519,Undirected,1.0,1.0
LofiOcean131,Kekeegan,Undirected,1.0,1.0
LofiOcean131,aym0_0n,Undirected,1.0,1.0
LofiOcean131,Beneficial-Network91,Undirected,0.5,0.5
LofiOcean131,tyuptyupolpolp,Undirected,0.5,0.5
LofiOcean131,Hopeful_Worth315,Undirected,1.0,1.0
LofiOcean131,palilibre,Undirected,0.5,0.5
LofiOcean131,VISlONSOFALIFE,Undirected,1.0,1.0
LofiOcean131,Sp1dderxyz,Undirected,1.0,1.0
LofiOcean131,cats_and_coffee15,Undirected,1.0,1.0
LofiOcean131,Ambitious-Narwhal158,Undirected,0.5,0.5
LofiOcean131,peachemistry,Undirected,1.0,1.0
LofiOcean131,thatsjustarandomname,Undirected,1.0,1.0
LofiOcean131,Akram-Brahimi,Undirected,0.5,0.5
LofiOcean131,Sea_Banana882,Undirected,0.5,0.5
LofiOcean131,m7mdhassballa,Undirected,1.0,1.0
LofiOcean131,Fantastic_Bag1560,Undirected,1.0,1.0
LofiOcean131,HuckleberryFuzzy918,Undirected,1.0,1.0
LofiOcean131,ResolutionDull5054,Undirected,1.0,1.0
LofiOcean131,VanillaAdventurous74,Undirected,1.0,1.0
LofiOcean131,TheAlphaKiller17,Undirected,1.0,1.0
LofiOcean131,doctormelody18,Undirected,1.0,1.0
Ok_Consequence_5756,johnsmithoncemore,Undirected,0.5,0.5
Ok_Consequence_5756,BlackberryIcy2214,Undirected,1.0,1.0
Ok_Consequence_5756,SylviaPlathsDaughter,Undirected,1.0,1.0
Ok_Consequence_5756,_maeverie,Undirected,1.0,1.0
Ok_Consequence_5756,ElectricalChance3664,Undirected,0.3333333333333333,0.3333333333333333
Ok_Consequence_5756,nesmacon,Undirected,1.0,1.0
Ok_Consequence_5756,Farley_B,Undirected,1.0,1.0
Ok_Consequence_5756,DragonflyNo19,Undirected,1.0,1.0
Apprehensive-Cut9959,Pinkblushdiva,Undirected,0.5,0.5
Apprehensive-Cut9959,Ridussey,Undirected,1.0,1.0
Apprehensive-Cut9959,Away-Lavishness-3805,Undirected,1.0,1.0
Apprehensive-Cut9959,winter_in_eden,Undirected,1.0,1.0
Apprehensive-Cut9959,Asinead666,Undirected,1.0,1.0
Apprehensive-Cut9959,SnooOwls4954,Undirected,1.0,1.0
Apprehensive-Cut9959,Margiethecat,Undirected,1.0,1.0
Apprehensive-Cut9959,Able_Compote6571,Undirected,0.25,0.25
Apprehensive-Cut9959,pickl3dguava,Undirected,1.0,1.0
Apprehensive-Cut9959,CopiousCool,Undirected,0.3333333333333333,0.3333333333333333
Apprehensive-Cut9959,butterflyfrenchfry,Undirected,1.0,1.0
Apprehensive-Cut9959,Effective_Nothing519,Undirected,1.0,1.0
Apprehensive-Cut9959,Kekeegan,Undirected,1.0,1.0
Apprehensive-Cut9959,aym0_0n,Undirected,1.0,1.0
Apprehensive-Cut9959,Beneficial-Network91,Undirected,0.5,0.5
Apprehensive-Cut9959,tyuptyupolpolp,Undirected,0.5,0.5
Apprehensive-Cut9959,Hopeful_Worth315,Undirected,1.0,1.0
Apprehensive-Cut9959,palilibre,Undirected,0.5,0.5
Apprehensive-Cut9959,VISlONSOFALIFE,Undirected,1.0,1.0
Apprehensive-Cut9959,Sp1dderxyz,Undirected,1.0,1.0
Apprehensive-Cut9959,cats_and_coffee15,Undirected,1.0,1.0
Apprehensive-Cut9959,Ambitious-Narwhal158,Undirected,0.5,0.5
Apprehensive-Cut9959,peachemistry,Undirected,1.0,1.0
Apprehensive-Cut9959,thatsjustarandomname,Undirected,1.0,1.0
Apprehensive-Cut9959,Akram-Brahimi,Undirected,0.5,0.5
Apprehensive-Cut9959,Sea_Banana882,Undirected,0.5,0.5
Apprehensive-Cut9959,m7mdhassballa,Undirected,1.0,1.0
Apprehensive-Cut9959,Fantastic_Bag1560,Undirected,1.0,1.0
Apprehensive-Cut9959,HuckleberryFuzzy918,Undirected,1.0,1.0
Apprehensive-Cut9959,ResolutionDull5054,Undirected,1.0,1.0
Apprehensive-Cut9959,VanillaAdventurous74,Undirected,1.0,1.0
Apprehensive-Cut9959,TheAlphaKiller17,Undirected,1.0,1.0
Apprehensive-Cut9959,doctormelody18,Undirected,1.0,1.0
Pinkblushdiva,Ridussey,Undirected,0.5,0.5
Pinkblushdiva,Away-Lavishness-3805,Undirected,0.5,0.5
Pinkblushdiva,winter_in_eden,Undirected,0.5,0.5
Pinkblushdiva,Asinead666,Undirected,0.5,0.5
Pinkblushdiva,SnooOwls4954,Undirected,0.5,0.5
Pinkblushdiva,Margiethecat,Undirected,0.5,0.5
Pinkblushdiva,Able_Compote6571,Undirected,0.5,0.5
Pinkblushdiva,pickl3dguava,Undirected,0.5,0.5
Pinkblushdiva,CopiousCool,Undirected,0.6666666666666666,0.6666666666666666
Pinkblushdiva,butterflyfrenchfry,Undirected,0.5,0.5
Pinkblushdiva,Effective_Nothing519,Undirected,0.5,0.5
Pinkblushdiva,Kekeegan,Undirected,0.5,0.5
Pinkblushdiva,aym0_0n,Undirected,0.5,0.5
Pinkblushdiva,Beneficial-Network91,Undirected,0.3333333333333333,0.3333333333333333
Pinkblushdiva,Squidieyy,Undirected,0.5,0.5
Pinkblushdiva,tyuptyupolpolp,Undirected,0.3333333333333333,0.3333333333333333
Pinkblushdiva,Hopeful_Worth315,Undirected,0.5,0.5
Pinkblushdiva,palilibre,Undirected,1.0,1.0
Pinkblushdiva,VISlONSOFALIFE,Undirected,0.5,0.5
Pinkblushdiva,Sp1dderxyz,Undirected,0.5,0.5
Pinkblushdiva,Responsible-Term4482,Undirected,0.5,0.5
Pinkblushdiva,cats_and_coffee15,Undirected,0.5,0.5
Pinkblushdiva,Ambitious-Narwhal158,Undirected,0.3333333333333333,0.3333333333333333
Pinkblushdiva,Unfair_Enthusiasm696,Undirected,0.5,0.5
Pinkblushdiva,peachemistry,Undirected,0.5,0.5
Pinkblushdiva,Ok-Bicycle-12345,Undirected,0.5,0.5
Pinkblushdiva,ComfortableJello508,Undirected,0.5,0.5
Pinkblushdiva,FlabbyShabby,Undirected,0.5,0.5
Pinkblushdiva,Justarandomguy-fuck,Undirected,0.5,0.5
Pinkblushdiva,thatsjustarandomname,Undirected,0.5,0.5
Pinkblushdiva,Late-Test2209,Undirected,0.5,0.5
Pinkblushdiva,ElectricalChance3664,Undirected,0.25,0.25
Pinkblushdiva,MrLabbrow,Undirected,0.5,0.5
Pinkblushdiva,Akram-Brahimi,Undirected,0.3333333333333333,0.3333333333333333
Pinkblushdiva,Sea_Banana882,Undirected,1.0,1.0
Pinkblushdiva,CatacaX,Undirected,0.5,0.5
Pinkblushdiva,TonkaMaze,Undirected,0.5,0.5
Pinkblushdiva,m7mdhassballa,Undirected,0.5,0.5
Pinkblushdiva,J3ssM,Undirected,0.5,0.5
Pinkblushdiva,Early_Bad_,Undirected,0.5,0.5
Pinkblushdiva,Fantastic_Bag1560,Undirected,0.5,0.5
Pinkblushdiva,abenites99,Undirected,0.5,0.5
Pinkblushdiva,Zealousideal-Item607,Undirected,0.3333333333333333,0.3333333333333333
Pinkblushdiva,NewPatron-St,Undirected,0.5,0.5
Pinkblushdiva,ChangePrestigious702,Undirected,0.5,0.5
Pinkblushdiva,Moth_Man_68,Undirected,0.5,0.5
Pinkblushdiva,No_Snow2245,Undirected,0.5,0.5
Pinkblushdiva,Perfect-Parking1536,Undirected,0.5,0.5
Pinkblushdiva,HuckleberryFuzzy918,Undirected,0.5,0.5
Pinkblushdiva,ResolutionDull5054,Undirected,0.5,0.5
Pinkblushdiva,Ok_Somewhere9687,Undirected,0.5,0.5
Pinkblushdiva,VanillaAdventurous74,Undirected,0.5,0.5
Pinkblushdiva,TheAlphaKiller17,Undirected,0.5,0.5
Pinkblushdiva,CrossingVoid,Undirected,0.5,0.5
Pinkblushdiva,Icy_Giraffe3903,Undirected,0.5,0.5
Pinkblushdiva,doctormelody18,Undirected,0.5,0.5
Pinkblushdiva,No_Degree3814,Undirected,0.5,0.5
johnsmithoncemore,Dangermouse0214,Undirected,0.5,0.5
johnsmithoncemore,BlackberryIcy2214,Undirected,0.5,0.5
johnsmithoncemore,CopiousCool,Undirected,0.25,0.25
johnsmithoncemore,Wolf4612,Undirected,0.3333333333333333,0.3333333333333333
johnsmithoncemore,SylviaPlathsDaughter,Undirected,0.5,0.5
johnsmithoncemore,_maeverie,Undirected,0.5,0.5
johnsmithoncemore,ElectricalChance3664,Undirected,0.6666666666666666,0.6666666666666666
johnsmithoncemore,nesmacon,Undirected,0.5,0.5
johnsmithoncemore,Farley_B,Undirected,0.5,0.5
johnsmithoncemore,Ok_Strawberry_2143,Undirected,0.3333333333333333,0.3333333333333333
johnsmithoncemore,DragonflyNo19,Undirected,0.5,0.5
johnsmithoncemore,venrir,Undirected,0.5,0.5
Dangermouse0214,CopiousCool,Undirected,0.3333333333333333,0.3333333333333333
Dangermouse0214,Wolf4612,Undirected,0.5,0.5
Dangermouse0214,ElectricalChance3664,Undirected,0.3333333333333333,0.3333333333333333
Dangermouse0214,Ok_Strawberry_2143,Undirected,0.5,0.5
Dangermouse0214,venrir,Undirected,1.0,1.0
Novel_Bass6032,Able_Compote6571,Undirected,0.25,0.25
Novel_Bass6032,comrade-sunflower,Undirected,1.0,1.0
Novel_Bass6032,Ambitious-Narwhal158,Undirected,0.5,0.5
Novel_Bass6032,GermanLetsKotz,Undirected,1.0,1.0
Novel_Bass6032,tallbigbear,Undirected,1.0,1.0
Ridussey,Away-Lavishness-3805,Undirected,1.0,1.0
Ridussey,winter_in_eden,Undirected,1.0,1.0
Ridussey,Asinead666,Undirected,1.0,1.0
Ridussey,SnooOwls4954,Undirected,1.0,1.0
Ridussey,Margiethecat,Undirected,1.0,1.0
Ridussey,Able_Compote6571,Undirected,0.25,0.25
Ridussey,pickl3dguava,Undirected,1.0,1.0
Ridussey,CopiousCool,Undirected,0.3333333333333333,0.3333333333333333
Ridussey,butterflyfrenchfry,Undirected,1.0,1.0
Ridussey,Effective_Nothing519,Undirected,1.0,1.0
Ridussey,Kekeegan,Undirected,1.0,1.0
Ridussey,aym0_0n,Undirected,1.0,1.0
Ridussey,Beneficial-Network91,Undirected,0.5,0.5
Ridussey,tyuptyupolpolp,Undirected,0.5,0.5
Ridussey,Hopeful_Worth315,Undirected,1.0,1.0
Ridussey,palilibre,Undirected,0.5,0.5
Ridussey,VISlONSOFALIFE,Undirected,1.0,1.0
Ridussey,Sp1dderxyz,Undirected,1.0,1.0
Ridussey,cats_and_coffee15,Undirected,1.0,1.0
Ridussey,Ambitious-Narwhal158,Undirected,0.5,0.5
Ridussey,peachemistry,Undirected,1.0,1.0
Ridussey,thatsjustarandomname,Undirected,1.0,1.0
Ridussey,Akram-Brahimi,Undirected,0.5,0.5
Ridussey,Sea_Banana882,Undirected,0.5,0.5
Ridussey,m7mdhassballa,Undirected,1.0,1.0
Ridussey,Fantastic_Bag1560,Undirected,1.0,1.0
Ridussey,HuckleberryFuzzy918,Undirected,1.0,1.0
Ridussey,ResolutionDull5054,Undirected,1.0,1.0
Ridussey,VanillaAdventurous74,Undirected,1.0,1.0
Ridussey,TheAlphaKiller17,Undirected,1.0,1.0
Ridussey,doctormelody18,Undirected,1.0,1.0
Away-Lavishness-3805,winter_in_eden,Undirected,1.0,1.0
Away-Lavishness-3805,Asinead666,Undirected,1.0,1.0
Away-Lavishness-3805,SnooOwls4954,Undirected,1.0,1.0
Away-Lavishness-3805,Margiethecat,Undirected,1.0,1.0
Away-Lavishness-3805,Able_Compote6571,Undirected,0.25,0.25
Away-Lavishness-3805,pickl3dguava,Undirected,1.0,1.0
Away-Lavishness-3805,CopiousCool,Undirected,0.3333333333333333,0.3333333333333333
Away-Lavishness-3805,butterflyfrenchfry,Undirected,1.0,1.0
Away-Lavishness-3805,Effective_Nothing519,Undirected,1.0,1.0
Away-Lavishness-3805,Kekeegan,Undirected,1.0,1.0
Away-Lavishness-3805,aym0_0n,Undirected,1.0,1.0
Away-Lavishness-3805,Beneficial-Network91,Undirected,0.5,0.5
Away-Lavishness-3805,tyuptyupolpolp,Undirected,0.5,0.5
Away-Lavishness-3805,Hopeful_Worth315,Undirected,1.0,1.0
Away-Lavishness-3805,palilibre,Undirected,0.5,0.5
Away-Lavishness-3805,VISlONSOFALIFE,Undirected,1.0,1.0
Away-Lavishness-3805,Sp1dderxyz,Undirected,1.0,1.0
Away-Lavishness-3805,cats_and_coffee15,Undirected,1.0,1.0
Away-Lavishness-3805,Ambitious-Narwhal158,Undirected,0.5,0.5
Away-Lavishness-3805,peachemistry,Undirected,1.0,1.0
Away-Lavishness-3805,thatsjustarandomname,Undirected,1.0,1.0
Away-Lavishness-3805,Akram-Brahimi,Undirected,0.5,0.5
Away-Lavishness-3805,Sea_Banana882,Undirected,0.5,0.5
Away-Lavishness-3805,m7mdhassballa,Undirected,1.0,1.0
Away-Lavishness-3805,Fantastic_Bag1560,Undirected,1.0,1.0
Away-Lavishness-3805,HuckleberryFuzzy918,Undirected,1.0,1.0
Away-Lavishness-3805,ResolutionDull5054,Undirected,1.0,1.0
Away-Lavishness-3805,VanillaAdventurous74,Undirected,1.0,1.0
Away-Lavishness-3805,TheAlphaKiller17,Undirected,1.0,1.0
Away-Lavishness-3805,doctormelody18,Undirected,1.0,1.0
winter_in_eden,Asinead666,Undirected,1.0,1.0
winter_in_eden,SnooOwls4954,Undirected,1.0,1.0
winter_in_eden,Margiethecat,Undirected,1.0,1.0
winter_in_eden,Able_Compote6571,Undirected,0.25,0.25
winter_in_eden,pickl3dguava,Undirected,1.0,1.0
winter_in_eden,CopiousCool,Undirected,0.3333333333333333,0.3333333333333333
winter_in_eden,butterflyfrenchfry,Undirected,1.0,1.0
winter_in_eden,Effective_Nothing519,Undirected,1.0,1.0
winter_in_eden,Kekeegan,Undirected,1.0,1.0
winter_in_eden,aym0_0n,Undirected,1.0,1.0
winter_in_eden,Beneficial-Network91,Undirected,0.5,0.5
winter_in_eden,tyuptyupolpolp,Undirected,0.5,0.5
winter_in_eden,Hopeful_Worth315,Undirected,1.0,1.0
winter_in_eden,palilibre,Undirected,0.5,0.5
winter_in_eden,VISlONSOFALIFE,Undirected,1.0,1.0
winter_in_eden,Sp1dderxyz,Undirected,1.0,1.0
winter_in_eden,cats_and_coffee15,Undirected,1.0,1.0
winter_in_eden,Ambitious-Narwhal158,Undirected,0.5,0.5
winter_in_eden,peachemistry,Undirected,1.0,1.0
winter_in_eden,thatsjustarandomname,Undirected,1.0,1.0
winter_in_eden,Akram-Brahimi,Undirected,0.5,0.5
winter_in_eden,Sea_Banana882,Undirected,0.5,0.5
winter_in_eden,m7mdhassballa,Undirected,1.0,1.0
winter_in_eden,Fantastic_Bag1560,Undirected,1.0,1.0
winter_in_eden,HuckleberryFuzzy918,Undirected,1.0,1.0
winter_in_eden,ResolutionDull5054,Undirected,1.0,1.0
winter_in_eden,VanillaAdventurous74,Undirected,1.0,1.0
winter_in_eden,TheAlphaKiller17,Undirected,1.0,1.0
winter_in_eden,doctormelody18,Undirected,1.0,1.0
Asinead666,SnooOwls4954,Undirected,1.0,1.0
Asinead666,Margiethecat,Undirected,1.0,1.0
Asinead666,Able_Compote6571,Undirected,0.25,0.25
Asinead666,pickl3dguava,Undirected,1.0,1.0
Asinead666,CopiousCool,Undirected,0.3333333333333333,0.3333333333333333
Asinead666,butterflyfrenchfry,Undirected,1.0,1.0
Asinead666,Effective_Nothing519,Undirected,1.0,1.0
Asinead666,Kekeegan,Undirected,1.0,1.0
Asinead666,aym0_0n,Undirected,1.0,1.0
Asinead666,Beneficial-Network91,Undirected,0.5,0.5
Asinead666,tyuptyupolpolp,Undirected,0.5,0.5
Asinead666,Hopeful_Worth315,Undirected,1.0,1.0
Asinead666,palilibre,Undirected,0.5,0.5
Asinead666,VISlONSOFALIFE,Undirected,1.0,1.0
Asinead666,Sp1dderxyz,Undirected,1.0,1.0
Asinead666,cats_and_coffee15,Undirected,1.0,1.0
Asinead666,Ambitious-Narwhal158,Undirected,0.5,0.5
Asinead666,peachemistry,Undirected,1.0,1.0
Asinead666,thatsjustarandomname,Undirected,1.0,1.0
Asinead666,Akram-Brahimi,Undirected,0.5,0.5
Asinead666,Sea_Banana882,Undirected,0.5,0.5
Asinead666,m7mdhassballa,Undirected,1.0,1.0
Asinead666,Fantastic_Bag1560,Undirected,1.0,1.0
Asinead666,HuckleberryFuzzy918,Undirected,1.0,1.0
Asinead666,ResolutionDull5054,Undirected,1.0,1.0
Asinead666,VanillaAdventurous74,Undirected,1.0,1.0
Asinead666,TheAlphaKiller17,Undirected,1.0,1.0
Asinead666,doctormelody18,Undirected,1.0,1.0
calombia,Able_Compote6571,Undirected,0.25,0.25
calombia,Psychological-Gear78,Undirected,1.0,1.0
calombia,Amoonthedollygirl,Undirected,1.0,1.0
calombia,SamZ025,Undirected,1.0,1.0
calombia,ResearchWorking3402,Undirected,1.0,1.0
calombia,Zealousideal-Item607,Undirected,0.5,0.5
calombia,guibidesc,Undirected,1.0,1.0
SnooOwls4954,Margiethecat,Undirected,1.0,1.0
SnooOwls4954,Able_Compote6571,Undirected,0.25,0.25
SnooOwls4954,pickl3dguava,Undirected,1.0,1.0
SnooOwls4954,CopiousCool,Undirected,0.3333333333333333,0.3333333333333333
SnooOwls4954,butterflyfrenchfry,Undirected,1.0,1.0
SnooOwls4954,Effective_Nothing519,Undirected,1.0,1.0
SnooOwls4954,Kekeegan,Undirected,1.0,1.0
SnooOwls4954,aym0_0n,Undirected,1.0,1.0
SnooOwls4954,Beneficial-Network91,Undirected,0.5,0.5
SnooOwls4954,tyuptyupolpolp,Undirected,0.5,0.5
SnooOwls4954,Hopeful_Worth315,Undirected,1.0,1.0
SnooOwls4954,palilibre,Undirected,0.5,0.5
SnooOwls4954,VISlONSOFALIFE,Undirected,1.0,1.0
SnooOwls4954,Sp1dderxyz,Undirected,1.0,1.0
SnooOwls4954,cats_and_coffee15,Undirected,1.0,1.0
SnooOwls4954,Ambitious-Narwhal158,Undirected,0.5,0.5
SnooOwls4954,peachemistry,Undirected,1.0,1.0
SnooOwls4954,thatsjustarandomname,Undirected,1.0,1.0
SnooOwls4954,Akram-Brahimi,Undirected,0.5,0.5
SnooOwls4954,Sea_Banana882,Undirected,0.5,0.5
SnooOwls4954,m7mdhassballa,Undirected,1.0,1.0
SnooOwls4954,Fantastic_Bag1560,Undirected,1.0,1.0
SnooOwls4954,HuckleberryFuzzy918,Undirected,1.0,1.0
SnooOwls4954,ResolutionDull5054,Undirected,1.0,1.0
SnooOwls4954,VanillaAdventurous74,Undirected,1.0,1.0
SnooOwls4954,TheAlphaKiller17,Undirected,1.0,1.0
SnooOwls4954,doctormelody18,Undirected,1.0,1.0
Margiethecat,Able_Compote6571,Undirected,0.25,0.25
Margiethecat,pickl3dguava,Undirected,1.0,1.0
Margiethecat,CopiousCool,Undirected,0.3333333333333333,0.3333333333333333
Margiethecat,butterflyfrenchfry,Undirected,1.0,1.0
Margiethecat,Effective_Nothing519,Undirected,1.0,1.0
Margiethecat,Kekeegan,Undirected,1.0,1.0
Margiethecat,aym0_0n,Undirected,1.0,1.0
Margiethecat,Beneficial-Network91,Undirected,0.5,0.5
Margiethecat,tyuptyupolpolp,Undirected,0.5,0.5
Margiethecat,Hopeful_Worth315,Undirected,1.0,1.0
Margiethecat,palilibre,Undirected,0.5,0.5
Margiethecat,VISlONSOFALIFE,Undirected,1.0,1.0
Margiethecat,Sp1dderxyz,Undirected,1.0,1.0
Margiethecat,cats_and_coffee15,Undirected,1.0,1.0
Margiethecat,Ambitious-Narwhal158,Undirected,0.5,0.5
Margiethecat,peachemistry,Undirected,1.0,1.0
Margiethecat,thatsjustarandomname,Undirected,1.0,1.0
Margiethecat,Akram-Brahimi,Undirected,0.5,0.5
Margiethecat,Sea_Banana882,Undirected,0.5,0.5
Margiethecat,m7mdhassballa,Undirected,1.0,1.0
Margiethecat,Fantastic_Bag1560,Undirected,1.0,1.0
Margiethecat,HuckleberryFuzzy918,Undirected,1.0,1.0
Margiethecat,ResolutionDull5054,Undirected,1.0,1.0
Margiethecat,VanillaAdventurous74,Undirected,1.0,1.0
Margiethecat,TheAlphaKiller17,Undirected,1.0,1.0
Margiethecat,doctormelody18,Undirected,1.0,1.0
BlackberryIcy2214,SylviaPlathsDaughter,Undirected,1.0,1.0
BlackberryIcy2214,_maeverie,Undirected,1.0,1.0
BlackberryIcy2214,ElectricalChance3664,Undirected,0.3333333333333333,0.3333333333333333
BlackberryIcy2214,nesmacon,Undirected,1.0,1.0
BlackberryIcy2214,Farley_B,Undirected,1.0,1.0
BlackberryIcy2214,DragonflyNo19,Undirected,1.0,1.0
Able_Compote6571,pickl3dguava,Undirected,0.25,0.25
Able_Compote6571,CopiousCool,Undirected,0.4,0.4
Able_Compote6571,butterflyfrenchfry,Undirected,0.25,0.25
Able_Compote6571,Psychological-Gear78,Undirected,0.25,0.25
Able_Compote6571,Effective_Nothing519,Undirected,0.25,0.25
Able_Compote6571,Kekeegan,Undirected,0.25,0.25
Able_Compote6571,aym0_0n,Undirected,0.25,0.25
Able_Compote6571,Squidieyy,Undirected,0.25,0.25
Able_Compote6571,Hopeful_Worth315,Undirected,0.25,0.25
Able_Compote6571,palilibre,Undirected,0.5,0.5
Able_Compote6571,VISlONSOFALIFE,Undirected,0.25,0.25
Able_Compote6571,Sp1dderxyz,Undirected,0.25,0.25
Able_Compote6571,Responsible-Term4482,Undirected,0.25,0.25
Able_Compote6571,comrade-sunflower,Undirected,0.25,0.25
Able_Compote6571,cats_and_coffee15,Undirected,0.25,0.25
Able_Compote6571,Amoonthedollygirl,Undirected,0.25,0.25
Able_Compote6571,Ambitious-Narwhal158,Undirected,0.5,0.5
Able_Compote6571,SamZ025,Undirected,0.25,0.25
Able_Compote6571,Unfair_Enthusiasm696,Undirected,0.25,0.25
Able_Compote6571,peachemistry,Undirected,0.25,0.25
Able_Compote6571,Ok-Bicycle-12345,Undirected,0.25,0.25
Able_Compote6571,ComfortableJello508,Undirected,0.25,0.25
Able_Compote6571,GermanLetsKotz,Undirected,0.25,0.25
Able_Compote6571,FlabbyShabby,Undirected,0.25,0.25
Able_Compote6571,Justarandomguy-fuck,Undirected,0.25,0.25
Able_Compote6571,thatsjustarandomname,Undirected,0.25,0.25
Able_Compote6571,ResearchWorking3402,Undirected,0.25,0.25
Able_Compote6571,Late-Test2209,Undirected,0.25,0.25
Able_Compote6571,MrLabbrow,Undirected,0.25,0.25
Able_Compote6571,Sea_Banana882,Undirected,0.5,0.5
Able_Compote6571,CatacaX,Undirected,0.25,0.25
Able_Compote6571,TonkaMaze,Undirected,0.25,0.25
Able_Compote6571,m7mdhassballa,Undirected,0.25,0.25
Able_Compote6571,J3ssM,Undirected,0.25,0.25
Able_Compote6571,Early_Bad_,Undirected,0.25,0.25
Able_Compote6571,Fantastic_Bag1560,Undirected,0.25,0.25
Able_Compote6571,abenites99,Undirected,0.25,0.25
Able_Compote6571,Zealousideal-Item607,Undirected,0.5,0.5
Able_Compote6571,NewPatron-St,Undirected,0.25,0.25
Able_Compote6571,ChangePrestigious702,Undirected,0.25,0.25
Able_Compote6571,Moth_Man_68,Undirected,0.25,0.25
Able_Compote6571,guibidesc,Undirected,0.25,0.25
Able_Compote6571,No_Snow2245,Undirected,0.25,0.25
Able_Compote6571,Perfect-Parking1536,Undirected,0.25,0.25
Able_Compote6571,HuckleberryFuzzy918,Undirected,0.25,0.25
Able_Compote6571,ResolutionDull5054,Undirected,0.25,0.25
Able_Compote6571,Ok_Somewhere9687,Undirected,0.25,0.25
Able_Compote6571,VanillaAdventurous74,Undirected,0.25,0.25
Able_Compote6571,TheAlphaKiller17,Undirected,0.25,0.25
Able_Compote6571,CrossingVoid,Undirected,0.25,0.25
Able_Compote6571,Icy_Giraffe3903,Undirected,0.25,0.25
Able_Compote6571,tallbigbear,Undirected,0.25,0.25
Able_Compote6571,doctormelody18,Undirected,0.25,0.25
Able_Compote6571,No_Degree3814,Undirected,0.25,0.25
pickl3dguava,CopiousCool,Undirected,0.3333333333333333,0.3333333333333333
pickl3dguava,butterflyfrenchfry,Undirected,1.0,1.0
pickl3dguava,Effective_Nothing519,Undirected,1.0,1.0
pickl3dguava,Kekeegan,Undirected,1.0,1.0
pickl3dguava,aym0_0n,Undirected,1.0,1.0
pickl3dguava,Beneficial-Network91,Undirected,0.5,0.5
pickl3dguava,tyuptyupolpolp,Undirected,0.5,0.5
pickl3dguava,Hopeful_Worth315,Undirected,1.0,1.0
pickl3dguava,palilibre,Undirected,0.5,0.5
pickl3dguava,VISlONSOFALIFE,Undirected,1.0,1.0
pickl3dguava,Sp1dderxyz,Undirected,1.0,1.0
pickl3dguava,cats_and_coffee15,Undirected,1.0,1.0
pickl3dguava,Ambitious-Narwhal158,Undirected,0.5,0.5
pickl3dguava,peachemistry,Undirected,1.0,1.0
pickl3dguava,thatsjustarandomname,Undirected,1.0,1.0
pickl3dguava,Akram-Brahimi,Undirected,0.5,0.5
pickl3dguava,Sea_Banana882,Undirected,0.5,0.5
pickl3dguava,m7mdhassballa,Undirected,1.0,1.0
pickl3dguava,Fantastic_Bag1560,Undirected,1.0,1.0
pickl3dguava,HuckleberryFuzzy918,Undirected,1.0,1.0
pickl3dguava,ResolutionDull5054,Undirected,1.0,1.0
pickl3dguava,VanillaAdventurous74,Undirected,1.0,1.0
pickl3dguava,TheAlphaKiller17,Undirected,1.0,1.0
pickl3dguava,doctormelody18,Undirected,1.0,1.0
CopiousCool,butterflyfrenchfry,Undirected,0.3333333333333333,0.3333333333333333
CopiousCool,Effective_Nothing519,Undirected,0.3333333333333333,0.3333333333333333
CopiousCool,Kekeegan,Undirected,0.3333333333333333,0.3333333333333333
CopiousCool,aym0_0n,Undirected,0.3333333333333333,0.3333333333333333
CopiousCool,Beneficial-Network91,Undirected,0.25,0.25
CopiousCool,Squidieyy,Undirected,0.3333333333333333,0.3333333333333333
CopiousCool,tyuptyupolpolp,Undirected,0.25,0.25
CopiousCool,Hopeful_Worth315,Undirected,0.3333333333333333,0.3333333333333333
CopiousCool,palilibre,Undirected,0.6666666666666666,0.6666666666666666
CopiousCool,VISlONSOFALIFE,Undirected,0.3333333333333333,0.3333333333333333
CopiousCool,Wolf4612,Undirected,0.25,0.25
CopiousCool,Sp1dderxyz,Undirected,0.3333333333333333,0.3333333333333333
CopiousCool,Responsible-Term4482,Undirected,0.3333333333333333,0.3333333333333333
CopiousCool,cats_and_coffee15,Undirected,0.3333333333333333,0.3333333333333333
CopiousCool,Ambitious-Narwhal158,Undirected,0.25,0.25
CopiousCool,Unfair_Enthusiasm696,Undirected,0.3333333333333333,0.3333333333333333
CopiousCool,peachemistry,Undirected,0.3333333333333333,0.3333333333333333
CopiousCool,Ok-Bicycle-12345,Undirected,0.3333333333333333,0.3333333333333333
CopiousCool,ComfortableJello508,Undirected,0.3333333333333333,0.3333333333333333
CopiousCool,FlabbyShabby,Undirected,0.3333333333333333,0.3333333333333333
CopiousCool,Justarandomguy-fuck,Undirected,0.3333333333333333,0.3333333333333333
CopiousCool,thatsjustarandomname,Undirected,0.3333333333333333,0.3333333333333333
CopiousCool,Late-Test2209,Undirected,0.3333333333333333,0.3333333333333333
CopiousCool,ElectricalChance3664,Undirected,0.5,0.5
CopiousCool,MrLabbrow,Undirected,0.3333333333333333,0.3333333333333333
CopiousCool,Akram-Brahimi,Undirected,0.25,0.25
CopiousCool,Sea_Banana882,Undirected,0.6666666666666666,0.6666666666666666
CopiousCool,CatacaX,Undirected,0.3333333333333333,0.3333333333333333
CopiousCool,TonkaMaze,Undirected,0.3333333333333333,0.3333333333333333
CopiousCool,m7mdhassballa,Undirected,0.3333333333333333,0.3333333333333333
CopiousCool,J3ssM,Undirected,0.3333333333333333,0.3333333333333333
CopiousCool,Early_Bad_,Undirected,0.3333333333333333,0.3333333333333333
CopiousCool,Fantastic_Bag1560,Undirected,0.3333333333333333,0.3333333333333333
CopiousCool,abenites99,Undirected,0.3333333333333333,0.3333333333333333
CopiousCool,Zealousideal-Item607,Undirected,0.25,0.25
CopiousCool,NewPatron-St,Undirected,0.3333333333333333,0.3333333333333333
CopiousCool,ChangePrestigious702,Undirected,0.3333333333333333,0.3333333333333333
CopiousCool,Moth_Man_68,Undirected,0.3333333333333333,0.3333333333333333
CopiousCool,No_Snow2245,Undirected,0.3333333333333333,0.3333333333333333
CopiousCool,Perfect-Parking1536,Undirected,0.3333333333333333,0.3333333333333333
CopiousCool,HuckleberryFuzzy918,Undirected,0.3333333333333333,0.3333333333333333
CopiousCool,ResolutionDull5054,Undirected,0.3333333333333333,0.3333333333333333
CopiousCool,Ok_Strawberry_2143,Undirected,0.25,0.25
CopiousCool,Ok_Somewhere9687,Undirected,0.3333333333333333,0.3333333333333333
CopiousCool,VanillaAdventurous74,Undirected,0.3333333333333333,0.3333333333333333
CopiousCool,TheAlphaKiller17,Undirected,0.3333333333333333,0.3333333333333333
CopiousCool,CrossingVoid,Undirected,0.3333333333333333,0.3333333333333333
CopiousCool,venrir,Undirected,0.3333333333333333,0.3333333333333333
CopiousCool,Icy_Giraffe3903,Undirected,0.3333333333333333,0.3333333333333333
CopiousCool,doctormelody18,Undirected,0.3333333333333333,0.3333333333333333
CopiousCool,No_Degree3814,Undirected,0.3333333333333333,0.3333333333333333
butterflyfrenchfry,Effective_Nothing519,Undirected,1.0,1.0
butterflyfrenchfry,Kekeegan,Undirected,1.0,1.0
butterflyfrenchfry,aym0_0n,Undirected,1.0,1.0
butterflyfrenchfry,Beneficial-Network91,Undirected,0.5,0.5
butterflyfrenchfry,tyuptyupolpolp,Undirected,0.5,0.5
butterflyfrenchfry,Hopeful_Worth315,Undirected,1.0,1.0
butterflyfrenchfry,palilibre,Undirected,0.5,0.5
butterflyfrenchfry,VISlONSOFALIFE,Undirected,1.0,1.0
butterflyfrenchfry,Sp1dderxyz,Undirected,1.0,1.0
butterflyfrenchfry,cats_and_coffee15,Undirected,1.0,1.0
butterflyfrenchfry,Ambitious-Narwhal158,Undirected,0.5,0.5
butterflyfrenchfry,peachemistry,Undirected,1.0,1.0
butterflyfrenchfry,thatsjustarandomname,Undirected,1.0,1.0
butterflyfrenchfry,Akram-Brahimi,Undirected,0.5,0.5
butterflyfrenchfry,Sea_Banana882,Undirected,0.5,0.5
butterflyfrenchfry,m7mdhassballa,Undirected,1.0,1.0
butterflyfrenchfry,Fantastic_Bag1560,Undirected,1.0,1.0
butterflyfrenchfry,HuckleberryFuzzy918,Undirected,1.0,1.0
butterflyfrenchfry,ResolutionDull5054,Undirected,1.0,1.0
butterflyfrenchfry,VanillaAdventurous74,Undirected,1.0,1.0
butterflyfrenchfry,TheAlphaKiller17,Undirected,1.0,1.0
butterflyfrenchfry,doctormelody18,Undirected,1.0,1.0
Psychological-Gear78,Amoonthedollygirl,Undirected,1.0,1.0
Psychological-Gear78,SamZ025,Undirected,1.0,1.0
Psychological-Gear78,ResearchWorking3402,Undirected,1.0,1.0
Psychological-Gear78,Zealousideal-Item607,Undirected,0.5,0.5
Psychological-Gear78,guibidesc,Undirected,1.0,1.0
littleeeloveee,CryingInTheGrass,Undirected,1.0,1.0
littleeeloveee,tyuptyupolpolp,Undirected,0.5,0.5
littleeeloveee,walkyslaysh,Undirected,1.0,1.0
littleeeloveee,hanandmeow,Undirected,1.0,1.0
littleeeloveee,KrackalackinKraken,Undirected,1.0,1.0
littleeeloveee,SystemNo524,Undirected,1.0,1.0
littleeeloveee,Altruistic-Look6136,Undirected,1.0,1.0
littleeeloveee,Accomplished-Low9635,Undirected,1.0,1.0
littleeeloveee,Forward-Molasses4404,Undirected,1.0,1.0
littleeeloveee,Ok_Strawberry_2143,Undirected,0.5,0.5
littleeeloveee,Ur_Shado,Undirected,1.0,1.0
Effective_Nothing519,Kekeegan,Undirected,1.0,1.0
Effective_Nothing519,aym0_0n,Undirected,1.0,1.0
Effective_Nothing519,Beneficial-Network91,Undirected,0.5,0.5
Effective_Nothing519,tyuptyupolpolp,Undirected,0.5,0.5
Effective_Nothing519,Hopeful_Worth315,Undirected,1.0,1.0
Effective_Nothing519,palilibre,Undirected,0.5,0.5
Effective_Nothing519,VISlONSOFALIFE,Undirected,1.0,1.0
Effective_Nothing519,Sp1dderxyz,Undirected,1.0,1.0
Effective_Nothing519,cats_and_coffee15,Undirected,1.0,1.0
Effective_Nothing519,Ambitious-Narwhal158,Undirected,0.5,0.5
Effective_Nothing519,peachemistry,Undirected,1.0,1.0
Effective_Nothing519,thatsjustarandomname,Undirected,1.0,1.0
Effective_Nothing519,Akram-Brahimi,Undirected,0.5,0.5
Effective_Nothing519,Sea_Banana882,Undirected,0.5,0.5
Effective_Nothing519,m7mdhassballa,Undirected,1.0,1.0
Effective_Nothing519,Fantastic_Bag1560,Undirected,1.0,1.0
Effective_Nothing519,HuckleberryFuzzy918,Undirected,1.0,1.0
Effective_Nothing519,ResolutionDull5054,Undirected,1.0,1.0
Effective_Nothing519,VanillaAdventurous74,Undirected,1.0,1.0
Effective_Nothing519,TheAlphaKiller17,Undirected,1.0,1.0
Effective_Nothing519,doctormelody18,Undirected,1.0,1.0
CryingInTheGrass,tyuptyupolpolp,Undirected,0.5,0.5
CryingInTheGrass,walkyslaysh,Undirected,1.0,1.0
CryingInTheGrass,hanandmeow,Undirected,1.0,1.0
CryingInTheGrass,KrackalackinKraken,Undirected,1.0,1.0
CryingInTheGrass,SystemNo524,Undirected,1.0,1.0
CryingInTheGrass,Altruistic-Look6136,Undirected,1.0,1.0
CryingInTheGrass,Accomplished-Low9635,Undirected,1.0,1.0
CryingInTheGrass,Forward-Molasses4404,Undirected,1.0,1.0
CryingInTheGrass,Ok_Strawberry_2143,Undirected,0.5,0.5
CryingInTheGrass,Ur_Shado,Undirected,1.0,1.0
Kekeegan,aym0_0n,Undirected,1.0,1.0
Kekeegan,Beneficial-Network91,Undirected,0.5,0.5
Kekeegan,tyuptyupolpolp,Undirected,0.5,0.5
Kekeegan,Hopeful_Worth315,Undirected,1.0,1.0
Kekeegan,palilibre,Undirected,0.5,0.5
Kekeegan,VISlONSOFALIFE,Undirected,1.0,1.0
Kekeegan,Sp1dderxyz,Undirected,1.0,1.0
Kekeegan,cats_and_coffee15,Undirected,1.0,1.0
Kekeegan,Ambitious-Narwhal158,Undirected,0.5,0.5
Kekeegan,peachemistry,Undirected,1.0,1.0
Kekeegan,thatsjustarandomname,Undirected,1.0,1.0
Kekeegan,Akram-Brahimi,Undirected,0.5,0.5
Kekeegan,Sea_Banana882,Undirected,0.5,0.5
Kekeegan,m7mdhassballa,Undirected,1.0,1.0
Kekeegan,Fantastic_Bag1560,Undirected,1.0,1.0
Kekeegan,HuckleberryFuzzy918,Undirected,1.0,1.0
Kekeegan,ResolutionDull5054,Undirected,1.0,1.0
Kekeegan,VanillaAdventurous74,Undirected,1.0,1.0
Kekeegan,TheAlphaKiller17,Undirected,1.0,1.0
Kekeegan,doctormelody18,Undirected,1.0,1.0
Rich_Ask3503,Akram-Brahimi,Undirected,0.5,0.5
Rich_Ask3503,secret-agent-zero,Undirected,1.0,1.0
aym0_0n,Beneficial-Network91,Undirected,0.5,0.5
aym0_0n,tyuptyupolpolp,Undirected,0.5,0.5
aym0_0n,Hopeful_Worth315,Undirected,1.0,1.0
aym0_0n,palilibre,Undirected,0.5,0.5
aym0_0n,VISlONSOFALIFE,Undirected,1.0,1.0
aym0_0n,Sp1dderxyz,Undirected,1.0,1.0
aym0_0n,cats_and_coffee15,Undirected,1.0,1.0
aym0_0n,Ambitious-Narwhal158,Undirected,0.5,0.5
aym0_0n,peachemistry,Undirected,1.0,1.0
aym0_0n,thatsjustarandomname,Undirected,1.0,1.0
aym0_0n,Akram-Brahimi,Undirected,0.5,0.5
aym0_0n,Sea_Banana882,Undirected,0.5,0.5
aym0_0n,m7mdhassballa,Undirected,1.0,1.0
aym0_0n,Fantastic_Bag1560,Undirected,1.0,1.0
aym0_0n,HuckleberryFuzzy918,Undirected,1.0,1.0
aym0_0n,ResolutionDull5054,Undirected,1.0,1.0
aym0_0n,VanillaAdventurous74,Undirected,1.0,1.0
aym0_0n,TheAlphaKiller17,Undirected,1.0,1.0
aym0_0n,doctormelody18,Undirected,1.0,1.0
Beneficial-Network91,tyuptyupolpolp,Undirected,0.3333333333333333,0.3333333333333333
Beneficial-Network91,Hopeful_Worth315,Undirected,0.5,0.5
Beneficial-Network91,palilibre,Undirected,0.3333333333333333,0.3333333333333333
Beneficial-Network91,VISlONSOFALIFE,Undirected,0.5,0.5
Beneficial-Network91,Wolf4612,Undirected,0.3333333333333333,0.3333333333333333
Beneficial-Network91,Sp1dderxyz,Undirected,0.5,0.5
Beneficial-Network91,cats_and_coffee15,Undirected,0.5,0.5
Beneficial-Network91,Ambitious-Narwhal158,Undirected,0.3333333333333333,0.3333333333333333
Beneficial-Network91,peachemistry,Undirected,0.5,0.5
Beneficial-Network91,thatsjustarandomname,Undirected,0.5,0.5
Beneficial-Network91,Fit_Fisherman_3317,Undirected,0.5,0.5
Beneficial-Network91,OkShelter6459,Undirected,0.5,0.5
Beneficial-Network91,Akram-Brahimi,Undirected,0.3333333333333333,0.3333333333333333
Beneficial-Network91,Sea_Banana882,Undirected,0.3333333333333333,0.3333333333333333
Beneficial-Network91,m7mdhassballa,Undirected,0.5,0.5
Beneficial-Network91,Fantastic_Bag1560,Undirected,0.5,0.5
Beneficial-Network91,HuckleberryFuzzy918,Undirected,0.5,0.5
Beneficial-Network91,ResolutionDull5054,Undirected,0.5,0.5
Beneficial-Network91,VanillaAdventurous74,Undirected,0.5,0.5
Beneficial-Network91,TheAlphaKiller17,Undirected,0.5,0.5
Beneficial-Network91,doctormelody18,Undirected,0.5,0.5
Squidieyy,palilibre,Undirected,0.5,0.5
Squidieyy,Responsible-Term4482,Undirected,1.0,1.0
Squidieyy,Unfair_Enthusiasm696,Undirected,1.0,1.0
Squidieyy,Ok-Bicycle-12345,Undirected,1.0,1.0
Squidieyy,ComfortableJello508,Undirected,1.0,1.0
Squidieyy,FlabbyShabby,Undirected,1.0,1.0
Squidieyy,Justarandomguy-fuck,Undirected,1.0,1.0
Squidieyy,Late-Test2209,Undirected,1.0,1.0
Squidieyy,ElectricalChance3664,Undirected,0.3333333333333333,0.3333333333333333
Squidieyy,MrLabbrow,Undirected,1.0,1.0
Squidieyy,Sea_Banana882,Undirected,0.5,0.5
Squidieyy,CatacaX,Undirected,1.0,1.0
Squidieyy,TonkaMaze,Undirected,1.0,1.0
Squidieyy,J3ssM,Undirected,1.0,1.0
Squidieyy,Early_Bad_,Undirected,1.0,1.0
Squidieyy,abenites99,Undirected,1.0,1.0
Squidieyy,Zealousideal-Item607,Undirected,0.5,0.5
Squidieyy,NewPatron-St,Undirected,1.0,1.0
Squidieyy,ChangePrestigious702,Undirected,1.0,1.0
Squidieyy,Moth_Man_68,Undirected,1.0,1.0
Squidieyy,No_Snow2245,Undirected,1.0,1.0
Squidieyy,Perfect-Parking1536,Undirected,1.0,1.0
Squidieyy,Ok_Somewhere9687,Undirected,1.0,1.0
Squidieyy,CrossingVoid,Undirected,1.0,1.0
Squidieyy,Icy_Giraffe3903,Undirected,1.0,1.0
Squidieyy,No_Degree3814,Undirected,1.0,1.0
tyuptyupolpolp,Hopeful_Worth315,Undirected,0.5,0.5
tyuptyupolpolp,palilibre,Undirected,0.3333333333333333,0.3333333333333333
tyuptyupolpolp,VISlONSOFALIFE,Undirected,0.5,0.5
tyuptyupolpolp,Sp1dderxyz,Undirected,0.5,0.5
tyuptyupolpolp,cats_and_coffee15,Undirected,0.5,0.5
tyuptyupolpolp,walkyslaysh,Undirected,0.5,0.5
tyuptyupolpolp,hanandmeow,Undirected,0.5,0.5
tyuptyupolpolp,Ambitious-Narwhal158,Undirected,0.3333333333333333,0.3333333333333333
tyuptyupolpolp,peachemistry,Undirected,0.5,0.5
tyuptyupolpolp,KrackalackinKraken,Undirected,0.5,0.5
tyuptyupolpolp,SystemNo524,Undirected,0.5,0.5
tyuptyupolpolp,thatsjustarandomname,Undirected,0.5,0.5
tyuptyupolpolp,Akram-Brahimi,Undirected,0.3333333333333333,0.3333333333333333
tyuptyupolpolp,Sea_Banana882,Undirected,0.3333333333333333,0.3333333333333333
tyuptyupolpolp,Altruistic-Look6136,Undirected,0.5,0.5
tyuptyupolpolp,m7mdhassballa,Undirected,0.5,0.5
tyuptyupolpolp,Accomplished-Low9635,Undirected,0.5,0.5
tyuptyupolpolp,Fantastic_Bag1560,Undirected,0.5,0.5
tyuptyupolpolp,Forward-Molasses4404,Undirected,0.5,0.5
tyuptyupolpolp,HuckleberryFuzzy918,Undirected,0.5,0.5
tyuptyupolpolp,ResolutionDull5054,Undirected,0.5,0.5
tyuptyupolpolp,Ok_Strawberry_2143,Undirected,0.3333333333333333,0.3333333333333333
tyuptyupolpolp,Ur_Shado,Undirected,0.5,0.5
tyuptyupolpolp,VanillaAdventurous74,Undirected,0.5,0.5
tyuptyupolpolp,TheAlphaKiller17,Undirected,0.5,0.5
tyuptyupolpolp,doctormelody18,Undirected,0.5,0.5
Hopeful_Worth315,palilibre,Undirected,0.5,0.5
Hopeful_Worth315,VISlONSOFALIFE,Undirected,1.0,1.0
Hopeful_Worth315,Sp1dderxyz,Undirected,1.0,1.0
Hopeful_Worth315,cats_and_coffee15,Undirected,1.0,1.0
Hopeful_Worth315,Ambitious-Narwhal158,Undirected,0.5,0.5
Hopeful_Worth315,peachemistry,Undirected,1.0,1.0
Hopeful_Worth315,thatsjustarandomname,Undirected,1.0,1.0
Hopeful_Worth315,Akram-Brahimi,Undirected,0.5,0.5
Hopeful_Worth315,Sea_Banana882,Undirected,0.5,0.5
Hopeful_Worth315,m7mdhassballa,Undirected,1.0,1.0
Hopeful_Worth315,Fantastic_Bag1560,Undirected,1.0,1.0
Hopeful_Worth315,HuckleberryFuzzy918,Undirected,1.0,1.0
Hopeful_Worth315,ResolutionDull5054,Undirected,1.0,1.0
Hopeful_Worth315,VanillaAdventurous74,Undirected,1.0,1.0
Hopeful_Worth315,TheAlphaKiller17,Undirected,1.0,1.0
Hopeful_Worth315,doctormelody18,Undirected,1.0,1.0
palilibre,VISlONSOFALIFE,Undirected,0.5,0.5
palilibre,Sp1dderxyz,Undirected,0.5,0.5
palilibre,Responsible-Term4482,Undirected,0.5,0.5
palilibre,cats_and_coffee15,Undirected,0.5,0.5
palilibre,Ambitious-Narwhal158,Undirected,0.3333333333333333,0.3333333333333333
palilibre,Unfair_Enthusiasm696,Undirected,0.5,0.5
palilibre,peachemistry,Undirected,0.5,0.5
palilibre,Ok-Bicycle-12345,Undirected,0.5,0.5
palilibre,ComfortableJello508,Undirected,0.5,0.5
palilibre,FlabbyShabby,Undirected,0.5,0.5
palilibre,Justarandomguy-fuck,Undirected,0.5,0.5
palilibre,thatsjustarandomname,Undirected,0.5,0.5
palilibre,Late-Test2209,Undirected,0.5,0.5
palilibre,ElectricalChance3664,Undirected,0.25,0.25
palilibre,MrLabbrow,Undirected,0.5,0.5
palilibre,Akram-Brahimi,Undirected,0.3333333333333333,0.3333333333333333
palilibre,Sea_Banana882,Undirected,1.0,1.0
palilibre,CatacaX,Undirected,0.5,0.5
palilibre,TonkaMaze,Undirected,0.5,0.5
palilibre,m7mdhassballa,Undirected,0.5,0.5
palilibre,J3ssM,Undirected,0.5,0.5
palilibre,Early_Bad_,Undirected,0.5,0.5
palilibre,Fantastic_Bag1560,Undirected,0.5,0.5
palilibre,abenites99,Undirected,0.5,0.5
palilibre,Zealousideal-Item607,Undirected,0.3333333333333333,0.3333333333333333
palilibre,NewPatron-St,Undirected,0.5,0.5
palilibre,ChangePrestigious702,Undirected,0.5,0.5
palilibre,Moth_Man_68,Undirected,0.5,0.5
palilibre,No_Snow2245,Undirected,0.5,0.5
palilibre,Perfect-Parking1536,Undirected,0.5,0.5
palilibre,HuckleberryFuzzy918,Undirected,0.5,0.5
palilibre,ResolutionDull5054,Undirected,0.5,0.5
palilibre,Ok_Somewhere9687,Undirected,0.5,0.5
palilibre,VanillaAdventurous74,Undirected,0.5,0.5
palilibre,TheAlphaKiller17,Undirected,0.5,0.5
palilibre,CrossingVoid,Undirected,0.5,0.5
palilibre,Icy_Giraffe3903,Undirected,0.5,0.5
palilibre,doctormelody18,Undirected,0.5,0.5
palilibre,No_Degree3814,Undirected,0.5,0.5
VISlONSOFALIFE,Sp1dderxyz,Undirected,1.0,1.0
VISlONSOFALIFE,cats_and_coffee15,Undirected,1.0,1.0
VISlONSOFALIFE,Ambitious-Narwhal158,Undirected,0.5,0.5
VISlONSOFALIFE,peachemistry,Undirected,1.0,1.0
VISlONSOFALIFE,thatsjustarandomname,Undirected,1.0,1.0
VISlONSOFALIFE,Akram-Brahimi,Undirected,0.5,0.5
VISlONSOFALIFE,Sea_Banana882,Undirected,0.5,0.5
VISlONSOFALIFE,m7mdhassballa,Undirected,1.0,1.0
VISlONSOFALIFE,Fantastic_Bag1560,Undirected,1.0,1.0
VISlONSOFALIFE,HuckleberryFuzzy918,Undirected,1.0,1.0
VISlONSOFALIFE,ResolutionDull5054,Undirected,1.0,1.0
VISlONSOFALIFE,VanillaAdventurous74,Undirected,1.0,1.0
VISlONSOFALIFE,TheAlphaKiller17,Undirected,1.0,1.0
VISlONSOFALIFE,doctormelody18,Undirected,1.0,1.0
Wolf4612,Fit_Fisherman_3317,Undirected,0.5,0.5
Wolf4612,ElectricalChance3664,Undirected,0.25,0.25
Wolf4612,OkShelter6459,Undirected,0.5,0.5
Wolf4612,Ok_Strawberry_2143,Undirected,0.3333333333333333,0.3333333333333333
Wolf4612,venrir,Undirected,0.5,0.5
Sp1dderxyz,cats_and_coffee15,Undirected,1.0,1.0
Sp1dderxyz,Ambitious-Narwhal158,Undirected,0.5,0.5
Sp1dderxyz,peachemistry,Undirected,1.0,1.0
Sp1dderxyz,thatsjustarandomname,Undirected,1.0,1.0
Sp1dderxyz,Akram-Brahimi,Undirected,0.5,0.5
Sp1dderxyz,Sea_Banana882,Undirected,0.5,0.5
Sp1dderxyz,m7mdhassballa,Undirected,1.0,1.0
Sp1dderxyz,Fantastic_Bag1560,Undirected,1.0,1.0
Sp1dderxyz,HuckleberryFuzzy918,Undirected,1.0,1.0
Sp1dderxyz,ResolutionDull5054,Undirected,1.0,1.0
Sp1dderxyz,VanillaAdventurous74,Undirected,1.0,1.0
Sp1dderxyz,TheAlphaKiller17,Undirected,1.0,1.0
Sp1dderxyz,doctormelody18,Undirected,1.0,1.0
Responsible-Term4482,Unfair_Enthusiasm696,Undirected,1.0,1.0
Responsible-Term4482,Ok-Bicycle-12345,Undirected,1.0,1.0
Responsible-Term4482,ComfortableJello508,Undirected,1.0,1.0
Responsible-Term4482,FlabbyShabby,Undirected,1.0,1.0
Responsible-Term4482,Justarandomguy-fuck,Undirected,1.0,1.0
Responsible-Term4482,Late-Test2209,Undirected,1.0,1.0
Responsible-Term4482,ElectricalChance3664,Undirected,0.3333333333333333,0.3333333333333333
Responsible-Term4482,MrLabbrow,Undirected,1.0,1.0
Responsible-Term4482,Sea_Banana882,Undirected,0.5,0.5
Responsible-Term4482,CatacaX,Undirected,1.0,1.0
Responsible-Term4482,TonkaMaze,Undirected,1.0,1.0
Responsible-Term4482,J3ssM,Undirected,1.0,1.0
Responsible-Term4482,Early_Bad_,Undirected,1.0,1.0
Responsible-Term4482,abenites99,Undirected,1.0,1.0
Responsible-Term4482,Zealousideal-Item607,Undirected,0.5,0.5
Responsible-Term4482,NewPatron-St,Undirected,1.0,1.0
Responsible-Term4482,ChangePrestigious702,Undirected,1.0,1.0
Responsible-Term4482,Moth_Man_68,Undirected,1.0,1.0
Responsible-Term4482,No_Snow2245,Undirected,1.0,1.0
Responsible-Term4482,Perfect-Parking1536,Undirected,1.0,1.0
Responsible-Term4482,Ok_Somewhere9687,Undirected,1.0,1.0
Responsible-Term4482,CrossingVoid,Undirected,1.0,1.0
Responsible-Term4482,Icy_Giraffe3903,Undirected,1.0,1.0
Responsible-Term4482,No_Degree3814,Undirected,1.0,1.0
SylviaPlathsDaughter,_maeverie,Undirected,1.0,1.0
SylviaPlathsDaughter,ElectricalChance3664,Undirected,0.3333333333333333,0.3333333333333333
SylviaPlathsDaughter,nesmacon,Undirected,1.0,1.0
SylviaPlathsDaughter,Farley_B,Undirected,1.0,1.0
SylviaPlathsDaughter,DragonflyNo19,Undirected,1.0,1.0
comrade-sunflower,Ambitious-Narwhal158,Undirected,0.5,0.5
comrade-sunflower,GermanLetsKotz,Undirected,1.0,1.0
comrade-sunflower,tallbigbear,Undirected,1.0,1.0
cats_and_coffee15,Ambitious-Narwhal158,Undirected,0.5,0.5
cats_and_coffee15,peachemistry,Undirected,1.0,1.0
cats_and_coffee15,thatsjustarandomname,Undirected,1.0,1.0
cats_and_coffee15,Akram-Brahimi,Undirected,0.5,0.5
cats_and_coffee15,Sea_Banana882,Undirected,0.5,0.5
cats_and_coffee15,m7mdhassballa,Undirected,1.0,1.0
cats_and_coffee15,Fantastic_Bag1560,Undirected,1.0,1.0
cats_and_coffee15,HuckleberryFuzzy918,Undirected,1.0,1.0
cats_and_coffee15,ResolutionDull5054,Undirected,1.0,1.0
cats_and_coffee15,VanillaAdventurous74,Undirected,1.0,1.0
cats_and_coffee15,TheAlphaKiller17,Undirected,1.0,1.0
cats_and_coffee15,doctormelody18,Undirected,1.0,1.0
walkyslaysh,hanandmeow,Undirected,1.0,1.0
walkyslaysh,KrackalackinKraken,Undirected,1.0,1.0
walkyslaysh,SystemNo524,Undirected,1.0,1.0
walkyslaysh,Altruistic-Look6136,Undirected,1.0,1.0
walkyslaysh,Accomplished-Low9635,Undirected,1.0,1.0
walkyslaysh,Forward-Molasses4404,Undirected,1.0,1.0
walkyslaysh,Ok_Strawberry_2143,Undirected,0.5,0.5
walkyslaysh,Ur_Shado,Undirected,1.0,1.0
hanandmeow,KrackalackinKraken,Undirected,1.0,1.0
hanandmeow,SystemNo524,Undirected,1.0,1.0
hanandmeow,Altruistic-Look6136,Undirected,1.0,1.0
hanandmeow,Accomplished-Low9635,Undirected,1.0,1.0
hanandmeow,Forward-Molasses4404,Undirected,1.0,1.0
hanandmeow,Ok_Strawberry_2143,Undirected,0.5,0.5
hanandmeow,Ur_Shado,Undirected,1.0,1.0
Amoonthedollygirl,SamZ025,Undirected,1.0,1.0
Amoonthedollygirl,ResearchWorking3402,Undirected,1.0,1.0
Amoonthedollygirl,Zealousideal-Item607,Undirected,0.5,0.5
Amoonthedollygirl,guibidesc,Undirected,1.0,1.0
Ambitious-Narwhal158,peachemistry,Undirected,0.5,0.5
Ambitious-Narwhal158,GermanLetsKotz,Undirected,0.5,0.5
Ambitious-Narwhal158,thatsjustarandomname,Undirected,0.5,0.5
Ambitious-Narwhal158,Akram-Brahimi,Undirected,0.3333333333333333,0.3333333333333333
Ambitious-Narwhal158,Sea_Banana882,Undirected,0.3333333333333333,0.3333333333333333
Ambitious-Narwhal158,m7mdhassballa,Undirected,0.5,0.5
Ambitious-Narwhal158,Fantastic_Bag1560,Undirected,0.5,0.5
Ambitious-Narwhal158,HuckleberryFuzzy918,Undirected,0.5,0.5
Ambitious-Narwhal158,ResolutionDull5054,Undirected,0.5,0.5
Ambitious-Narwhal158,VanillaAdventurous74,Undirected,0.5,0.5
Ambitious-Narwhal158,TheAlphaKiller17,Undirected,0.5,0.5
Ambitious-Narwhal158,tallbigbear,Undirected,0.5,0.5
Ambitious-Narwhal158,doctormelody18,Undirected,0.5,0.5
SamZ025,ResearchWorking3402,Undirected,1.0,1.0
SamZ025,Zealousideal-Item607,Undirected,0.5,0.5
SamZ025,guibidesc,Undirected,1.0,1.0
Unfair_Enthusiasm696,Ok-Bicycle-12345,Undirected,1.0,1.0
Unfair_Enthusiasm696,ComfortableJello508,Undirected,1.0,1.0
Unfair_Enthusiasm696,FlabbyShabby,Undirected,1.0,1.0
Unfair_Enthusiasm696,Justarandomguy-fuck,Undirected,1.0,1.0
Unfair_Enthusiasm696,Late-Test2209,Undirected,1.0,1.0
Unfair_Enthusiasm696,ElectricalChance3664,Undirected,0.3333333333333333,0.3333333333333333
Unfair_Enthusiasm696,MrLabbrow,Undirected,1.0,1.0
Unfair_Enthusiasm696,Sea_Banana882,Undirected,0.5,0.5
Unfair_Enthusiasm696,CatacaX,Undirected,1.0,1.0
Unfair_Enthusiasm696,TonkaMaze,Undirected,1.0,1.0
Unfair_Enthusiasm696,J3ssM,Undirected,1.0,1.0
Unfair_Enthusiasm696,Early_Bad_,Undirected,1.0,1.0
Unfair_Enthusiasm696,abenites99,Undirected,1.0,1.0
Unfair_Enthusiasm696,Zealousideal-Item607,Undirected,0.5,0.5
Unfair_Enthusiasm696,NewPatron-St,Undirected,1.0,1.0
Unfair_Enthusiasm696,ChangePrestigious702,Undirected,1.0,1.0
Unfair_Enthusiasm696,Moth_Man_68,Undirected,1.0,1.0
Unfair_Enthusiasm696,No_Snow2245,Undirected,1.0,1.0
Unfair_Enthusiasm696,Perfect-Parking1536,Undirected,1.0,1.0
Unfair_Enthusiasm696,Ok_Somewhere9687,Undirected,1.0,1.0
Unfair_Enthusiasm696,CrossingVoid,Undirected,1.0,1.0
Unfair_Enthusiasm696,Icy_Giraffe3903,Undirected,1.0,1.0
Unfair_Enthusiasm696,No_Degree3814,Undirected,1.0,1.0
peachemistry,thatsjustarandomname,Undirected,1.0,1.0
peachemistry,Akram-Brahimi,Undirected,0.5,0.5
peachemistry,Sea_Banana882,Undirected,0.5,0.5
peachemistry,m7mdhassballa,Undirected,1.0,1.0
peachemistry,Fantastic_Bag1560,Undirected,1.0,1.0
peachemistry,HuckleberryFuzzy918,Undirected,1.0,1.0
peachemistry,ResolutionDull5054,Undirected,1.0,1.0
peachemistry,VanillaAdventurous74,Undirected,1.0,1.0
peachemistry,TheAlphaKiller17,Undirected,1.0,1.0
peachemistry,doctormelody18,Undirected,1.0,1.0
Ok-Bicycle-12345,ComfortableJello508,Undirected,1.0,1.0
Ok-Bicycle-12345,FlabbyShabby,Undirected,1.0,1.0
Ok-Bicycle-12345,Justarandomguy-fuck,Undirected,1.0,1.0
Ok-Bicycle-12345,Late-Test2209,Undirected,1.0,1.0
Ok-Bicycle-12345,ElectricalChance3664,Undirected,0.3333333333333333,0.3333333333333333
Ok-Bicycle-12345,MrLabbrow,Undirected,1.0,1.0
Ok-Bicycle-12345,Sea_Banana882,Undirected,0.5,0.5
Ok-Bicycle-12345,CatacaX,Undirected,1.0,1.0
Ok-Bicycle-12345,TonkaMaze,Undirected,1.0,1.0
Ok-Bicycle-12345,J3ssM,Undirected,1.0,1.0
Ok-Bicycle-12345,Early_Bad_,Undirected,1.0,1.0
Ok-Bicycle-12345,abenites99,Undirected,1.0,1.0
Ok-Bicycle-12345,Zealousideal-Item607,Undirected,0.5,0.5
Ok-Bicycle-12345,NewPatron-St,Undirected,1.0,1.0
Ok-Bicycle-12345,ChangePrestigious702,Undirected,1.0,1.0
Ok-Bicycle-12345,Moth_Man_68,Undirected,1.0,1.0
Ok-Bicycle-12345,No_Snow2245,Undirected,1.0,1.0
Ok-Bicycle-12345,Perfect-Parking1536,Undirected,1.0,1.0
Ok-Bicycle-12345,Ok_Somewhere9687,Undirected,1.0,1.0
Ok-Bicycle-12345,CrossingVoid,Undirected,1.0,1.0
Ok-Bicycle-12345,Icy_Giraffe3903,Undirected,1.0,1.0
Ok-Bicycle-12345,No_Degree3814,Undirected,1.0,1.0
ComfortableJello508,FlabbyShabby,Undirected,1.0,1.0
ComfortableJello508,Justarandomguy-fuck,Undirected,1.0,1.0
ComfortableJello508,Late-Test2209,Undirected,1.0,1.0
ComfortableJello508,ElectricalChance3664,Undirected,0.3333333333333333,0.3333333333333333
ComfortableJello508,MrLabbrow,Undirected,1.0,1.0
ComfortableJello508,Sea_Banana882,Undirected,0.5,0.5
ComfortableJello508,CatacaX,Undirected,1.0,1.0
ComfortableJello508,TonkaMaze,Undirected,1.0,1.0
ComfortableJello508,J3ssM,Undirected,1.0,1.0
ComfortableJello508,Early_Bad_,Undirected,1.0,1.0
ComfortableJello508,abenites99,Undirected,1.0,1.0
ComfortableJello508,Zealousideal-Item607,Undirected,0.5,0.5
ComfortableJello508,NewPatron-St,Undirected,1.0,1.0
ComfortableJello508,ChangePrestigious702,Undirected,1.0,1.0
ComfortableJello508,Moth_Man_68,Undirected,1.0,1.0
ComfortableJello508,No_Snow2245,Undirected,1.0,1.0
ComfortableJello508,Perfect-Parking1536,Undirected,1.0,1.0
ComfortableJello508,Ok_Somewhere9687,Undirected,1.0,1.0
ComfortableJello508,CrossingVoid,Undirected,1.0,1.0
ComfortableJello508,Icy_Giraffe3903,Undirected,1.0,1.0
ComfortableJello508,No_Degree3814,Undirected,1.0,1.0
GermanLetsKotz,tallbigbear,Undirected,1.0,1.0
KrackalackinKraken,SystemNo524,Undirected,1.0,1.0
KrackalackinKraken,Altruistic-Look6136,Undirected,1.0,1.0
KrackalackinKraken,Accomplished-Low9635,Undirected,1.0,1.0
KrackalackinKraken,Forward-Molasses4404,Undirected,1.0,1.0
KrackalackinKraken,Ok_Strawberry_2143,Undirected,0.5,0.5
KrackalackinKraken,Ur_Shado,Undirected,1.0,1.0
SystemNo524,Altruistic-Look6136,Undirected,1.0,1.0
SystemNo524,Accomplished-Low9635,Undirected,1.0,1.0
SystemNo524,Forward-Molasses4404,Undirected,1.0,1.0
SystemNo524,Ok_Strawberry_2143,Undirected,0.5,0.5
SystemNo524,Ur_Shado,Undirected,1.0,1.0
FlabbyShabby,Justarandomguy-fuck,Undirected,1.0,1.0
FlabbyShabby,Late-Test2209,Undirected,1.0,1.0
FlabbyShabby,ElectricalChance3664,Undirected,0.3333333333333333,0.3333333333333333
FlabbyShabby,MrLabbrow,Undirected,1.0,1.0
FlabbyShabby,Sea_Banana882,Undirected,0.5,0.5
FlabbyShabby,CatacaX,Undirected,1.0,1.0
FlabbyShabby,TonkaMaze,Undirected,1.0,1.0
FlabbyShabby,J3ssM,Undirected,1.0,1.0
FlabbyShabby,Early_Bad_,Undirected,1.0,1.0
FlabbyShabby,abenites99,Undirected,1.0,1.0
FlabbyShabby,Zealousideal-Item607,Undirected,0.5,0.5
FlabbyShabby,NewPatron-St,Undirected,1.0,1.0
FlabbyShabby,ChangePrestigious702,Undirected,1.0,1.0
FlabbyShabby,Moth_Man_68,Undirected,1.0,1.0
FlabbyShabby,No_Snow2245,Undirected,1.0,1.0
FlabbyShabby,Perfect-Parking1536,Undirected,1.0,1.0
FlabbyShabby,Ok_Somewhere9687,Undirected,1.0,1.0
FlabbyShabby,CrossingVoid,Undirected,1.0,1.0
FlabbyShabby,Icy_Giraffe3903,Undirected,1.0,1.0
FlabbyShabby,No_Degree3814,Undirected,1.0,1.0
Justarandomguy-fuck,Late-Test2209,Undirected,1.0,1.0
Justarandomguy-fuck,ElectricalChance3664,Undirected,0.3333333333333333,0.3333333333333333
Justarandomguy-fuck,MrLabbrow,Undirected,1.0,1.0
Justarandomguy-fuck,Sea_Banana882,Undirected,0.5,0.5
Justarandomguy-fuck,CatacaX,Undirected,1.0,1.0
Justarandomguy-fuck,TonkaMaze,Undirected,1.0,1.0
Justarandomguy-fuck,J3ssM,Undirected,1.0,1.0
Justarandomguy-fuck,Early_Bad_,Undirected,1.0,1.0
Justarandomguy-fuck,abenites99,Undirected,1.0,1.0
Justarandomguy-fuck,Zealousideal-Item607,Undirected,0.5,0.5
Justarandomguy-fuck,NewPatron-St,Undirected,1.0,1.0
Justarandomguy-fuck,ChangePrestigious702,Undirected,1.0,1.0
Justarandomguy-fuck,Moth_Man_68,Undirected,1.0,1.0
Justarandomguy-fuck,No_Snow2245,Undirected,1.0,1.0
Justarandomguy-fuck,Perfect-Parking1536,Undirected,1.0,1.0
Justarandomguy-fuck,Ok_Somewhere9687,Undirected,1.0,1.0
Justarandomguy-fuck,CrossingVoid,Undirected,1.0,1.0
Justarandomguy-fuck,Icy_Giraffe3903,Undirected,1.0,1.0
Justarandomguy-fuck,No_Degree3814,Undirected,1.0,1.0
_maeverie,ElectricalChance3664,Undirected,0.3333333333333333,0.3333333333333333
_maeverie,nesmacon,Undirected,1.0,1.0
_maeverie,Farley_B,Undirected,1.0,1.0
_maeverie,DragonflyNo19,Undirected,1.0,1.0
thatsjustarandomname,Akram-Brahimi,Undirected,0.5,0.5
thatsjustarandomname,Sea_Banana882,Undirected,0.5,0.5
thatsjustarandomname,m7mdhassballa,Undirected,1.0,1.0
thatsjustarandomname,Fantastic_Bag1560,Undirected,1.0,1.0
thatsjustarandomname,HuckleberryFuzzy918,Undirected,1.0,1.0
thatsjustarandomname,ResolutionDull5054,Undirected,1.0,1.0
thatsjustarandomname,VanillaAdventurous74,Undirected,1.0,1.0
thatsjustarandomname,TheAlphaKiller17,Undirected,1.0,1.0
thatsjustarandomname,doctormelody18,Undirected,1.0,1.0
Fit_Fisherman_3317,OkShelter6459,Undirected,1.0,1.0
ResearchWorking3402,Zealousideal-Item607,Undirected,0.5,0.5
ResearchWorking3402,guibidesc,Undirected,1.0,1.0
Late-Test2209,ElectricalChance3664,Undirected,0.3333333333333333,0.3333333333333333
Late-Test2209,MrLabbrow,Undirected,1.0,1.0
Late-Test2209,Sea_Banana882,Undirected,0.5,0.5
Late-Test2209,CatacaX,Undirected,1.0,1.0
Late-Test2209,TonkaMaze,Undirected,1.0,1.0
Late-Test2209,J3ssM,Undirected,1.0,1.0
Late-Test2209,Early_Bad_,Undirected,1.0,1.0
Late-Test2209,abenites99,Undirected,1.0,1.0
Late-Test2209,Zealousideal-Item607,Undirected,0.5,0.5
Late-Test2209,NewPatron-St,Undirected,1.0,1.0
Late-Test2209,ChangePrestigious702,Undirected,1.0,1.0
Late-Test2209,Moth_Man_68,Undirected,1.0,1.0
Late-Test2209,No_Snow2245,Undirected,1.0,1.0
Late-Test2209,Perfect-Parking1536,Undirected,1.0,1.0
Late-Test2209,Ok_Somewhere9687,Undirected,1.0,1.0
Late-Test2209,CrossingVoid,Undirected,1.0,1.0
Late-Test2209,Icy_Giraffe3903,Undirected,1.0,1.0
Late-Test2209,No_Degree3814,Undirected,1.0,1.0
ElectricalChance3664,MrLabbrow,Undirected,0.3333333333333333,0.3333333333333333
ElectricalChance3664,Sea_Banana882,Undirected,0.25,0.25
ElectricalChance3664,nesmacon,Undirected,0.3333333333333333,0.3333333333333333
ElectricalChance3664,CatacaX,Undirected,0.3333333333333333,0.3333333333333333
ElectricalChance3664,TonkaMaze,Undirected,0.3333333333333333,0.3333333333333333
ElectricalChance3664,J3ssM,Undirected,0.3333333333333333,0.3333333333333333
ElectricalChance3664,Early_Bad_,Undirected,0.3333333333333333,0.3333333333333333
ElectricalChance3664,abenites99,Undirected,0.3333333333333333,0.3333333333333333
ElectricalChance3664,Zealousideal-Item607,Undirected,0.25,0.25
ElectricalChance3664,NewPatron-St,Undirected,0.3333333333333333,0.3333333333333333
ElectricalChance3664,ChangePrestigious702,Undirected,0.3333333333333333,0.3333333333333333
ElectricalChance3664,Moth_Man_68,Undirected,0.3333333333333333,0.3333333333333333
ElectricalChance3664,No_Snow2245,Undirected,0.3333333333333333,0.3333333333333333
ElectricalChance3664,Perfect-Parking1536,Undirected,0.3333333333333333,0.3333333333333333
ElectricalChance3664,Farley_B,Undirected,0.3333333333333333,0.3333333333333333
ElectricalChance3664,Ok_Strawberry_2143,Undirected,0.25,0.25
ElectricalChance3664,DragonflyNo19,Undirected,0.3333333333333333,0.3333333333333333
ElectricalChance3664,Ok_Somewhere9687,Undirected,0.3333333333333333,0.3333333333333333
ElectricalChance3664,CrossingVoid,Undirected,0.3333333333333333,0.3333333333333333
ElectricalChance3664,venrir,Undirected,0.3333333333333333,0.3333333333333333
ElectricalChance3664,Icy_Giraffe3903,Undirected,0.3333333333333333,0.3333333333333333
ElectricalChance3664,No_Degree3814,Undirected,0.3333333333333333,0.3333333333333333
MrLabbrow,Sea_Banana882,Undirected,0.5,0.5
MrLabbrow,CatacaX,Undirected,1.0,1.0
MrLabbrow,TonkaMaze,Undirected,1.0,1.0
MrLabbrow,J3ssM,Undirected,1.0,1.0
MrLabbrow,Early_Bad_,Undirected,1.0,1.0
MrLabbrow,abenites99,Undirected,1.0,1.0
MrLabbrow,Zealousideal-Item607,Undirected,0.5,0.5
MrLabbrow,NewPatron-St,Undirected,1.0,1.0
MrLabbrow,ChangePrestigious702,Undirected,1.0,1.0
MrLabbrow,Moth_Man_68,Undirected,1.0,1.0
MrLabbrow,No_Snow2245,Undirected,1.0,1.0
MrLabbrow,Perfect-Parking1536,Undirected,1.0,1.0
MrLabbrow,Ok_Somewhere9687,Undirected,1.0,1.0
MrLabbrow,CrossingVoid,Undirected,1.0,1.0
MrLabbrow,Icy_Giraffe3903,Undirected,1.0,1.0
MrLabbrow,No_Degree3814,Undirected,1.0,1.0
Akram-Brahimi,Sea_Banana882,Undirected,0.3333333333333333,0.3333333333333333
Akram-Brahimi,m7mdhassballa,Undirected,0.5,0.5
Akram-Brahimi,Fantastic_Bag1560,Undirected,0.5,0.5
Akram-Brahimi,HuckleberryFuzzy918,Undirected,0.5,0.5
Akram-Brahimi,ResolutionDull5054,Undirected,0.5,0.5
Akram-Brahimi,secret-agent-zero,Undirected,0.5,0.5
Akram-Brahimi,VanillaAdventurous74,Undirected,0.5,0.5
Akram-Brahimi,TheAlphaKiller17,Undirected,0.5,0.5
Akram-Brahimi,doctormelody18,Undirected,0.5,0.5
Sea_Banana882,CatacaX,Undirected,0.5,0.5
Sea_Banana882,TonkaMaze,Undirected,0.5,0.5
Sea_Banana882,m7mdhassballa,Undirected,0.5,0.5
Sea_Banana882,J3ssM,Undirected,0.5,0.5
Sea_Banana882,Early_Bad_,Undirected,0.5,0.5
Sea_Banana882,Fantastic_Bag1560,Undirected,0.5,0.5
Sea_Banana882,abenites99,Undirected,0.5,0.5
Sea_Banana882,Zealousideal-Item607,Undirected,0.3333333333333333,0.3333333333333333
Sea_Banana882,NewPatron-St,Undirected,0.5,0.5
Sea_Banana882,ChangePrestigious702,Undirected,0.5,0.5
Sea_Banana882,Moth_Man_68,Undirected,0.5,0.5
Sea_Banana882,No_Snow2245,Undirected,0.5,0.5
Sea_Banana882,Perfect-Parking1536,Undirected,0.5,0.5
Sea_Banana882,HuckleberryFuzzy918,Undirected,0.5,0.5
Sea_Banana882,ResolutionDull5054,Undirected,0.5,0.5
Sea_Banana882,Ok_Somewhere9687,Undirected,0.5,0.5
Sea_Banana882,VanillaAdventurous74,Undirected,0.5,0.5
Sea_Banana882,TheAlphaKiller17,Undirected,0.5,0.5
Sea_Banana882,CrossingVoid,Undirected,0.5,0.5
Sea_Banana882,Icy_Giraffe3903,Undirected,0.5,0.5
Sea_Banana882,doctormelody18,Undirected,0.5,0.5
Sea_Banana882,No_Degree3814,Undirected,0.5,0.5
nesmacon,Farley_B,Undirected,1.0,1.0
nesmacon,DragonflyNo19,Undirected,1.0,1.0
CatacaX,TonkaMaze,Undirected,1.0,1.0
CatacaX,J3ssM,Undirected,1.0,1.0
CatacaX,Early_Bad_,Undirected,1.0,1.0
CatacaX,abenites99,Undirected,1.0,1.0
CatacaX,Zealousideal-Item607,Undirected,0.5,0.5
CatacaX,NewPatron-St,Undirected,1.0,1.0
CatacaX,ChangePrestigious702,Undirected,1.0,1.0
CatacaX,Moth_Man_68,Undirected,1.0,1.0
CatacaX,No_Snow2245,Undirected,1.0,1.0
CatacaX,Perfect-Parking1536,Undirected,1.0,1.0
CatacaX,Ok_Somewhere9687,Undirected,1.0,1.0
CatacaX,CrossingVoid,Undirected,1.0,1.0
CatacaX,Icy_Giraffe3903,Undirected,1.0,1.0
CatacaX,No_Degree3814,Undirected,1.0,1.0
Altruistic-Look6136,Accomplished-Low9635,Undirected,1.0,1.0
Altruistic-Look6136,Forward-Molasses4404,Undirected,1.0,1.0
Altruistic-Look6136,Ok_Strawberry_2143,Undirected,0.5,0.5
Altruistic-Look6136,Ur_Shado,Undirected,1.0,1.0
TonkaMaze,J3ssM,Undirected,1.0,1.0
TonkaMaze,Early_Bad_,Undirected,1.0,1.0
TonkaMaze,abenites99,Undirected,1.0,1.0
TonkaMaze,Zealousideal-Item607,Undirected,0.5,0.5
TonkaMaze,NewPatron-St,Undirected,1.0,1.0
TonkaMaze,ChangePrestigious702,Undirected,1.0,1.0
TonkaMaze,Moth_Man_68,Undirected,1.0,1.0
TonkaMaze,No_Snow2245,Undirected,1.0,1.0
TonkaMaze,Perfect-Parking1536,Undirected,1.0,1.0
TonkaMaze,Ok_Somewhere9687,Undirected,1.0,1.0
TonkaMaze,CrossingVoid,Undirected,1.0,1.0
TonkaMaze,Icy_Giraffe3903,Undirected,1.0,1.0
TonkaMaze,No_Degree3814,Undirected,1.0,1.0
m7mdhassballa,Fantastic_Bag1560,Undirected,1.0,1.0
m7mdhassballa,HuckleberryFuzzy918,Undirected,1.0,1.0
m7mdhassballa,ResolutionDull5054,Undirected,1.0,1.0
m7mdhassballa,VanillaAdventurous74,Undirected,1.0,1.0
m7mdhassballa,TheAlphaKiller17,Undirected,1.0,1.0
m7mdhassballa,doctormelody18,Undirected,1.0,1.0
J3ssM,Early_Bad_,Undirected,1.0,1.0
J3ssM,abenites99,Undirected,1.0,1.0
J3ssM,Zealousideal-Item607,Undirected,0.5,0.5
J3ssM,NewPatron-St,Undirected,1.0,1.0
J3ssM,ChangePrestigious702,Undirected,1.0,1.0
J3ssM,Moth_Man_68,Undirected,1.0,1.0
J3ssM,No_Snow2245,Undirected,1.0,1.0
J3ssM,Perfect-Parking1536,Undirected,1.0,1.0
J3ssM,Ok_Somewhere9687,Undirected,1.0,1.0
J3ssM,CrossingVoid,Undirected,1.0,1.0
J3ssM,Icy_Giraffe3903,Undirected,1.0,1.0
J3ssM,No_Degree3814,Undirected,1.0,1.0
Early_Bad_,abenites99,Undirected,1.0,1.0
Early_Bad_,Zealousideal-Item607,Undirected,0.5,0.5
Early_Bad_,NewPatron-St,Undirected,1.0,1.0
Early_Bad_,ChangePrestigious702,Undirected,1.0,1.0
Early_Bad_,Moth_Man_68,Undirected,1.0,1.0
Early_Bad_,No_Snow2245,Undirected,1.0,1.0
Early_Bad_,Perfect-Parking1536,Undirected,1.0,1.0
Early_Bad_,Ok_Somewhere9687,Undirected,1.0,1.0
Early_Bad_,CrossingVoid,Undirected,1.0,1.0
Early_Bad_,Icy_Giraffe3903,Undirected,1.0,1.0
Early_Bad_,No_Degree3814,Undirected,1.0,1.0
Accomplished-Low9635,Forward-Molasses4404,Undirected,1.0,1.0
Accomplished-Low9635,Ok_Strawberry_2143,Undirected,0.5,0.5
Accomplished-Low9635,Ur_Shado,Undirected,1.0,1.0
Fantastic_Bag1560,HuckleberryFuzzy918,Undirected,1.0,1.0
Fantastic_Bag1560,ResolutionDull5054,Undirected,1.0,1.0
Fantastic_Bag1560,VanillaAdventurous74,Undirected,1.0,1.0
Fantastic_Bag1560,TheAlphaKiller17,Undirected,1.0,1.0
Fantastic_Bag1560,doctormelody18,Undirected,1.0,1.0
Forward-Molasses4404,Ok_Strawberry_2143,Undirected,0.5,0.5
Forward-Molasses4404,Ur_Shado,Undirected,1.0,1.0
abenites99,Zealousideal-Item607,Undirected,0.5,0.5
abenites99,NewPatron-St,Undirected,1.0,1.0
abenites99,ChangePrestigious702,Undirected,1.0,1.0
abenites99,Moth_Man_68,Undirected,1.0,1.0
abenites99,No_Snow2245,Undirected,1.0,1.0
abenites99,Perfect-Parking1536,Undirected,1.0,1.0
abenites99,Ok_Somewhere9687,Undirected,1.0,1.0
abenites99,CrossingVoid,Undirected,1.0,1.0
abenites99,Icy_Giraffe3903,Undirected,1.0,1.0
abenites99,No_Degree3814,Undirected,1.0,1.0
Zealousideal-Item607,NewPatron-St,Undirected,0.5,0.5
Zealousideal-Item607,ChangePrestigious702,Undirected,0.5,0.5
Zealousideal-Item607,Moth_Man_68,Undirected,0.5,0.5
Zealousideal-Item607,guibidesc,Undirected,0.5,0.5
Zealousideal-Item607,No_Snow2245,Undirected,0.5,0.5
Zealousideal-Item607,Perfect-Parking1536,Undirected,0.5,0.5
Zealousideal-Item607,Ok_Somewhere9687,Undirected,0.5,0.5
Zealousideal-Item607,CrossingVoid,Undirected,0.5,0.5
Zealousideal-Item607,Icy_Giraffe3903,Undirected,0.5,0.5
Zealousideal-Item607,No_Degree3814,Undirected,0.5,0.5
NewPatron-St,ChangePrestigious702,Undirected,1.0,1.0
NewPatron-St,Moth_Man_68,Undirected,1.0,1.0
NewPatron-St,No_Snow2245,Undirected,1.0,1.0
NewPatron-St,Perfect-Parking1536,Undirected,1.0,1.0
NewPatron-St,Ok_Somewhere9687,Undirected,1.0,1.0
NewPatron-St,CrossingVoid,Undirected,1.0,1.0
NewPatron-St,Icy_Giraffe3903,Undirected,1.0,1.0
NewPatron-St,No_Degree3814,Undirected,1.0,1.0
ChangePrestigious702,Moth_Man_68,Undirected,1.0,1.0
ChangePrestigious702,No_Snow2245,Undirected,1.0,1.0
ChangePrestigious702,Perfect-Parking1536,Undirected,1.0,1.0
ChangePrestigious702,Ok_Somewhere9687,Undirected,1.0,1.0
ChangePrestigious702,CrossingVoid,Undirected,1.0,1.0
ChangePrestigious702,Icy_Giraffe3903,Undirected,1.0,1.0
ChangePrestigious702,No_Degree3814,Undirected,1.0,1.0
Moth_Man_68,No_Snow2245,Undirected,1.0,1.0
Moth_Man_68,Perfect-Parking1536,Undirected,1.0,1.0
Moth_Man_68,Ok_Somewhere9687,Undirected,1.0,1.0
Moth_Man_68,CrossingVoid,Undirected,1.0,1.0
Moth_Man_68,Icy_Giraffe3903,Undirected,1.0,1.0
Moth_Man_68,No_Degree3814,Undirected,1.0,1.0
No_Snow2245,Perfect-Parking1536,Undirected,1.0,1.0
No_Snow2245,Ok_Somewhere9687,Undirected,1.0,1.0
No_Snow2245,CrossingVoid,Undirected,1.0,1.0
No_Snow2245,Icy_Giraffe3903,Undirected,1.0,1.0
No_Snow2245,No_Degree3814,Undirected,1.0,1.0
Perfect-Parking1536,Ok_Somewhere9687,Undirected,1.0,1.0
Perfect-Parking1536,CrossingVoid,Undirected,1.0,1.0
Perfect-Parking1536,Icy_Giraffe3903,Undirected,1.0,1.0
Perfect-Parking1536,No_Degree3814,Undirected,1.0,1.0
Farley_B,DragonflyNo19,Undirected,1.0,1.0
HuckleberryFuzzy918,ResolutionDull5054,Undirected,1.0,1.0
HuckleberryFuzzy918,VanillaAdventurous74,Undirected,1.0,1.0
HuckleberryFuzzy918,TheAlphaKiller17,Undirected,1.0,1.0
HuckleberryFuzzy918,doctormelody18,Undirected,1.0,1.0
ResolutionDull5054,VanillaAdventurous74,Undirected,1.0,1.0
ResolutionDull5054,TheAlphaKiller17,Undirected,1.0,1.0
ResolutionDull5054,doctormelody18,Undirected,1.0,1.0
Ok_Strawberry_2143,Ur_Shado,Undirected,0.5,0.5
Ok_Strawberry_2143,venrir,Undirected,0.5,0.5
Ok_Somewhere9687,CrossingVoid,Undirected,1.0,1.0
Ok_Somewhere9687,Icy_Giraffe3903,Undirected,1.0,1.0
Ok_Somewhere9687,No_Degree3814,Undirected,1.0,1.0
VanillaAdventurous74,TheAlphaKiller17,Undirected,1.0,1.0
VanillaAdventurous74,doctormelody18,Undirected,1.0,1.0
TheAlphaKiller17,doctormelody18,Undirected,1.0,1.0
CrossingVoid,Icy_Giraffe3903,Undirected,1.0,1.0
CrossingVoid,No_Degree3814,Undirected,1.0,1.0
Icy_Giraffe3903,No_Degree3814,Undirected,1.0,1.0
