author_fullname,source_file,ups,score,over_18,downs,permalink,num_comments,selftext,subreddit,selftext_length,created_utc,author,link_flair_text,total_awards_received,downs_calculated,created_local_formatted,created_local,id,edited,title,created_utc_formatted,upvote_ratio,post_type,subreddit_subscribers,locked
t2_11s8q,bds_posts_hot.csv,168,168,False,0,https://reddit.com/r/BDS/comments/1ir4hdl/please_donate_to_gaza_humanitarian_aid_ngos/,4,"We have noticed thousands of individual appeals by Gazans for financial support on social media platforms including [r/BDS](https://www.reddit.com/r/BDS/). We understand the immense suffering they are experiencing. Anyone who wishes to support such appeals are free to do so. However, we have no way to authenticate these appeals to ensure they are legitimate.

Reddit's filter labels many of these posts as spam.  We do not approve any of these for posting to our sub, because doing so would flood the sub with them.  **The mods feel that donations to humanitarian aid NGOs provide widespread support to hundreds of thousands of Gazans, rather than the limited scope of supporting individuals or families.**

Here are some of these NGOs and we urge you to support them:

Anera (American Near East Refugee Aid): [https://support.anera.org/a/palestine-emergency](https://support.anera.org/a/palestine-emergency)

MAP (Medical Aid for Palestine): [https://www.map.org/our-work/](https://www.map.org/our-work/)

UNICEF: [https://www.unicef.org/emergencies/children-gaza-need-lifesaving-support](https://www.unicef.org/emergencies/children-gaza-need-lifesaving-support)

UNWRA (UNited Nations Relieft and Works Agency): [https://www.unrwa.org/](https://www.unrwa.org/)

MECA (Middle East Children's Alliance): [https://www.mecaforpeace.org/](https://www.mecaforpeace.org/)

Palestine Children's Relief Fund: [https://pcrf1.app.neoncrm.com/forms/gaza-relief](https://pcrf1.app.neoncrm.com/forms/gaza-relief)

Palestinian Red Crescent (ICRC affiliate): [https://www.palestinercs.org/en](https://www.palestinercs.org/en)

Islamic Relief: [https://irusa.org/middle-east/](https://irusa.org/middle-east/)

Doctors Without Borders: [https://www.doctorswithoutborders.org/what-we-do/where-we-work/palestine](https://www.doctorswithoutborders.org/what-we-do/where-we-work/palestine)

UN Crisis Relief: [https://crisisrelief.un.org/opt-crisis](https://crisisrelief.un.org/opt-crisis)

Defense for Children International-Palestine (DFCIP):

International Rescue Committee (IRC): [https://www.rescue.org/country/occupied-palestinian-territory-opt](https://www.rescue.org/country/occupied-palestinian-territory-opt)",BDS,2199.0,2025-02-16 22:27:46,richards1052,Gaza,0,3,2025-02-16 22:27:46,1970-01-01 00:00:01.739744866,1ir4hdl,False,"Please donate to Gaza humanitarian aid NGOs listed here, rather than individual appeals",2025-02-16 22:27:46,0.98,hot,29822,False
t2_11s8q,bds_posts_hot.csv,92,92,False,0,https://reddit.com/r/BDS/comments/1ilw898/aid_for_gaza/,0,"We have noticed thousands of individual appeals by Gazans for financial support on social media platforms including r/BDS.  We understand the immense suffering they are experiencing and welcome anyone who wishes to support such appeals. However, we feel that the best use of donations would be to humanitarian aid NGOs providing widespread support to hundreds of thousands of Gazans.

Here are some of these NGOs and we urge you to support them:

Anera (American Near East Refugee Aid): [https://support.anera.org/a/palestine-emergency](https://support.anera.org/a/palestine-emergency)

MAP (Medical Aid for Palestine): [https://www.map.org/our-work/](https://www.map.org/our-work/)

UNICEF: [https://www.unicef.org/emergencies/children-gaza-need-lifesaving-support](https://www.unicef.org/emergencies/children-gaza-need-lifesaving-support)

UNWRA (UNited Nations Relieft and Works Agency): [https://www.unrwa.org/](https://www.unrwa.org/)

MECA (Middle East Children's Alliance): [https://www.mecaforpeace.org/](https://www.mecaforpeace.org/)

Palestine Children's Relief Fund: [https://pcrf1.app.neoncrm.com/forms/gaza-relief](https://pcrf1.app.neoncrm.com/forms/gaza-relief)

Palestinian Red Crescent (ICRC affiliate): [https://www.palestinercs.org/en](https://www.palestinercs.org/en)

Islamic Relief: [https://irusa.org/middle-east/](https://irusa.org/middle-east/)

Doctors Without Borders: [https://www.doctorswithoutborders.org/what-we-do/where-we-work/palestine](https://www.doctorswithoutborders.org/what-we-do/where-we-work/palestine)

UN Crisis Relief: [https://crisisrelief.un.org/opt-crisis](https://crisisrelief.un.org/opt-crisis)

Defense for Children International-Palestine (DFCIP): 

International Rescue Committee (IRC): [https://www.rescue.org/country/occupied-palestinian-territory-opt](https://www.rescue.org/country/occupied-palestinian-territory-opt)",BDS,1875.0,2025-02-10 02:58:08,richards1052,Gaza,0,0,2025-02-10 03:58:08,1970-01-01 00:00:01.739156288,1ilw898,False,Aid for Gaza,2025-02-10 03:58:08,1.0,hot,29822,False
t2_7rlm7fjb,bds_posts_hot.csv,214,214,False,0,https://reddit.com/r/BDS/comments/1qh4lum/tesco_uk_selling_israeli_avocados_with_misleading/,5,"Tesco UK is selling avocados sourced from Israel, but the country of origin is not clearly stated on the fruit itself. The stickers and crate label only say “Non-EU”, which is vague and misleading. The only place “Origin: Israel” appears is on the small shelf price label at the bottom, which many shoppers will easily miss.

This makes it very easy for people to unknowingly buy Israeli produce. Please be aware and boycott these avocados in all Tesco UK stores, and check shelf labels carefully if you’re shopping there.",BDS,522.0,2026-01-19 13:48:57,wild_orca,Boycott,0,4,2026-01-19 14:48:57,1970-01-01 00:00:01.768830537,1qh4lum,False,Tesco UK selling Israeli avocados with misleading origin labelling,2026-01-19 14:48:57,0.98,hot,29822,False
t2_1hlu7lllfw,bds_posts_hot.csv,13,13,False,0,https://reddit.com/r/BDS/comments/1qh7f4j/venezuela_greenland_and_iran_key_takeaways_on_the/,0,"An article on [Al-Akhbar](https://www.al-akhbar.com/topics-opinions/876116/%D9%85%D9%86-%D9%81%D9%86%D8%B2%D9%88%D9%8A%D9%84%D8%A7-%D9%88%D8%BA%D8%B1%D9%8A%D9%86%D9%84%D8%A7%D9%86%D8%AF-%D8%A5%D9%84%D9%89-%D8%A5%D9%8A%D8%B1%D8%A7%D9%86--%D9%85%D8%B9%D8%A7%D9%84%D9%85-%D8%B9%D8%A7%D9%84%D9%85-%D8%AC%D8%AF%D9%8A%D8%AF), translated and published on [The De-Colonial Horizon](https://substack.com/home/post/p-185042770)

The recent weeks, just like the recent years, have been momentous, as the US administration abducted Venezuelan president Maduro, declared its intention to annex Greenland, and threatened to attack Iran then appeared to back off. What are some key takeaways that can help us grasp what is happening, and affect what the US administration is planning?

**First, it’s not just about Trump.** Although much of the attention has been centered on him and his unusual personality, one person seldom affects the political scene. Just like in any other state or administration, political scene is shaped by the balance of power imposed by capital and organized groups such as the media, lobbies or syndicates. Trump can maneuver, and choose certain groups’ interests over others, but only within these overall constraints. Focusing on his person can [shift away the attention](https://decolonialpraxis.substack.com/p/the-risk-of-treating-hitler-as-a) from the capitalist and colonial system that enabled his ascent to power and the major actors that are interested in —or even behind— the kind of decisions the US administration is taking.

Which brings us to the second point, that **it’s also not just about resources—actually, primarily not so.** Of course, the US administration is interested in putting its hand on other societies’ oil and precious metals. But there’s a reason why it is now targeting Venezuela and Greenland, two countries on the American continent, and it mentions it explicitly in its Nov 2025 [National Security Strategy](https://www.whitehouse.gov/wp-content/uploads/2025/12/2025-National-Security-Strategy.pdf). The strategy takes note of China’s growing economic hegemony and presents it as a threat to the US. It focuses on “reindustralizing the US” —hence the tariffs— and containing China.

This marks a turning point from its over thirty-years-old open-market policy, and, crucially, from soft power to hard power. Within this context, the document presents the Western Hemisphere as its primary theater and states that “the United States will reassert and enforce the Monroe Doctrine to restore American preeminence in the Western Hemisphere”. It leaves no doubt as to the fact that this means a “readjustment of our global military presence to address urgent threats in our Hemisphere”. This is the context in which the US is seeking to entrench its hegemony, first and foremost over the American continent.

**The US’s threat and use of violence are thus disrupting the world order.** This does not refer at all to the European imaginary that we live in an order of law and values—Societies in the Global South know very well we already live in a deeply violent world. The international institutions that the US administration is ignoring are actually [colonial institutions](https://decolonialpraxis.substack.com/p/freeing-the-world-from-colonial-institutions?utm_source=publication-search): For example, the US, Russia and China are not parties to the ICC, meaning that any country joining the ICC would be liable to it but would not be protected by it from war crimes by any of these three world powers. The colonial powers that set up the ICJ decided that it cannot enforce its decisions and that only the UN can—yet UN decisions are subject to approval by the five global power.

The world order we live in operates by this basic imperialist law: Global powers can do whatever they want, as long as the other global powers are OK with it. It was set up, not to protect weak societies from global powers, but to protect global powers from each other—to institute the negotiations between them, making sure the horrors they committed to each other in the [so-called world wars](https://decolonialpraxis.substack.com/p/discerning-colonial-terms) only happen to others. Accordingly, when Europe [complains](https://www.bbc.com/news/articles/c041n3ng03no) about Trump reshaping the world order, they are not referring to a global order of peace and justice, but to an order that allowed them to share hegemony with the US. This is the order they are attempting to save by sending troops to Greenland. And this is the order that the US administration is disrupting, and might even destroy. This antagonism with Europe is one we should study and make the best of in our struggle for a world order that is actually just.

This puts on political movements and citizens in the Global South the responsibility of **correctly understanding the political scene**. Recent events in particular have shown the limitations of oversimplistic analyses. For example, Maduro was not abducted because of his support for Palestine. In a [recent article](https://www.alaraby.co.uk/opinion/%D8%AA%D8%B1%D8%A7%D9%85%D8%A8-%D9%88%D9%85%D8%A7%D8%AF%D9%88%D8%B1%D9%88-%D9%88%D8%AF%D8%B1%D8%B3-%D9%81%D9%84%D8%B3%D8%B7%D9%8A%D9%86), Palestinian writer Hussam Abu Hamed speaks of this explanation as “a lazy one that ignores the fact that what happened is related to a declared set of goals of influence, power, and the rearrangement of the Latin American region, and is not related to a single issue. Turning Palestine into the ultimate cause obscures what is more important: that Washington is saying that it wants Venezuela as a manageable country. And here lies the danger for Palestine itself, when Palestine becomes the magic explanation for every coup or invasion, transforming it from a rights issue to a brand in the market of conflicts.”

Similar oversimplistic analyses have appeared in the context of the scene in Iran. Most were black or white, either unequivocally supporting the demonstrations as just ones in the face of an oppressive regimes or standing against them as foreign-backed against a regime targeted by Israel and the US. The reality is, however, more complicated than that. On one hand, the colony [openly stated](https://www.jpost.com/middle-east/iran-news/article-883524) its interference in the protests, so how could we claim otherwise? On the other hand, staunch anti-zionist movements such as Tudeh—whose fighters resisted the colony and were martyred alongside Palestinian fighters—declared their support of and participation in the demonstrations, so how could we be so quick to demonize them? The reality is that the people on the ground in Iran are diverse. Some support the return of the Shah-to-be and normalization with the colony. Some are socialists who revolted with the Islamists against the Shah and were then killed by the Islamists. Some are Mossad agents. Some are petty bourgeoisie who lost their capital and want it back under any regime. Some are women who are oppressed by religious rule and want secularism. Some are Kurds or Arabs who see an opportunity for self-rule and/or independence. Reality is colorful, and black-or-white dichotomies, though pleasant to our minds, fail to grasp what is happening. We cannot affect the political scene if we cannot understand it properly.

Which brings us to the concluding point: We must seek, not only to understand events, but to shape them. Most analyses of Venezuela, Greenland and Iran are stuck in observation mode, and therefore fail to escape theoretical “with/against” dichotomies. We must build the individual and organizational capacity to read the political scene accurately, analyze shifts in the balance of power, and then build the power to affect these shifts in favor of a liberatory and democratic political vision.",BDS,7851.0,2026-01-19 15:37:21,Level-Kiwi-3836,Discussion,0,0,2026-01-19 16:37:21,1970-01-01 00:00:01.768837041,1qh7f4j,False,"Venezuela, Greenland and Iran: Key takeaways — On the historic change in US policy, and what decolonial possibilities we must take advantage of",2026-01-19 16:37:21,0.94,hot,29822,False
t2_izb4qwjv,bds_posts_hot.csv,5,5,False,0,https://reddit.com/r/BDS/comments/1qhdjtm/international_airlines_best_of_the_worst/,0,Going to have to take international trips soon. Based on my research there’s just no way to do entirely ethically. But if you have advice on BOTW lmk.,BDS,150.0,2026-01-19 19:11:22,90stvkid,Consumer,0,0,2026-01-19 20:11:22,1970-01-01 00:00:01.768849882,1qhdjtm,False,International Airlines: Best of the Worst,2026-01-19 20:11:22,1.0,hot,29822,False
t2_ykt3x3780,bds_posts_hot.csv,358,358,False,0,https://reddit.com/r/BDS/comments/1qgiho9/this_is_supposed_to_happen_to_arabs_not_to_us/,7,,BDS,,2026-01-18 19:53:08,Tr0jan___,Meme!,0,0,2026-01-18 20:53:08,1970-01-01 00:00:01.768765988,1qgiho9,False,"“This is supposed to happen to Arabs, not to us!”",2026-01-18 20:53:08,1.0,hot,29822,False
t2_58xn2f,bds_posts_hot.csv,4,4,False,0,https://reddit.com/r/BDS/comments/1qhein0/haagen_dazs_belgian_chocolate_milkshake/,0,Need an alt for shake in title. Some super rich elite tasting chocolate milkshake ,BDS,82.0,2026-01-19 19:45:48,manofwater3615,Consumer,0,0,2026-01-19 20:45:48,1970-01-01 00:00:01.768851948,1qhein0,False,Haagen Dazs Belgian Chocolate MilkShake Replacement,2026-01-19 20:45:48,1.0,hot,29822,False
t2_sxh601qha,bds_posts_hot.csv,38,38,False,0,https://reddit.com/r/BDS/comments/1qgvj71/why_it_deleted/,5,,BDS,,2026-01-19 05:28:32,blue_dottt,ASK THE SUB,0,3,2026-01-19 06:28:32,1970-01-01 00:00:01.768800512,1qgvj71,False,Why it deleted?,2026-01-19 06:28:32,0.91,hot,29822,False
t2_2n8z65ke,bds_posts_hot.csv,55,55,False,0,https://reddit.com/r/BDS/comments/1qgshm0/palestine_action_prison_hunger_strike_ends_after/,0,,BDS,,2026-01-19 03:00:18,TendieRetard,News,0,1,2026-01-19 04:00:18,1970-01-01 00:00:01.768791618,1qgshm0,False,Palestine Action Prison Hunger Strike Ends After UK Rejects Contract for Israeli Arms Firm | One campaigner said the hunger strike “will be remembered as a landmark moment of pure defiance; an embarrassment for the British state.”,2026-01-19 04:00:18,0.97,hot,29822,False
t2_jnrrge7y,bds_posts_hot.csv,97,97,False,0,https://reddit.com/r/BDS/comments/1qgi6lf/israeli_journalists_ido_amiaz_the_salukie_andrey/,2,,BDS,,2026-01-18 19:41:18,ContentChecker,,0,0,2026-01-18 20:41:18,1970-01-01 00:00:01.768765278,1qgi6lf,False,Israeli journalists Ido Amiaz (The Salukie) &amp; Andrey X visit Nablus for Palestinian hospitality.,2026-01-18 20:41:18,0.99,hot,29822,False
t2_izb4qwjv,bds_posts_hot.csv,12,12,False,0,https://reddit.com/r/BDS/comments/1qgoe04/wanted_to_share_re_coffee_maker/,0,"I have been looking for a coffee maker alternative for drip. I wanted to share that I found Ovalware, which seems to be small co, with no direction ties to Israel. Wanted to share! ",BDS,181.0,2026-01-18 23:54:17,90stvkid,Consumer,0,0,2026-01-19 00:54:17,1970-01-01 00:00:01.768780457,1qgoe04,False,Wanted to share Re: Coffee Maker,2026-01-19 00:54:17,1.0,hot,29822,False
t2_ykt3x3780,bds_posts_hot.csv,38,38,False,0,https://reddit.com/r/BDS/comments/1qgcxkn/he_is_absolute_scum/,0,,BDS,,2026-01-18 16:25:13,Tr0jan___,Hasbara,0,0,2026-01-18 17:25:13,1970-01-01 00:00:01.768753513,1qgcxkn,False,He is absolute scum,2026-01-18 17:25:13,1.0,hot,29822,False
t2_oq4v94mjk,bds_posts_hot.csv,7,7,False,0,https://reddit.com/r/BDS/comments/1qghqxf/boycott_question/,0,,BDS,,2026-01-18 19:24:24,Reasonable-Image-938,Consumer,0,0,2026-01-18 20:24:24,1970-01-01 00:00:01.768764264,1qghqxf,False,Boycott question,2026-01-18 20:24:24,1.0,hot,29822,False
t2_bq9jk544x,bds_posts_hot.csv,14,14,False,0,https://reddit.com/r/BDS/comments/1qg4squ/is_buying_from_a_used_games_store_that_sells_new/,0,,BDS,,2026-01-18 10:00:40,Firm_Paint8474,ASK THE SUB,0,2,2026-01-18 11:00:40,1970-01-01 00:00:01.768730440,1qg4squ,False,Is buying from a used games store that sells new products still going against the boycott?,2026-01-18 11:00:40,0.86,hot,29822,False
t2_11s8q,bds_posts_hot.csv,59,59,False,0,https://reddit.com/r/BDS/comments/1qfvi53/kushnerwitkoff_gaza_and_the_new_world_order/,0,,BDS,,2026-01-18 01:50:02,richards1052,Gaza,0,0,2026-01-18 02:50:02,1970-01-01 00:00:01.768701002,1qfvi53,False,Kushner-Witkoff: Gaza and the New World Order,2026-01-18 02:50:02,0.99,hot,29822,False
t2_evdtgw8v,bds_posts_hot.csv,188,188,False,0,https://reddit.com/r/BDS/comments/1qfk3wf/white_house_announced_the_gaza_board_of_peace_of/,3,,BDS,,2026-01-17 18:01:37,Ilovedia,Action Alert,0,0,2026-01-17 19:01:37,1970-01-01 00:00:01.768672897,1qfk3wf,False,"White House announced the Gaza ""board of peace"" of zionists and war criminals, with no palestinian representation.",2026-01-17 19:01:37,1.0,hot,29822,False
t2_4e7f3195,bds_posts_hot.csv,62,62,False,0,https://reddit.com/r/BDS/comments/1qfo2xk/israel_objects_to_white_houses_pick_of_leaders/,8,,BDS,,2026-01-17 20:35:18,newsspotter,News,0,1,2026-01-17 21:35:18,1970-01-01 00:00:01.768682118,1qfo2xk,False,"Israel objects to White House’s pick of leaders for ‘board of peace’ | Israel said that some of the appointments were “not coordinated with Israel and were contrary to its policy”, without specifying who it objected to.",2026-01-17 21:35:18,0.98,hot,29822,False
t2_jnrrge7y,bds_posts_hot.csv,179,179,False,0,https://reddit.com/r/BDS/comments/1qepf04/in_a_conversation_about_antisemitism_adl_ceo/,3,,BDS,,2026-01-16 19:19:31,ContentChecker,,0,0,2026-01-16 20:19:31,1970-01-01 00:00:01.768591171,1qepf04,False,"In a conversation about antisemitism, ADL CEO Jonathan Greenblatt (who equates the Palestinian keffiyeh with a swastika) singles out Hasan Piker instead of Nick Fuentes.",2026-01-16 20:19:31,1.0,hot,29822,False
t2_4dsjiakm,bds_posts_hot.csv,187,187,False,0,https://reddit.com/r/BDS/comments/1qekssr/its_qusay_from_gaza_again_after_some_time_away_i/,2,"Hey everyone,
This is Qusay posting again after being absent for a while.


First, I want to thank you genuinely. During the most difficult time my family and I went through, this community stood with us. Your support helped us survive when everything felt like it was falling apart. Because of that help, life stabilized a bit not easy, not safe, but stable enough to breathe. That’s why I stopped posting help links and went quiet.
During this time, I’ve also been volunteering at an Educational Point here. Teaching and supporting students in these conditions has had a deep emotional impact on me. It reminded me why education, work, and dignity matter so much especially when everything around us feels temporary. Volunteering didn’t fix our reality, but it gave me purpose and strength during a very heavy period.
But what I wanna say is that stability also brings responsibility back.


I’ve always helped my family with expenses, and once things were no longer in complete free fall, the need to work returned as it should. I didn’t want to keep asking for help when I knew I needed to try standing on my own again.
The problem is, I don’t even have a laptop.
I didn’t sell it.
I lost it when our home in the north of Gaza was destroyed. Along with that home went the tools I depended on to work and build my future.


Before everything collapsed, I worked online in translation sometimes and programming scripts the other time. It was a good source of income for me and my family. I was also learning Spanish to deepen my experience as a translator. That path mattered to me, and it’s still what I want to return to.
Since the ceasefire, I kept waiting for prices to normalize, hoping I could afford a laptop again and get back on track. But waiting has taken a lot. Trying to learn, freelance, or rebuild without a laptop and with limited internet is honestly almost impossible.
This post isn’t about survival anymore.
It’s about getting back to work.


All I’m asking for now is help to afford a laptop, so I can return to freelancing, support my family again, and continue rebuilding my life. I truly hope and mean it that this is the last time I ever have to ask for help here.
To everyone who supported me before: thank you for carrying us when we couldn’t stand. I hope the next time I post, it’s to share progress not a request.
Take care, all.
Qusay",BDS,2366.0,2026-01-16 16:34:33,Amr_Abu_Ouda,Gaza,0,1,2026-01-16 17:34:33,1970-01-01 00:00:01.768581273,1qekssr,False,It’s Qusay from Gaza again after some time away. I want to explain and share an update.,2026-01-16 17:34:33,0.99,hot,29822,False
t2_jnrrge7y,bds_posts_hot.csv,60,60,False,0,https://reddit.com/r/BDS/comments/1qepx5d/adelaide_festival_board_retracts_their_decision/,1,,BDS,,2026-01-16 19:38:34,ContentChecker,,0,0,2026-01-16 20:38:34,1970-01-01 00:00:01.768592314,1qepx5d,False,"Adelaide Festival Board retracts their decision to ban Palestinian-Australian writer Randa Abdel-Fattah, inviting her back for next year's event &amp; apologizing to her ""unreservedly for the harm the Adelaide Festival Corporation has caused her.""",2026-01-16 20:38:34,1.0,hot,29822,False
t2_1feib12g,bds_posts_hot.csv,37,37,False,0,https://reddit.com/r/BDS/comments/1qento2/bds_approved_antibacterial_soap/,3,"Hi folks,

Trying to find some antibacterial soaps not on the BDS list. Dial’s owned by Henkel, softsoap from Colgate, dawn from p&amp;g and uline is gross for other reasons. I think the only one I’ve found was hibiclens but it’s pretty rough on my skin. Any other suggestions? ",BDS,278.0,2026-01-16 18:21:54,WhichSideOfNoWhere,Consumer,0,0,2026-01-16 19:21:54,1970-01-01 00:00:01.768587714,1qento2,False,BDS approved antibacterial soap,2026-01-16 19:21:54,1.0,hot,29822,False
t2_cxof3u1e,bds_posts_hot.csv,41,41,False,0,https://reddit.com/r/BDS/comments/1qehhej/nerd_and_fantasy_bds_supporters_how_do_you_vet/,10,"What the title says- I usually Google every new author I discover, to check their politics before I download their books, but it's annoyingly tedious. Is there any kind of online list anywhere? Similar to this: [https://www.scribd.com/document/742791010/Is-Your-Fav-Author-a-Zionist](https://www.scribd.com/document/742791010/Is-Your-Fav-Author-a-Zionist)

  
But this list is also not exhaustive. I'm also looking for recommendations for writers of queer fantasy, if anyone has a specific author in mind. Thanks and never stop saying free Palestine! 
PS: for anyone else who wants to be an edgelord like the dude in comments, I'll just block you. I am not asking for anyone to educate me on BDS, to dissect what my politics are and if they're real or virtue-signalling, or to ""engage in discourse"" over what it means to not read certain authors. I have two very clear asks fam. Just scroll past if you can't help. If my post doesn't belong here, the mods will say so. Be cool, don't be Sean. ",BDS,993.0,2026-01-16 14:31:14,GRS_89,ASK THE SUB,0,2,2026-01-16 15:31:14,1970-01-01 00:00:01.768573874,1qehhej,1768607955.0,Nerd and Fantasy BDS supporters: How do you vet fantasy writers/books?,2026-01-16 15:31:14,0.95,hot,29822,False
t2_1nl1g4zbtk,bds_posts_hot.csv,302,302,False,0,https://reddit.com/r/BDS/comments/1qdwm5l/trying_to_survive_in_gaza_when_it_is_no_longer/,5,"Hello everyone,

My name is Nada from Gaza. I am 18 years old. I recently finished high school and enrolled in university to study nursing. My dream was simple: to learn and help people.

Over the past two years, my family and I have endured a brutal genocidal war. We lived through conditions no human being should ever face, including constant fear, hunger, and displacement. I lost many of my relatives, including cousins, as well as several of my friends.

On top of that, we lost our home, the place that sheltered us, and with it all our memories. Nothing remains except anxiety and fear of the unknown, and our daily struggle has become securing basic necessities such as water and food.

Unfortunately, many people believe the war has ended, but it has not ended for us. Just today, I lost my friend and her entire family when their home was bombed by an F-16. We do not know when our turn will come.

In addition, my family and I are suffering from severe cold. We are living in a place that is unfit for both summer and winter, without real protection from the harsh conditions.

Please help my family in any way you can, even a small contribution or simply by sharing my story.

Your voice can make a difference and may save a life.

Donation link is in the comments.",BDS,1278.0,2026-01-15 21:35:49,Due_Sun9,Gaza,0,0,2026-01-15 22:35:49,1970-01-01 00:00:01.768512949,1qdwm5l,False,Trying to Survive in Gaza When It Is No Longer Safe. Please Hear Our Story.,2026-01-15 22:35:49,1.0,hot,29822,False
t2_58xn2f,bds_posts_hot.csv,25,25,False,0,https://reddit.com/r/BDS/comments/1qe92lc/strawberry_milkshake_similar_to_mcdonalds/,4,Which places have strawberry milkshakes that taste most similar to McDonald's? I want shakes that taste good but don't have strawberry fruit taste. ,BDS,148.0,2026-01-16 06:58:28,manofwater3615,Consumer,0,1,2026-01-16 07:58:28,1970-01-01 00:00:01.768546708,1qe92lc,False,Strawberry Milkshake Similar to McDonald's,2026-01-16 07:58:28,0.96,hot,29822,False
t2_14w8fv,bds_posts_hot.csv,14,14,False,0,https://reddit.com/r/BDS/comments/1qe87m9/buying_a_car_uk/,1,"Currently looking at buying a used car as mine is at the end of it’s life but I have a question.

I initially was looking at a Volvo, then I obviously found out about the stuff they’re doing and felt extremely put off. Now I’ve found a few other brands that aren’t so terrible but it left me thinking.

If I was to purchase, a Volvo for example, but obviously from a secondhand dealership e.g. Bristol street motors, do they still benefit in any way from my purchase or because it’s secondhand it makes no difference to their company?

Thank you in advance for any replies and even any insights or tips I should know while I’m still looking around!",BDS,648.0,2026-01-16 06:10:20,CharlieSmith_27,Consumer,0,0,2026-01-16 07:10:20,1970-01-01 00:00:01.768543820,1qe87m9,False,Buying a car (UK),2026-01-16 07:10:20,1.0,hot,29822,False
t2_5738ob6r,bds_posts_hot.csv,0,0,False,0,https://reddit.com/r/BDS/comments/1qf6c4v/should_i_boycott_breaking_bad_after_bill_burr/,19,"Forgive me if this post is a bit stupid. I have only just started to really learn about the BDS movement, and there has been a question in my head that I’ve been thinking about for days.

So recently I’ve been watching (and throughly enjoying) Breaking Bad, and realised that Bill Burr was in the show. I was finishing up an episode of season 5 a few days ago and remembered Bill’s whole thing with the Saudi Arabia show and the things he said about the people rightly calling him out for it.

Now I’m sorry if this doesn’t have much to do with Israel, but I’ve heard that Saudi Arabia is linked to Israel as well. So is Boycotting the show (or at least the streaming service I’m watching it on which is Stan) the right thing to do? Should I just pirate the show?",BDS,763.0,2026-01-17 06:54:35,redSpider2077,Discussion,0,0,2026-01-17 07:54:35,1970-01-01 00:00:01.768632875,1qf6c4v,False,Should I boycott Breaking Bad after Bill Burr participated in the Saudi Arabian comedy festival?,2026-01-17 07:54:35,0.42,hot,29822,False
t2_11emhdfsr1,bds_posts_hot.csv,31,31,False,0,https://reddit.com/r/BDS/comments/1qe1dwq/so_what_running_shoe_brands_are_we_not_boycotting/,3,"I bought some all birds but would like another pair of running shoes. apparently everything is on the list of boycott lol

  
i bought Saucony Hurricanes 24 but wondering if I should return. They also feel weird and look weird",BDS,226.0,2026-01-16 00:46:47,BuyingDragonScimitar,Discussion,0,1,2026-01-16 01:46:47,1970-01-01 00:00:01.768524407,1qe1dwq,False,So what running shoe brands are we not boycotting?,2026-01-16 01:46:47,0.96,hot,29822,False
t2_6dtxtqwk1,bds_posts_hot.csv,87,87,False,0,https://reddit.com/r/BDS/comments/1qds8pr/hochul_challenger_and_lieutenant_says_us_should/,0,,BDS,,2026-01-15 18:54:07,FireProStan,News,0,0,2026-01-15 19:54:07,1970-01-01 00:00:01.768503247,1qds8pr,False,Hochul challenger (and lieutenant) says US should halt arms sales to Israel,2026-01-15 19:54:07,1.0,hot,29822,False
t2_24bfgjvaeg,bds_posts_hot.csv,76,76,False,0,https://reddit.com/r/BDS/comments/1qdquxc/saw_a_car_with_an_israeli_flag_here_in_sugar_land/,3,"it was a white ford explorer. pissed me off so much, but it’s obvious they are doing it to try to bait people. ",BDS,111.0,2026-01-15 18:04:29,K9Imperium,Other,0,2,2026-01-15 19:04:29,1970-01-01 00:00:01.768500269,1qdquxc,False,Saw a car with an Israeli flag here in sugar land Texas today,2026-01-15 19:04:29,0.97,hot,29822,False
t2_jnrrge7y,bds_posts_hot.csv,19,19,False,0,https://reddit.com/r/BDS/comments/1qdzjkx/hi_rjewsofconscience_im_rabbi_andy_kahn_reform/,0,,BDS,,2026-01-15 23:30:29,ContentChecker,,0,1,2026-01-16 00:30:29,1970-01-01 00:00:01.768519829,1qdzjkx,False,"Hi /r/JewsofConscience, I'm Rabbi Andy Kahn, Reform Rabbi, renewer of the American Council for Judaism, leader in Rabbis4Ceasefire, and builder of the Jewish Diaspora Movement. AMA!",2026-01-16 00:30:29,0.92,hot,29822,False
t2_1t2cqeenz2,bds_posts_hot.csv,311,311,False,0,https://reddit.com/r/BDS/comments/1qd5p7s/irans_womens_chess_team_fined_29k_for_boycotting/,11,We can't afford Iran to fall to the Zionists!,BDS,45.0,2026-01-15 01:19:04,YamFrosty6169,Boycott,0,0,2026-01-15 02:19:04,1970-01-01 00:00:01.768439944,1qd5p7s,False,Iran's Women's Chess Team Fined 29k For Boycotting Israel,2026-01-15 02:19:04,1.0,hot,29822,False
t2_11s8q,bds_posts_hot.csv,40,40,False,0,https://reddit.com/r/BDS/comments/1qdfvj8/adelaide_festival_apologizes_to_cancelled/,0,,BDS,,2026-01-15 10:16:30,richards1052,BDS Victory!,0,1,2026-01-15 11:16:30,1970-01-01 00:00:01.768472190,1qdfvj8,False,Adelaide Festival Apologizes to Cancelled Palestinian Author,2026-01-15 11:16:30,0.97,hot,29822,False
t2_16dyl94xmp,bds_posts_hot.csv,47,47,False,0,https://reddit.com/r/BDS/comments/1qdavdd/where_is_my_ethical_social_media_when_will/,13,"i just wanna keep in touch with friends and acquaintances online, without feeding my data into paIantir &amp; misc, the massacre technology + labour thieving invention gang /end rant ",BDS,183.0,2026-01-15 05:20:09,reparationsNowToday,Consumer,0,1,2026-01-15 06:20:09,1970-01-01 00:00:01.768454409,1qdavdd,False,where is my ethical social media? when will someone build it 😩,2026-01-15 06:20:09,0.96,hot,29822,False
t2_11s8q,bds_posts_hot.csv,52,52,False,0,https://reddit.com/r/BDS/comments/1qd9uy1/netanyahus_cynical_embrace_of_irans_protesters/,0,,BDS,,2026-01-15 04:29:40,richards1052,News,0,1,2026-01-15 05:29:40,1970-01-01 00:00:01.768451380,1qd9uy1,False,Netanyahu’s cynical embrace of Iran’s protesters,2026-01-15 05:29:40,0.98,hot,29822,False
t2_11s8q,bds_posts_hot.csv,35,35,False,0,https://reddit.com/r/BDS/comments/1qd9go5/queens_palestine_protest_and_the_antisemitism/,0,,BDS,,2026-01-15 04:10:36,richards1052,Gaza,0,0,2026-01-15 05:10:36,1970-01-01 00:00:01.768450236,1qd9go5,False,Queens Palestine Protest and the Anti-Semitism Panic,2026-01-15 05:10:36,1.0,hot,29822,False
t2_csrzjejk,bds_posts_hot.csv,118,118,False,0,https://reddit.com/r/BDS/comments/1qcubwh/european_citizens_initiative_demand_the_full/,2,,BDS,,2026-01-14 17:59:36,Glad_Opinion_6339,Action Alert,0,1,2026-01-14 18:59:36,1970-01-01 00:00:01.768413576,1qcubwh,False,European Citizens' Initiative - Demand the full suspension of the EU-Israel Association Agreement in view of Israel’s violations of human rights,2026-01-14 18:59:36,0.99,hot,29822,False
t2_3otmsuv0,bds_posts_hot.csv,14,14,False,0,https://reddit.com/r/BDS/comments/1qd65e7/wanting_to_switch_to_qobuz_but_local_files/,0,"I’m wanting to swap from Spotify and Qobuz came highly recommended by others. The problem is though that they lack a lot of the asian music I listen to. Finding out they don’t do local files honestly made me want to give up the idea.
I know I could use a third-party manager like Room but I can’t afford both subscriptions. 

I can’t go full my mp3 local either because I have way too much music to handle that. I used to do that before Spotify and it was many many hours of work, obsessive levels. 

So here are my options that I’d like some tips/opinions on:
1) Send in a BUNCH of request forms and hope for the best (Are they good about getting requests fulfilled? Specifically for “foreign” non-English music?) 
2) Use an mp3 app for local files only and Qobuz for everything else. 

Has anyone found a better solution? 
",BDS,825.0,2026-01-15 01:38:49,angels-cry,ASK THE SUB,0,0,2026-01-15 02:38:49,1970-01-01 00:00:01.768441129,1qd65e7,False,Wanting to switch to Qobuz but local files…,2026-01-15 02:38:49,1.0,hot,29822,False
t2_ydk877n7u,bds_posts_hot.csv,23,23,False,0,https://reddit.com/r/BDS/comments/1qcwm3c/need_help_with_shopping/,2,"So I am interested in getting new headphones but the problem is a lot of brands are on the boycott list so is steelseries on it because I have searched everywhere and I can't find answers. Also does Valve aka steam on the boycott list?

",BDS,237.0,2026-01-14 19:21:29,iLikeDucks72,Consumer,0,0,2026-01-14 20:21:29,1970-01-01 00:00:01.768418489,1qcwm3c,False,Need help with shopping,2026-01-14 20:21:29,0.97,hot,29822,False
t2_pw6och170,bds_posts_hot.csv,3,3,False,0,https://reddit.com/r/BDS/comments/1qd24f1/does_fanfiction_count_in_boycotts/,5,"I don’t know that much about boycotting other than not buying merch or other items from company or people who support Israel and the UAE or other genocides. Fanfiction doesn’t bring in any money, but it does somewhat promote pieces of media sympathetic to or owned by genocide supporters. For me personally, reading Fanfiction doesn’t make me want to buy the product. But that’s not the same for everyone. I just don’t want to contribute to anyone suffering.",BDS,458.0,2026-01-14 22:49:57,Affectionate-Rent415,ASK THE SUB,0,1,2026-01-14 23:49:57,1970-01-01 00:00:01.768430997,1qd24f1,False,Does Fanfiction Count In Boycotts?,2026-01-14 23:49:57,0.64,hot,29822,False
t2_1bv2n5mbe7,bds_posts_hot.csv,51,51,False,0,https://reddit.com/r/BDS/comments/1qcb73w/how_do_you_guys_reconcile_about_having_to_give_up/,15,"I have been having this debacle lately, knowing that I shouldn’t support certain brands because they support Israel, but I have also been pretty sad about it lately. Many of these things are part of my daily life, such as my love for Disney and other media companies. I was gonna get a build a bear for my graduation the cute graduation outfit but now I see that the stock holder comes from Israel just makes me sad. I like certain products, and before anyone says, I know that this is selfish, but I wonder what someone has done to overcome this feeling. I understand that the boycott is supposed to be uncomfortable. Still, it makes me feel so much sadness, like I just saw that there was an event for a brand that I enjoy, thinking about going when I realize they support the occupation, but also I wonder why all of these people have to be so trashy. The world feels so trashy and garbage. And I know it’s capitalistic oversight to be getting joy from these things but when it feels like the world is crashing down, I guess it gets really easy to rely on objects to make you happy or in this case experience so I wonder what do people do to help cope, especially if it’s a brand since you were a child and I got difficult childhood",BDS,1235.0,2026-01-14 02:27:58,CelestialCometDoll,Consumer,0,6,2026-01-14 03:27:58,1970-01-01 00:00:01.768357678,1qcb73w,False,How do you guys reconcile about having to give up comfort things?,2026-01-14 03:27:58,0.89,hot,29822,False
t2_3dw6u439,bds_posts_hot.csv,9,9,False,0,https://reddit.com/r/BDS/comments/1qcgk7r/buying_a_mobility_scooter_from_an_israeli_company/,6,"Hi. Please forgive if this is a stupid question…

I need to buy a mobility scooter. One of the top contenders for my situation is the Afiscooter C4. The company website says: The company is fully owned by KIBBUTZ AFIKIM, one of the largest kibbutzim in Israel and is located in the Jordan Valley in the north of the country.

I didn’t see the company on any boycott lists but they are an Israeli company. Is it against the BDS ideal to buy a scooter designed and originally manufactured in Israel but imported and sold by an American company?

Thank you. ",BDS,555.0,2026-01-14 06:59:18,ChargeResponsible112,ASK THE SUB,0,2,2026-01-14 07:59:18,1970-01-01 00:00:01.768373958,1qcgk7r,False,Buying a mobility scooter from an Israeli company,2026-01-14 07:59:18,0.77,hot,29822,False
t2_5ruyatrj,bds_posts_hot.csv,13,13,False,0,https://reddit.com/r/BDS/comments/1qcca90/language_learning_apps/,0,Looking to learn Hindi/Tamil and i wanna know if there's an alt to Duolingo. Anyone know? Tysm!,BDS,95.0,2026-01-14 03:17:07,SnooTomatoes1513,Consumer,0,0,2026-01-14 04:17:07,1970-01-01 00:00:01.768360627,1qcca90,False,Language Learning apps?,2026-01-14 04:17:07,1.0,hot,29822,False
t2_bq9jk544x,bds_posts_hot.csv,19,19,False,0,https://reddit.com/r/BDS/comments/1qc66nc/need_some_help_finding_a_retailer/,0,So recently ive been looking for basically anywhere to buy Some blank DVDs for data preservation. I dont have anything near me without supporting the company's on the boycott. And I cant find any websites online that dont ship internationally and Israel. So any help would be appreciated! ,BDS,289.0,2026-01-13 22:52:59,Firm_Paint8474,ASK THE SUB,0,1,2026-01-13 23:52:59,1970-01-01 00:00:01.768344779,1qc66nc,False,Need some help finding a retailer,2026-01-13 23:52:59,0.93,hot,29822,False
t2_ykt3x3780,bds_posts_hot.csv,278,278,False,0,https://reddit.com/r/BDS/comments/1qaz7r3/under_javier_milei_argentina_has_given_state/,5,,BDS,,2026-01-12 16:18:01,Tr0jan___,News,0,2,2026-01-12 17:18:01,1970-01-01 00:00:01.768234681,1qaz7r3,False,"Under Javier Milei, Argentina has given state benefits to Israeli expats, while Patagonia has become a haven for ex-IDF soldiers fearing Gaza war crimes charges",2026-01-12 17:18:01,0.99,hot,29822,False
t2_tnl5d7ex6,bds_posts_hot.csv,204,204,False,0,https://reddit.com/r/BDS/comments/1qaodjb/group_staged_a_diein_to_protest_investments_in/,0,https://www.heraldscotland.com/news/25756510.pro-palestine-protestors-target-jp-morganchase-glasgow/,BDS,100.0,2026-01-12 07:14:01,tortilla_avalanche,Action Alert,0,0,2026-01-12 08:14:01,1970-01-01 00:00:01.768202041,1qaodjb,False,"Group staged a ""die-in"" to protest investments in Elbit.",2026-01-12 08:14:01,1.0,hot,29822,False
t2_tnl5d7ex6,bds_posts_hot.csv,525,525,False,0,https://reddit.com/r/BDS/comments/1qae79u/bds_boycott_stickers/,15,"I ordered these stickers off ebay and have started putting them up, mostly on Coca-Cola and Costa items and McDonald's ads.

I think it's a fun way to let others know about the boycott, and slightly thrilling because it feels like you're doing something wrong, but for all the right reasons.

I put one up recently on one of those self-serve Costa coffee machines in a place that I frequent regularly, and the next time I saw it, the machine was ""out of order"".

I can't prove that the sticker triggered it, but I'd like to think it made the owners of the establishment think twice about selling Costa on their premises. 

Has anyone else been using these types of stickers? ",BDS,675.0,2026-01-11 23:10:00,tortilla_avalanche,Action Alert,0,0,2026-01-12 00:10:00,1970-01-01 00:00:01.768173000,1qae79u,False,BDS Boycott Stickers!,2026-01-12 00:10:00,1.0,hot,29822,False
t2_a2teokqd,bds_posts_hot.csv,26,26,False,0,https://reddit.com/r/BDS/comments/1qawwnu/thoughts_on_handmade_palestine/,0,,BDS,,2026-01-12 14:51:57,Kernowite,Consumer,0,0,2026-01-12 15:51:57,1970-01-01 00:00:01.768229517,1qawwnu,False,thoughts on Handmade Palestine?,2026-01-12 15:51:57,1.0,hot,29822,False
t2_a2teokqd,bds_posts_hot.csv,13,13,False,0,https://reddit.com/r/BDS/comments/1qawwdn/thoughts_on_handmade_palestine/,2,"I cna't shake the feeling that it is a cover up for something else... maybe am becoming paranoid, but is it legit? it looks too neat...",BDS,135.0,2026-01-12 14:51:37,Kernowite,Consumer,0,3,2026-01-12 15:51:37,1970-01-01 00:00:01.768229497,1qawwdn,False,thoughts on Handmade Palestine?,2026-01-12 15:51:37,0.79,hot,29822,False
t2_1fvl3hgr55,bds_posts_hot.csv,21,21,False,0,https://reddit.com/r/BDS/comments/1qapp0t/most_ethical_mystic_streaming_platform/,6,"Does anyone know an ethical streaming service? I just switched everything to tidal to learn they are owned by Block Inc (formerly square I believe) which has ties to Israel. Seems like they pay artists the best and are the least of all evils but also evil and expensive.
It seems like Bandcamp doesn't have direct ties to Israel in terms of funding, unless you count allowing Israeli artists to post and promote their music there (can be geo blocked or avoided if so but I don't believe in collective punishment or personally listen to any Israeli artists to my knowledge anyways). The thing about Bandcamp is I don't think artists are paid at all by streams unless you purchase their albums.
But if anyone understands more about this let me know.",BDS,747.0,2026-01-12 08:37:31,Relative-Narwhal-504,Consumer,0,0,2026-01-12 09:37:31,1970-01-01 00:00:01.768207051,1qapp0t,False,Most ethical mystic streaming platform?,2026-01-12 09:37:31,0.96,hot,29822,False
t2_8tq9v4roy,bds_posts_hot.csv,98,98,False,0,https://reddit.com/r/BDS/comments/1qae8vm/boycotting_spotify_alternatives/,30,I have never paid for spotify premium and have been using their free plan for past few years. I want to stop using it completely. What are some alternatives I can use instead that have a good free plan? ,BDS,203.0,2026-01-11 23:11:52,Brutally_Honest_Swan,ASK THE SUB,0,0,2026-01-12 00:11:52,1970-01-01 00:00:01.768173112,1qae8vm,False,Boycotting Spotify. Alternatives?,2026-01-12 00:11:52,0.99,hot,29822,False
t2_lqq1qn73,bds_posts_hot.csv,455,455,False,0,https://reddit.com/r/BDS/comments/1q9z4ob/a_reminder_to_all_good_people_that_boycotting/,7,,BDS,,2026-01-11 13:17:54,melow_shri,Boycott,0,4,2026-01-11 14:17:54,1970-01-01 00:00:01.768137474,1q9z4ob,False,"A reminder to all good people that boycotting Coca Cola, Burger King, McDonald's, Pizza Hut, and Domino's Pizza is essential to putting pressure against the genocidal Israeli regime",2026-01-11 14:17:54,0.99,hot,29822,False
t2_1t2cqeenz2,bds_posts_hot.csv,190,190,False,0,https://reddit.com/r/BDS/comments/1qa30hp/palestine_will_be_freed/,0,,BDS,,2026-01-11 16:03:09,YamFrosty6169,Boycott,0,3,2026-01-11 17:03:09,1970-01-01 00:00:01.768147389,1qa30hp,False,Palestine will be freed!,2026-01-11 17:03:09,0.98,hot,29822,False
t2_21ubexmblq,bds_posts_hot.csv,26,26,False,0,https://reddit.com/r/BDS/comments/1qaialq/bdssafe_book_publishers/,0,"Hello, I published a children's picture book on Amazon a few years ago but now I am wanting to remove it from their platform. Does anyone know of any BDS-compliant book publisher's in Canada that would be a good alternative? Thanks in advance!",BDS,243.0,2026-01-12 02:06:06,Just_Treacle_611,Gaza,0,0,2026-01-12 03:06:06,1970-01-01 00:00:01.768183566,1qaialq,False,BDS-safe book publishers,2026-01-12 03:06:06,1.0,hot,29822,False
t2_ykt3x3780,bds_posts_hot.csv,75,75,False,0,https://reddit.com/r/BDS/comments/1qa9bpu/reality_has_outpaced_the_conspiracy/,9,,BDS,,2026-01-11 19:59:12,Tr0jan___,Meme!,0,0,2026-01-11 20:59:12,1970-01-01 00:00:01.768161552,1qa9bpu,False,Reality has outpaced the conspiracy,2026-01-11 20:59:12,0.99,hot,29822,False
t2_ykt3x3780,bds_posts_hot.csv,174,174,False,0,https://reddit.com/r/BDS/comments/1qa0ucs/celtics_fans_protesting_the_clubs_reported/,1,,BDS,,2026-01-11 14:35:27,Tr0jan___,Action Alert,0,1,2026-01-11 15:35:27,1970-01-01 00:00:01.768142127,1qa0ucs,False,"Celtics Fans protesting the club’s reported signing of Jocelin Ta Bi, a winger from Maccabi Netanya",2026-01-11 15:35:27,0.99,hot,29822,False
t2_ykt3x3780,bds_posts_hot.csv,116,116,False,0,https://reddit.com/r/BDS/comments/1qa0g8e/a_zionist_and_a_white_supremacist/,0,,BDS,,2026-01-11 14:18:32,Tr0jan___,Boycott,0,1,2026-01-11 15:18:32,1970-01-01 00:00:01.768141112,1qa0g8e,False,'A Zionist And A White Supremacist',2026-01-11 15:18:32,0.99,hot,29822,False
,bds_posts_hot.csv,21,21,False,0,https://reddit.com/r/BDS/comments/1qabcch/is_yellowjackets_worth_boycotting/,13,"I know Juliette Lewis, Christina Ricci and Sophie Nelisse are Zionists but Liv Hewson and Sophie Thatcher aren’t. Is it bad if I watch and enjoy the show? ",BDS,155.0,2026-01-11 21:17:13,[deleted],Boycott,0,4,2026-01-11 22:17:13,1970-01-01 00:00:01.768166233,1qabcch,False,Is Yellowjackets worth boycotting?,2026-01-11 22:17:13,0.82,hot,29822,False
t2_d3286sbf,bds_posts_hot.csv,89,89,False,0,https://reddit.com/r/BDS/comments/1q9v772/help/,20,"I live in Japan, I really don’t like it here, and I have been horribly uneducated and ignorant of this situation for the longest time, I still am very uneducated on many things, but I have been trying my best to my knowledge recently to do better in justice for Palestine to make it up for how ignorant i was, I have boycotted McDonalds, Starbucks, and Mattel (no more of their Jurassic world stuff for me, despite my recent hobby for it) for the past 2 or so months now, I was mostly comfortable with what I was receiving from my family as I heard from like a few online sources that most Japanese brands don’t support Israel, but now I’m made aware that maybe I should boycott Japanese brands because of Japan once again being closer to  Israel now, I have not consumed almost anything for the past month or so, I mostly just isolated myself at home and only ate stuff from FamilyMart, but now I’m being more aware of things and I’m really scared.

My PC is unfortunately Microsoft and I use Google, and I don’t know how to switch to any alternatives, I have had a hobby for collecting for the past 6 years for so, mostly for Godzilla figurines made mainly by Bandai, should I avoid them too? I feel a bit selfish to have a hobby of collecting as most companies I want stuff from are absolutely have records with Israel, I avoid Jazwares at all costs as much as I love FNAF, and I’m wary of watching the new movie coming out (in japan release times) because of the studio’s CEO’s ties with Israel. I wanted to watch it with my friends, but I’m thinking of not doing that either. 

TLDR: i feel like boycotting as much as I comfortably could, should I do so with most Japanese brands of my country such as Daiso, Bandai, restaurants like Saizeriya, etc.

(I was just made aware of Daiso’s Israel store while I wanted to buy some cheap supplies for a Chica cosplay, now I don’t know what to do)

my family and friends are unaware of the boycotts, my mom made me gift my close friends Starbucks giftcards that she bought, I really didn’t know what to do besides telling them I don’t eat or support Starbucks for multiple reasons, I wish I was more fluent in this language and I wish more people in this unfriendly Country were aware, and I wish I could tell them too. I’m not comfortable with approaching any of my hobbies in the meantime as I’m very wary of them, I feel horrible for this.

the only thing I approach now is buying things secondhand, I enjoy Stüssy products but I’m wary of any popular clothing brand  especially since they’re closely tied with Nikes, I just have them ordered secondhand on Mercari.

i’m sorry if this was uninformed, please correct me in anything, I’m trying my best to be more aware, I want as much possible feedback and sources. i want to be aware of possible alternatives with no records/concerns that I could access in Japan, mostly for my essentials, I’m still young and I haven’t gotten my own house yet, this is just to tell my mom of where I would go.",BDS,2993.0,2026-01-11 09:33:05,OmegaDGalaxyGoji777,Consumer,0,1,2026-01-11 10:33:05,1970-01-01 00:00:01.768123985,1q9v772,False,help,2026-01-11 10:33:05,0.98,hot,29822,False
t2_141rzwbjnl,bds_posts_hot.csv,13,13,False,0,https://reddit.com/r/BDS/comments/1qa6efm/tech_alternatives/,1,"Lots of love to all of  you, and alot of appreciation, from my field here are a few tech alternatives:
WhatsApp ------&gt;SimpleX
Search engine:
Google------&gt;Qwant
Browser:
Chrome ------&gt; Librewolf for PC, Ironfox for Android 
YouTube -----&gt;FreeTube for PC,LibreTube for Android 
Windows-----&gt;Ubuntu Linux
PlayStore-----&gt;FDroid
Google Maps-----&gt;C maps (FDroid)
Gmail------&gt; Proton mail
MS Office------&gt;Libre office
AI:
DeepSeek, Kimi,  ChatGLM,LibertAI
(First three are Chinese)

VPN:
Hide.me(based in Malaysia)
Proton VPN (based in Switzerland)

Take it on your own pace.
Keep it up
May god bless you all.
Peace Love and Logos
Free Palestine 🇵🇸 

",BDS,672.0,2026-01-11 18:10:26,Life-Focus-3105,Boycott,0,1,2026-01-11 19:10:26,1970-01-01 00:00:01.768155026,1qa6efm,False,Tech Alternatives...,2026-01-11 19:10:26,0.88,hot,29822,False
t2_ulw8fq8h,bds_posts_hot.csv,6,6,False,0,https://reddit.com/r/BDS/comments/1qaba1u/hi_to_those_who_want_to_be_online_activists_but/,4,"I am planning to transfer ownership of my instagram account, my life has gotten very busy lately and I will not be able to actively use this account that much and I am wondering if anyone who is willing to become the admin of my account! Please DM me if you’re interested \^\^",BDS,276.0,2026-01-11 21:14:45,Dingus-the-Mingus,Action Alert,0,2,2026-01-11 22:14:45,1970-01-01 00:00:01.768166085,1qaba1u,False,"Hi, to those who want to be online activists but have basically no following yet. Read this for a head start!",2026-01-11 22:14:45,0.71,hot,29822,False
t2_dtqezwmb,bds_posts_hot.csv,7,7,False,0,https://reddit.com/r/BDS/comments/1qa8b96/how_to_stop_funding_ice/,0,,BDS,,2026-01-11 19:20:47,Fledgling_112896,News,0,1,2026-01-11 20:20:47,1970-01-01 00:00:01.768159247,1qa8b96,False,How to Stop Funding ICE!,2026-01-11 20:20:47,0.78,hot,29822,False
t2_jnrrge7y,bds_posts_hot.csv,114,114,False,0,https://reddit.com/r/BDS/comments/1q9prnl/israelbacked_settler_terrorists_supported_by_the/,1,,BDS,,2026-01-11 04:25:29,ContentChecker,,0,0,2026-01-11 05:25:29,1970-01-01 00:00:01.768105529,1q9prnl,False,"Israel-backed settler terrorists, supported by the military &amp; police, forcibly expel 26 Palestinian families, including 59 children, from Ras Ein al-Auja, accelerating ethnic cleansing in the Jordan Valley.",2026-01-11 05:25:29,1.0,hot,29822,False
t2_1zwclkjw2o,bds_posts_hot.csv,100,100,False,0,https://reddit.com/r/BDS/comments/1q9oskn/ill_posted_it_here_again_remember_folks_we_need/,0,,BDS,,2026-01-11 03:37:33,Die_Hard_new3492,News,0,4,2026-01-11 04:37:33,1970-01-01 00:00:01.768102653,1q9oskn,False,"I'll posted it here again. Remember folks, we need to boycott Japanese products as much as we could.",2026-01-11 04:37:33,0.96,hot,29822,False
t2_1zwclkjw2o,bds_posts_hot.csv,206,206,False,0,https://reddit.com/r/BDS/comments/1q90fg0/what_kind_of_japanese_goods_that_we_need_to/,20,,BDS,,2026-01-10 10:04:44,Die_Hard_new3492,Boycott,0,2,2026-01-10 11:04:44,1970-01-01 00:00:01.768039484,1q90fg0,False,What kind of Japanese goods that we need to boycott as well?,2026-01-10 11:04:44,0.99,hot,29822,False
t2_64jmyy24,bds_posts_hot.csv,31,31,False,0,https://reddit.com/r/BDS/comments/1q9381x/ai_vibe_coding_base44/,4,"Ok, we all know that we should STOP using AI. But let's be honest: people will continue to use it to save time, to do a lot of things they can't do otherwise. I just repeat ""IF you use it, try to use it for the right reasons, in a more sustainable way (maybe this needs an other post).   
  
Anyhow, I just came here to say that there are some AI tools to boycott more than others. Like Wix for website development, Base44 (acquired by Wix) for vibe coding.",BDS,457.0,2026-01-10 12:48:05,Virtual_Ad_4734,Boycott,0,1,2026-01-10 13:48:05,1970-01-01 00:00:01.768049285,1q9381x,False,"AI, vibe coding, Base44",2026-01-10 13:48:05,0.94,hot,29822,False
t2_11s8q,bds_posts_hot.csv,101,101,False,0,https://reddit.com/r/BDS/comments/1q8nmgh/israels_secret_antiiran_media_campaign/,1,,BDS,,2026-01-09 23:15:58,richards1052,Hasbara,0,2,2026-01-10 00:15:58,1970-01-01 00:00:01.768000558,1q8nmgh,False,Israel’s Secret Anti-Iran Media Campaign,2026-01-10 00:15:58,0.98,hot,29822,False
t2_ykt3x3780,bds_posts_hot.csv,252,252,False,0,https://reddit.com/r/BDS/comments/1q87e29/megyn_kelly_is_calling_out_isreall_control_over/,17,,BDS,,2026-01-09 12:49:00,Tr0jan___,Other,0,13,2026-01-09 13:49:00,1970-01-01 00:00:01.767962940,1q87e29,False,Megyn Kelly is calling out Isreall control over America,2026-01-09 13:49:00,0.95,hot,29822,False
t2_13y1ie,bds_posts_hot.csv,43,43,False,0,https://reddit.com/r/BDS/comments/1q82lbg/the_wall_boycott_assistant_addon/,1,"This is a more specifically focused addon than the ""boycat"" one that was posted a year ago, and this one works on android (for Firefox at least). 

[The Wall Addon](https://the-wall.win/)

[https://addons.mozilla.org/en-US/firefox/addon/the-wall-boycott-assistant/](https://addons.mozilla.org/en-US/firefox/addon/the-wall-boycott-assistant/) 

[The wall - Boycott assistant - Microsoft Edge Addons](https://microsoftedge.microsoft.com/addons/detail/the-wall-boycott-assist/hohcmoejpohgbageiijhkiolfnfdcmgo)

[The wall - Boycott assistant - Chrome Web Store](https://chromewebstore.google.com/detail/the-wall-boycott-assistan/kocebhffdnlgdahkbfeopdokcoikipam)",BDS,658.0,2026-01-09 08:09:25,barccy,Boycott,0,0,2026-01-09 09:09:25,1970-01-01 00:00:01.767946165,1q82lbg,False,The Wall Boycott Assistant add-on,2026-01-09 09:09:25,1.0,hot,29822,False
t2_evdtgw8v,bds_posts_hot.csv,267,267,False,0,https://reddit.com/r/BDS/comments/1q70app/israeli_influencer_morya_apple_mocks_the/,11,,BDS,,2026-01-08 02:59:41,Ilovedia,Dehumanization ,0,2,2026-01-08 03:59:41,1970-01-01 00:00:01.767841181,1q70app,False,Israeli influencer Morya Apple mocks the Palestinian children in Gaza being starved by Israel and the US,2026-01-08 03:59:41,0.99,hot,29822,False
t2_ykt3x3780,bds_posts_hot.csv,220,220,False,0,https://reddit.com/r/BDS/comments/1q6z42a/an_appeal/,13,,BDS,,2026-01-08 02:07:44,Tr0jan___,Action Alert,0,0,2026-01-08 03:07:44,1970-01-01 00:00:01.767838064,1q6z42a,False,An appeal...,2026-01-08 03:07:44,1.0,hot,29822,False
t2_gnehf8fnw,bds_posts_hot.csv,50,50,False,0,https://reddit.com/r/BDS/comments/1q711a4/are_there_ethical_bds_safe_investments/,12,"I'm 20 y/o and even tho i don't like capitalism i do need to work for a better life for me and my family. As a business major I've been learning a lot about investments in university and do perceive them as an easy way to save money for the future. However, one of my professors recommended to invest in Google and Nvidia, which are definitely a no because they are both plagued of zionists and are actively contributing to genocide. I was doing some research but couldn't really find much, are there high yield investments that are also bds safe or should I just put my money on a compound interest account?",BDS,608.0,2026-01-08 03:33:17,SuccessfulOwl9919,Discussion,0,2,2026-01-08 04:33:17,1970-01-01 00:00:01.767843197,1q711a4,False,Are there ethical bds safe investments?,2026-01-08 04:33:17,0.95,hot,29822,False
t2_5ard3jui,bds_posts_hot.csv,37,37,False,0,https://reddit.com/r/BDS/comments/1q6zdlq/should_i_boycott_ikea/,8,If so why? Best if you could give some kind of proof but not like an 10yr article,BDS,81.0,2026-01-08 02:19:06,mornunglake,ASK THE SUB,0,2,2026-01-08 03:19:06,1970-01-01 00:00:01.767838746,1q6zdlq,False,Should I boycott Ikea?,2026-01-08 03:19:06,0.93,hot,29822,False
t2_11s8q,bds_posts_hot.csv,91,91,False,0,https://reddit.com/r/BDS/comments/1q6q7xs/breads_bakery_employees_unionize_call_for_end_to/,0,,BDS,,2026-01-07 20:11:34,richards1052,BDS Victory!,0,4,2026-01-07 21:11:34,1970-01-01 00:00:01.767816694,1q6q7xs,False,"Breads Bakery employees unionize, call for end to Jewish Israeli owners’ ‘support for the genocide in Gaza’ - New York Jewish Week",2026-01-07 21:11:34,0.95,hot,29822,False
t2_58xn2f,bds_posts_hot.csv,10,10,False,0,https://reddit.com/r/BDS/comments/1q6t4nt/mcd_strawberry_shake/,5,What is the closest thing to a McD strawberry shake?,BDS,52.0,2026-01-07 22:02:19,manofwater3615,Consumer,0,1,2026-01-07 23:02:19,1970-01-01 00:00:01.767823339,1q6t4nt,False,McD Strawberry Shake,2026-01-07 23:02:19,0.86,hot,29822,False
t2_akx8vxw,bds_posts_hot.csv,54,54,False,0,https://reddit.com/r/BDS/comments/1q668l4/cola_alternatives_available_in_canada/,18,Dumped Cola and Pepsi 2 years ago for obvious reasons. But I wanna know if anyone has found a really good close alternative that's not too difficult to find? ,BDS,158.0,2026-01-07 04:53:43,pixelatedprophecies,ASK THE SUB,0,0,2026-01-07 05:53:43,1970-01-01 00:00:01.767761623,1q668l4,False,Cola alternatives available in Canada?,2026-01-07 05:53:43,0.99,hot,29822,False
t2_edku3ngv,bds_posts_hot.csv,27,27,False,0,https://reddit.com/r/BDS/comments/1q698jg/vpn/,17,"Hello all, looking for a vpn.

Considering: 

Nord VPN (does it matter that it’s not anonymous sign up)

Proton VPN (good but with email also)

Mullvad (not so much info on this)

Surf shark 

Any other recommendations. 

Btw allegedly all of these VPNs have servers in Occupied Palestine. Does that mean we should not be using any of them? ",BDS,341.0,2026-01-07 07:39:27,Unlikely-Sky6932,ASK THE SUB,0,2,2026-01-07 08:39:27,1970-01-01 00:00:01.767771567,1q698jg,False,VPN,2026-01-07 08:39:27,0.91,hot,29822,False
t2_oplpcdrgq,bds_posts_hot.csv,36,36,False,0,https://reddit.com/r/BDS/comments/1q62l01/us_banks/,2,"Hey guys, does anyone know of BDS-safe banks in the US? I currently have BofA (main), Capitol One, and Discover. I have recently started credit cards with them but haven’t activated Capitol One or Discover. I never had credit history and wanted to build up. Should I terminate my account with all of them? (I mean yes, of course, but I need an alternative.) Will this have a great effect on me applying to other banks? I’m young and learning this stuff out.

I know Wells Fargo, American Express, and Chase are a no-go on Disoccupied. Should I go for local credit unions? How reliable are they? How about online banks? I have heard of https://bank.green. Has anyone used it and found a safe bank?

I have found Huntington Bank as a safe option on Disoccupied and as a sustainable bank on bank.green. Has anyone used this bank? How is it? There are no physical branches in my state for this bank. Will that be a problem at all if I decide to go with them regardless? I get cash tips from my job, so I don’t know how I will transfer my money into an account, unless I keep it as cash.

It seems like a good option because it is Disoccupied &amp; bank.green approved. It’s also FDIC-insured which is great. The problem is that this bank is linked with Mastercard. Both Visa &amp; Mastercard support Israel &amp; it seems like all cards either from banks or credit unions use these two. I think there is no option for us in the US.

Ughhh, what can I do??? I’m asking this because I have looked at other posts on here regarding this issue &amp; I haven’t found much other than local credit unions. My problem is that if I move either out of state or the city and I bank with them, will that be inconvenient?

How about banks for High-Yield Savings Accounts (HYSA)? I would like to open an account as well. I see Ally (bank) as a good bank for HYSA but it’s listed as caution on Disoccupied. How should I go about this?

I’m sorry for the long post and never-ending questions but I would really like some answers. What can US citizens do to bank that is sustainable and BDS-safe?",BDS,2074.0,2026-01-07 02:06:30,veinsouls,ASK THE SUB,0,1,2026-01-07 03:06:30,1970-01-01 00:00:01.767751590,1q62l01,False,US banks,2026-01-07 03:06:30,0.97,hot,29822,False
t2_jnrrge7y,bds_posts_hot.csv,129,129,False,0,https://reddit.com/r/BDS/comments/1q5jqb5/today_in_1948_the_haganah_bombed_jerusalems/,0,,BDS,,2026-01-06 14:15:14,ContentChecker,,0,0,2026-01-06 15:15:14,1970-01-01 00:00:01.767708914,1q5jqb5,False,"Today in 1948, the Haganah bombed Jerusalem's Semiramis Hotel, killing 26 &amp; injuring 60. Most victims were Palestinian Christians; Spain's vice-consul was killed. Britain condemned the attack. Historians conclude it incited the emptying of Qatamon, a prosperous, mostly Palestinian Christian town.",2026-01-06 15:15:14,1.0,hot,29822,False
t2_9xgjp,bds_posts_hot.csv,465,465,False,0,https://reddit.com/r/BDS/comments/1q51krv/nvidia_builds_second_home_in_israel/,18,"NVIDIA has confirmed it will establish a major new R&amp;D campus in Kiryat Tivon in northern Israel, calling the country a strategic ""second home"" for the company.",BDS,164.0,2026-01-05 23:18:29,pimpin_n_stuff,Boycott,0,4,2026-01-06 00:18:29,1970-01-01 00:00:01.767655109,1q51krv,False,"Nvidia builds ""second home"" in Israel",2026-01-06 00:18:29,0.99,hot,29822,False
t2_10oio8mjhd,bds_posts_hot.csv,115,115,False,0,https://reddit.com/r/BDS/comments/1q5ag0b/would_you_date_someone_who_doesnt_boycott/,60,"In talking to this really sweet guy and we really really like each other so far. However the only issue I have so far is that he does not boycott zionists, not even the few bds targets. Saying is already hard as fuck for me because I’m queer, pretty feminine as a guy, and also vegan and idk if I should raise my pretty low standards a bit higher and only date people who boycott. What would you guys do lol cause idk. Like I’m worried about him wanting for us to eat at a Zionist company or like, getting Zionist gifts on Christmas and stuff like that you know? I know I can’t force people to boycott but I just don’t want any awkward encounters later down the line and stuff",BDS,676.0,2026-01-06 05:50:20,No-Trick-7397,Discussion,0,8,2026-01-06 06:50:20,1970-01-01 00:00:01.767678620,1q5ag0b,False,Would you date someone who doesn’t boycott?,2026-01-06 06:50:20,0.93,hot,29822,False
t2_1vqfew7uau,bds_posts_hot.csv,153,153,False,0,https://reddit.com/r/BDS/comments/1q4yyub/the_world_celebrates_a_new_year_but_my_familys/,2,"Hello everyone,
My name is Osama. I am 22 years old from Gaza, and I study pharmacy and biotechnology.

Not long ago, my life revolved around exams, lectures, and plans for graduation. I was supposed to be in my final year at university, preparing to become a pharmacist so I could support my family and build a stable future. That future was taken from me when the war erased everything I knew.

Our home was destroyed, my university no longer exists, and my city has been reduced to ruins. My family and I were forced to flee again and again under constant shelling and airstrikes, surviving moments where death felt terrifyingly close.

Today, survival is our only goal. Education has stopped, dreams are on hold, and the future is uncertain. We spend our days searching for clean water and food, living in fragile tents that cannot protect us from heat, cold, or fear. This has been our reality for the third year in a row.

While the rest of the world moves forward and plans for the future, time here feels frozen. In Gaza, there are no new beginnings, only loss, waiting, and deep uncertainty. Many days, it feels as though we have been forgotten.

Still, I refuse to let go of hope. I believe my years of study still matter, and that my family deserves a chance at life beyond mere survival. Today, I am asking for help because my family and I have no other way to survive. Any support, no matter how small, could help us stay alive and begin rebuilding what was taken from us.

Thank you for taking the time to read my story.
Donation link is in the comments.",BDS,1568.0,2026-01-05 21:38:30,dark00H,Gaza,0,0,2026-01-05 22:38:30,1970-01-01 00:00:01.767649110,1q4yyub,False,"The world celebrates a new year, but my family’s dreams lie under the rubble. Please help us rebuild.",2026-01-05 22:38:30,1.0,hot,29822,False
t2_7ww2gfdl,bds_posts_hot.csv,320,320,False,0,https://reddit.com/r/BDS/comments/1q4ntsr/why_does_a_beauty_subreddit_have_this_censorship/,26,,BDS,,2026-01-05 14:57:54,Altruistic_You9489,Other,0,0,2026-01-05 15:57:54,1970-01-01 00:00:01.767625074,1q4ntsr,False,"Why does a beauty subreddit have this censorship, I wonder",2026-01-05 15:57:54,1.0,hot,29822,False
t2_ulw8fq8h,bds_posts_hot.csv,34,34,False,0,https://reddit.com/r/BDS/comments/1q5486i/is_ea_on_the_boycott_list_and_if_so_are_there/,9,,BDS,,2026-01-06 01:05:39,Dingus-the-Mingus,Consumer,0,0,2026-01-06 02:05:39,1970-01-01 00:00:01.767661539,1q5486i,False,Is EA on the boycott list? And if so are there other ways to play their online games that dont involve an ea play subscription?,2026-01-06 02:05:39,1.0,hot,29822,False
t2_jnrrge7y,bds_posts_hot.csv,236,236,False,0,https://reddit.com/r/BDS/comments/1q3yoor/buy_me_coffee_allows_donations_to_the_iof_who_are/,0,,BDS,,2026-01-04 19:14:42,ContentChecker,,0,0,2026-01-04 20:14:42,1970-01-01 00:00:01.767554082,1q3yoor,False,"Buy Me Coffee allows donations to the IOF, who are committing genocide, but bans people documenting videos of the IOF's genocide",2026-01-04 20:14:42,1.0,hot,29822,False
t2_ykt3x3780,bds_posts_hot.csv,253,253,False,0,https://reddit.com/r/BDS/comments/1q3rmk9/the_opposition_leader_in_venezuela_showing_where/,10,,BDS,,2026-01-04 14:43:50,Tr0jan___,News,0,0,2026-01-04 15:43:50,1970-01-01 00:00:01.767537830,1q3rmk9,False,The opposition leader in Venezuela showing where her loyalty lies,2026-01-04 15:43:50,1.0,hot,29822,False
t2_9134tno6,bds_posts_hot.csv,118,118,False,0,https://reddit.com/r/BDS/comments/1q3mz7q/give_us_our_money_back/,1,,BDS,,2026-01-04 10:45:35,Nervous-Savings2251,Boycott,0,0,2026-01-04 11:45:35,1970-01-01 00:00:01.767523535,1q3mz7q,False,Give us our money back‼️,2026-01-04 11:45:35,1.0,hot,29822,False
t2_ykt3x3780,bds_posts_hot.csv,201,201,False,0,https://reddit.com/r/BDS/comments/1q3junx/mayor_mamdani_says_he_called_trump_this_morning/,1,,BDS,,2026-01-04 07:35:43,Tr0jan___,News,0,0,2026-01-04 08:35:43,1970-01-01 00:00:01.767512143,1q3junx,False,Mayor Mamdani says he called Trump this morning to voice his disagreement with the aggressions in Venezuela and capture of Maduro. I called the president and spoke with him directly to register my opposition to this act,2026-01-04 08:35:43,1.0,hot,29822,False
t2_1b1kvm7rd8,bds_posts_hot.csv,48,48,False,0,https://reddit.com/r/BDS/comments/1q3ocim/ethical_consumerism_makes_job_hunting_so_much/,8,"I literally can not find a job that follows ethical consumerism, iykwim. I'm a junior in a few creative IT fields (graphic and web design and social media management) and all companies either use AI heavily, require Meta ads management, or something else. Anyone got some recommendations?",BDS,288.0,2026-01-04 12:05:27,DesignerSkyline01,Consumer,0,2,2026-01-04 13:05:27,1970-01-01 00:00:01.767528327,1q3ocim,False,Ethical consumerism makes job hunting so much harder,2026-01-04 13:05:27,0.95,hot,29822,False
t2_11s8q,bds_posts_hot.csv,50,50,False,0,https://reddit.com/r/BDS/comments/1q3mblk/israels_failed_assassination_attempt_against/,0,,BDS,,2026-01-04 10:06:05,richards1052,Israeli Terror/Apartheid,0,0,2026-01-04 11:06:05,1970-01-01 00:00:01.767521165,1q3mblk,False,Israel’s Failed Assassination Attempt Against Iran’s Top Leadership,2026-01-04 11:06:05,1.0,hot,29822,False
t2_ykt3x3780,bds_posts_hot.csv,153,153,False,0,https://reddit.com/r/BDS/comments/1q3bf9j/asshole/,4,,BDS,,2026-01-04 00:43:27,Tr0jan___,News,0,1,2026-01-04 01:43:27,1970-01-01 00:00:01.767487407,1q3bf9j,False,Asshole !!!! 🤬🤬🤬🤬,2026-01-04 01:43:27,0.99,hot,29822,False
t2_o6pzeohep,bds_posts_hot.csv,12,12,False,0,https://reddit.com/r/BDS/comments/1q3r1q4/does_buying_etfs_actually_support_the_companies/,3,"I’m in the fortunate position of having a small amount of savings to invest. My income is low so I’d like to be as smart as possible with it for my future, but also obviously don’t want to actively support any BDS companies. I’m also new to investing so simple = good, I don’t wanna be managing individual stocks just yet. There also doesn’t seem to be any BDS ETF’s around. 

My understanding is that one buys the stock from another holder, and not from the companies themselves, so in that sense the company benefits very little from the buying. 

But it still doesn’t feel right and I don’t feel I understand enough to be able to make a decision, so I’m hoping someone can weigh in here with more knowledge about the best thing to do? I was thinking to just invest in the S&amp;P 500 or similar and donate a portion of the profits to relief efforts - does that make sense? What do other people do here?",BDS,905.0,2026-01-04 14:18:50,Accomplished_Cry6108,Other,0,0,2026-01-04 15:18:50,1970-01-01 00:00:01.767536330,1q3r1q4,False,Does buying ETF’s actually support the companies?,2026-01-04 15:18:50,1.0,hot,29822,False
t2_19at9jma74,bds_posts_hot.csv,24,24,False,0,https://reddit.com/r/BDS/comments/1q3mhb1/i_have_a_question_which_phone_company_should_i/,11,"I usually buy used phones for my self and my family during the bycott but my nani wants a new phone and I can't do anything abt it so is there any alternative.
Android is owned by bill gates (google)
IOS is on the bycott list 
What are ur thoughts of this",BDS,255.0,2026-01-04 10:15:50,SchemeBoth2169,Boycott,0,0,2026-01-04 11:15:50,1970-01-01 00:00:01.767521750,1q3mhb1,False,I have a question which phone company should I buy as all of them support Israel.,2026-01-04 11:15:50,1.0,hot,29822,False
t2_14spiltaoa,bds_posts_hot.csv,17,17,False,0,https://reddit.com/r/BDS/comments/1q3kae9/question_about_bds/,18,"Hi, my friend gave me a really hard time about my brother going to Starbucks. Maybe this is a blind spot of mine, but I pointed out to my friend that the connection between Starbucks and Israel is much more tenuous than other companies, and it’s not on the BDS list, and perhaps if our boycotting mandate is so broad then it distracts from the companies that actually have operated in Israel or supported the IDF. My friend didn’t seem that interested in the details of Starbucks’ involvement - she just argued that since they are pro-Israel, they should be boycotted. I’m not sure this sits right with me.

What are your thoughts?",BDS,631.0,2026-01-04 08:01:55,CraftyOpportunity646,ASK THE SUB,0,6,2026-01-04 09:01:55,1970-01-01 00:00:01.767513715,1q3kae9,False,Question about BDS,2026-01-04 09:01:55,0.73,hot,29822,False
t2_1kehygh2f3,bds_posts_hot.csv,46,46,False,0,https://reddit.com/r/BDS/comments/1q3cmau/should_i_boycott_argentina/,17,"I feel conflicted because Argentina officially recognizes Palestine and has historically been one of the most Pro-Palestinian countries. I'm fact, even in the early days of the genocide. Argentina consistently voted in favor of a ceasefire.This was until Javier Milei was elected president in 2024 and shifted the country towards Israel

However, my understanding is the most Argentines also have a negative view of Israel and they only voted for Milei for economic reasons. ",BDS,475.0,2026-01-04 01:36:25,VolkswagenPanda,Boycott,0,7,2026-01-04 02:36:25,1970-01-01 00:00:01.767490585,1q3cmau,False,Should I boycott Argentina?,2026-01-04 02:36:25,0.86,hot,29822,False
t2_jnrrge7y,bds_posts_hot.csv,177,177,False,0,https://reddit.com/r/BDS/comments/1q2wrlz/databases_for_palestine_which_tracks_israels/,3,,BDS,,2026-01-03 15:04:11,ContentChecker,,0,0,2026-01-03 16:04:11,1970-01-01 00:00:01.767452651,1q2wrlz,False,"Databases for Palestine, which tracks Israel's genocide in Gaza &amp; other crimes, has been de-platformed by 'Buy Me Coffee'.",2026-01-03 16:04:11,1.0,hot,29822,False
t2_1b1kvm7rd8,bds_posts_hot.csv,43,43,False,0,https://reddit.com/r/BDS/comments/1q37ked/what_social_media_platform_to_use_that_is_ethical/,10,"
The more you learn about social media the more you realize how exactly hidden unethical being of it contributed to its popularity. It is so unethical, especially these days with the AI rise and pushing propaganda. So, which one to use, anti-AI if possible, that still has a lot of people? I don't want to lose my online friends. But I want to beat social media addiction. Reddit seems nice but I want something similar to Instagram and TikTok.",BDS,444.0,2026-01-03 22:02:49,DesignerSkyline01,Consumer,0,0,2026-01-03 23:02:49,1970-01-01 00:00:01.767477769,1q37ked,False,What social media platform to use that is ethical and still popular?,2026-01-03 23:02:49,1.0,hot,29822,False
t2_jnrrge7y,bds_posts_hot.csv,51,51,False,0,https://reddit.com/r/BDS/comments/1q339v4/new_york_state_senate_bill_s531_titled_the/,1,,BDS,,2026-01-03 19:14:24,ContentChecker,,0,0,2026-01-03 20:14:24,1970-01-01 00:00:01.767467664,1q339v4,False,"New York State Senate Bill S531, titled the 'antisemitism vandalism act', would criminalize vandalism of pro-Israel public print",2026-01-03 20:14:24,1.0,hot,29822,False
t2_jnrrge7y,bds_posts_hot.csv,29,29,False,0,https://reddit.com/r/BDS/comments/1q3253v/leaked_israeli_foreign_ministry_email_outlines/,0,,BDS,,2026-01-03 18:31:42,ContentChecker,,0,0,2026-01-03 19:31:42,1970-01-01 00:00:01.767465102,1q3253v,False,"Leaked Israeli Foreign Ministry email outlines strategy to reframe a 2017 anti-occupation conference as BDS-centric, in order to demonize the event in Germany",2026-01-03 19:31:42,1.0,hot,29822,False
t2_fmf344ai,bds_posts_hot.csv,86,86,False,0,https://reddit.com/r/BDS/comments/1q2srmv/boycott_the_fiorentina_football_club/,2,"[https://www.facebook.com/share/v/1Bc9eKQfFe/](https://www.facebook.com/share/v/1Bc9eKQfFe/)

They've signed the Israeli and Zionist footballer Solomon! A clear propaganda and hasbara move, given that in recent seasons he's barely played for the teams he played for!  
",BDS,269.0,2026-01-03 11:50:40,Imaginary-Hold5898,Consumer,0,0,2026-01-03 12:50:40,1970-01-01 00:00:01.767441040,1q2srmv,False,Boycott the Fiorentina Football Club!,2026-01-03 12:50:40,0.99,hot,29822,False
t2_10p3mqzive,bds_posts_hot.csv,8,8,False,0,https://reddit.com/r/BDS/comments/1q2vv9y/kleman_france_shoes/,0,"Hi all, i really liked Kleman Pardor shoes. Are they OK? (Not obviously from quality perspective)",BDS,97.0,2026-01-03 14:26:07,Relative-Chain73,ASK THE SUB,0,0,2026-01-03 15:26:07,1970-01-01 00:00:01.767450367,1q2vv9y,False,Kleman France - shoes,2026-01-03 15:26:07,1.0,hot,29822,False
t2_vuxmu214c,bds_posts_hot.csv,47,47,False,0,https://reddit.com/r/BDS/comments/1q2jhst/11_best_kindle_alternatives_for_ethical_ereading/,1,,BDS,,2026-01-03 03:18:39,Practical_Chef_7897,Consumer,0,0,2026-01-03 04:18:39,1970-01-01 00:00:01.767410319,1q2jhst,False,11 Best Kindle Alternatives For Ethical E-reading,2026-01-03 04:18:39,1.0,hot,29822,False
t2_a7mppc3j,bds_posts_hot.csv,44,44,False,0,https://reddit.com/r/BDS/comments/1q2hfiu/what_alternatives_to_airbnb_or_bookingcom_are_you/,13,"Lots of sites seem to actually just crosspost/hide that the booking is going via e.g. booking.com or Expedia. I was using Agoda, but apparently it's also owned by the same people as booking.com? And trip.com is owned by Expedia?

Asking not just as a user (if worst comes to worst I can find a host on these platforms and contact them directly to book in many cases... although not for apartments really) but also because I was considering hosting in my spare room in the near future due to changes in my financial circumstances.

I looked at fairbnb, but it seems to have very few users.",BDS,588.0,2026-01-03 01:46:10,amotivatedgal,ASK THE SUB,0,1,2026-01-03 02:46:10,1970-01-01 00:00:01.767404770,1q2hfiu,False,What alternatives to airbnb or booking.com are you using?,2026-01-03 02:46:10,0.97,hot,29822,False
t2_ulw8fq8h,bds_posts_hot.csv,17,17,False,0,https://reddit.com/r/BDS/comments/1q2k3xj/does_the_essential_mod_for_minecraft_have_any/,3,Pretty straight foward. Does that mod have any ties to the entity in any way!,BDS,77.0,2026-01-03 03:46:28,Dingus-the-Mingus,Boycott,0,0,2026-01-03 04:46:28,1970-01-01 00:00:01.767411988,1q2k3xj,False,Does the essential mod for minecraft have any ties to Isrl?,2026-01-03 04:46:28,0.95,hot,29822,False
t2_xcehc,bds_posts_hot.csv,39,39,False,0,https://reddit.com/r/BDS/comments/1q2cr9x/bdsfriendly_gym_shoes/,7,"Hi everyone!

Avid gym-goer here who is looking for a fairly affordable, comfortable and durable pair of lifting/running shoes that aren't from a brand on the BDS list? Preferably one that I can try in person rather than ordering online. Open to any and all suggestions as someone who goes to the gym about 4-5 times a week. Drop any suggestions or advice on shoes that have worked for you.

Free Palestine 'til its backwards, and don't let the fascists outwork or out train you.",BDS,479.0,2026-01-02 22:29:42,Pack_Em_Up,Consumer,0,0,2026-01-02 23:29:42,1970-01-01 00:00:01.767392982,1q2cr9x,False,BDS-Friendly Gym Shoes?,2026-01-02 23:29:42,0.99,hot,29822,False
t2_1ytk7oy8f2,bds_posts_hot.csv,374,374,False,0,https://reddit.com/r/BDS/comments/1q1ncja/mamdani_revokes_eric_adams_executive_orders_that/,19,,BDS,,2026-01-02 03:04:39,Burning-Bush-613,News,0,0,2026-01-02 04:04:39,1970-01-01 00:00:01.767323079,1q1ncja,False,Mamdani revokes Eric Adams executive orders that banned BDS and required New York City to use IHRA definition of antisemitism,2026-01-02 04:04:39,1.0,hot,29822,False
t2_6yqjcdxj,bds_posts_hot.csv,342,342,False,0,https://reddit.com/r/BDS/comments/1q1lhua/delete_your_tiktok_on_january_22nd_alternatives/,32,"https://preview.redd.it/xy4btwevbuag1.png?width=270&amp;format=png&amp;auto=webp&amp;s=024b9f9f6ef4a8079bd09d3d488d86096d83a056

Oracle CEO and Billionaire Israeli-American Larry Ellison has acquired TikTok in the US. He heavily supports Israel and is the single largest donor to the IOF. Please delete TIKTOK. Some people are planning to delete TikTok on January 22nd, as the deal is set to close on that date.

Before doing so, download all your videos, especially if you've been vocal about Palestine and documenting everythingin the last two years. It's extremely important to have backups. Oracle plans to heavily censor and delete any content that’s pro-Palestine. It's already happening in other areas.

Recently, NameCheap revoked the domain name for Zionism Observer’s digital memorial, which contained over 16,000 videos. We cannot lose this information. It can be exhausting to start another social media account. But we need to make sure we are getting the information out there and supporting Palestinians and other groups going through genocide.

**Alternatives to TikTok**

UpScrolled

Interval

RedNote

Spill App

Please put more suggestions in the comments.",BDS,1175.0,2026-01-02 01:39:11,SnooOnions4663,Boycott,0,3,2026-01-02 02:39:11,1970-01-01 00:00:01.767317951,1q1lhua,False,Delete your Tiktok on January 22nd (Alternatives to Tiktok),2026-01-02 02:39:11,0.99,hot,29822,False
t2_1y12icpph7,bds_posts_hot.csv,198,198,False,0,https://reddit.com/r/BDS/comments/1q1ismy/what_to_do_if_you_get_a_gift_card_to_a_place/,28,"A lot of people post this question, and the answer is always the same. With it recently being Christmas and a lot of people likely receiving these sorts of gift cards, I thought I would make a post about what to do when this happens.

**When you get a giftcard to somewhere being boycotted, the ideal course of action is to use it as soon as possible.** You might wonder why, as we are boycotting these places after all, however the boycott means not sending your money to a place. If someone has bought a giftcard to a place, the money is already spent, then until the gift card is used it actually acts as profit for the company which they make interest off of when you do not use it. For example,  [Starbucks has around 1.78 billion (as of Q4 2024) of unused gift cards in the US.](https://www.tastingtable.com/1907921/starbucks-gift-cards-unspent-amount/) They make money off of gift cards until you spend them, so therefore the best course of action is to spend the money which has been added to the gift card.

However, you should also tell family/friends buying you these giftcards to no longer buy you gift cards from these places, even if this is family you may only talk to once or twice per year. **Send family and friends the BDS list and tell them to boycott too!** (provided it is safe to do so in your situation).",BDS,1328.0,2026-01-01 23:38:33,mar_de_mariposas,Boycott,0,0,2026-01-02 00:38:33,1970-01-01 00:00:01.767310713,1q1ismy,1767310968.0,What to do if you get a gift card to a place being boycotted.,2026-01-02 00:38:33,1.0,hot,29822,False
t2_jnrrge7y,bds_posts_hot.csv,96,96,False,0,https://reddit.com/r/BDS/comments/1q1gyn6/tiktokgenocide_which_documented_israels_genocide/,0,,BDS,,2026-01-01 22:22:07,ContentChecker,,0,0,2026-01-01 23:22:07,1970-01-01 00:00:01.767306127,1q1gyn6,False,"TikTokGenocide, which documented Israel's genocide in Gaza with over 16,000 videos, has gone down. NameCheap revoked the domain name saying it ""promotes, encourages, engages or displays cruelty to humans or animals.""",2026-01-01 23:22:07,1.0,hot,29822,False
t2_csrzjejk,bds_posts_hot.csv,796,796,False,0,https://reddit.com/r/BDS/comments/1q0x0db/jackie_chan_deeply_moved_by_the_suffering_of/,14,,BDS,,2026-01-01 05:49:54,Glad_Opinion_6339,News,0,0,2026-01-01 06:49:54,1970-01-01 00:00:01.767246594,1q0x0db,False,"Jackie Chan, deeply moved by the suffering of Gaza’s children",2026-01-01 06:49:54,1.0,hot,29822,False
t2_1hlu7lllfw,bds_posts_hot.csv,53,53,False,0,https://reddit.com/r/BDS/comments/1q16xjd/take_part_in_a_political_project_for_palestine/,1,"Many of those in solidarity with Palestine outside Arab countries sympathize with the Palestinian cause, particularly since the high-speed genocide started. But a lot of them still have a lot to learn, at at least two levels:

1. **What the actual problem is and what the actual solution is.** For example, many view ""Palestine/Israel"" as something similar to ""Ukraine/Russia"", where if the violence ceases and the two states live peacefully, it's great. They would have a hard time explaining what ""occupation"" actually means or what the difference between it and settler colonization is. And to them, ""two states vs one Palestinian state"" is just a political choice, not the difference between occupation and liberation.
2. **How to impose change.** Basically how to analyze the balance of power enabling settler colonization and how to affect it. For example, many have seen the limited effect of advocacy, protests or electoral politics, but don't really know what to do.

Obviously this is not criticism of them or their efforts. If anything it's a criticism of our (Palestinian and Arab) factions that made virtually 0 efforts to reach out to them to coordinate the discourse, share political experience and organize efforts.

So my suggestions would be for a group of 10-20 Palestinians and Arabs, and possibly others with deep knowledge of the cause, to first have a discussion on the two points above (problem/solution and how to impose change), see what basics they agree on but also where they disagree. Then to compile a list of pro-Palestinian groups abroad, and reach out to them to suggest discussions on these two points.

There already are such efforts, we can join them or create something new. If anyone is interested, please drop a comment or a private message.",BDS,1781.0,2026-01-01 15:37:02,Level-Kiwi-3836,Action Alert,0,1,2026-01-01 16:37:02,1970-01-01 00:00:01.767281822,1q16xjd,False,Take part in a *political* project for Palestine,2026-01-01 16:37:02,0.98,hot,29822,False
t2_1bb2ngtd7u,bds_posts_hot.csv,73,73,False,0,https://reddit.com/r/BDS/comments/1q11s6h/setting_one_palestinian_state_over_all_of/,0,,BDS,,2026-01-01 11:03:56,endingcolonialism,Discussion,0,2,2026-01-01 12:03:56,1970-01-01 00:00:01.767265436,1q11s6h,False,"Setting ""one Palestinian state over all of Palestine"" as the goal is not a preference it's an imperative",2026-01-01 12:03:56,0.97,hot,29822,False
t2_149gz3t5je,bds_posts_hot.csv,154,154,False,0,https://reddit.com/r/BDS/comments/1q0qm3k/former_us_state_dept_spokesperson_and_ghoul/,0,,BDS,,2025-12-31 23:46:58,KnowTheTruthMatters,Gaza,0,0,2026-01-01 00:46:58,1970-01-01 00:00:01.767224818,1q0qm3k,False,"Former U.S. State Dept spokesperson and GHOUL Matthew Miller acknowledges Israel was sabotaging the possibility of reaching a ceasefire agreement. Guess he just lied every single day and put it all on Ήâмáş until the end of Biden's term and no one cares what he says anymore then, no big deal 🤬",2026-01-01 00:46:58,1.0,hot,29822,False
t2_ykt3x3780,bds_posts_hot.csv,58,58,False,0,https://reddit.com/r/BDS/comments/1q0o772/fixed/,0,,BDS,,2025-12-31 21:43:12,Tr0jan___,Boycott,0,1,2025-12-31 22:43:12,1970-01-01 00:00:01.767217392,1q0o772,False,Fixed.,2025-12-31 22:43:12,0.98,hot,29822,False
t2_o4dgz,bds_posts_hot.csv,402,402,False,0,https://reddit.com/r/BDS/comments/1q09q6b/why_nvidia_along_intel_and_hewlettpackard_are_my/,5,"[https://www.calcalistech.com/ctechnews/article/sjcwdmxxzg](https://www.calcalistech.com/ctechnews/article/sjcwdmxxzg)  
[https://finance.yahoo.com/news/nvidia-advanced-talks-buy-israels-171025289.html](https://finance.yahoo.com/news/nvidia-advanced-talks-buy-israels-171025289.html)

  
",BDS,288.0,2025-12-31 10:16:52,MagnusRottcodd,Consumer,0,0,2025-12-31 11:16:52,1970-01-01 00:00:01.767176212,1q09q6b,False,Why Nvidia along Intel and Hewlett-Packard are my top 3 boycott targets.,2025-12-31 11:16:52,1.0,hot,29822,False
t2_ykt3x3780,bds_posts_hot.csv,196,196,False,0,https://reddit.com/r/BDS/comments/1q0c90l/carlos_latuff_the_reason_why_israel_was_the_first/,1,,BDS,,2025-12-31 12:48:36,Tr0jan___,Meme!,0,0,2025-12-31 13:48:36,1970-01-01 00:00:01.767185316,1q0c90l,False,"[Carlos Latuff] The reason why Israel was the first country to recognize ""Somaliland"".",2025-12-31 13:48:36,1.0,hot,29822,False
t2_1jkd4td7yb,bds_posts_hot.csv,17,17,False,0,https://reddit.com/r/BDS/comments/1q0q2sw/is_watching_lou_which_is_owned_by_disney_france/,4,"I recently found this show called Lou and want to watch it to learn French, but I researched it and noticed it is owned by Disney. Though I do not have a subscription to disney, would still watching it on youtube be cross the bds boundary?

I want to ask before I continue watching it or fully stop watching it.",BDS,311.0,2025-12-31 23:18:00,Conscious-Rich3823,Consumer,0,0,2026-01-01 00:18:00,1970-01-01 00:00:01.767223080,1q0q2sw,False,"Is watching Lou!, which is owned by Disney France, on youtube with an adblocker crossing the line?",2026-01-01 00:18:00,0.95,hot,29822,False
t2_4a4p5rw,bds_posts_hot.csv,37,37,False,0,https://reddit.com/r/BDS/comments/1q0e6ti/manifesting_revolution_gaza_is_the_compass/,0,,BDS,,2025-12-31 14:25:18,Puripuri_Purizona,Other,0,1,2025-12-31 15:25:18,1970-01-01 00:00:01.767191118,1q0e6ti,False,Manifesting Revolution - Gaza is the Compass - YouTube - Rev &amp; Reve,2025-12-31 15:25:18,0.97,hot,29822,False
t2_gx1gu,bds_posts_hot.csv,9,9,False,0,https://reddit.com/r/BDS/comments/1q0o4iw/nonprofit_using_free_services_boycott/,3,"Hi, I work for a nonprofit that is considering using some web saas services from companies on the BDS list. They are offered free to nonprofits, but I am wondering if there is a good argument for not using them ",BDS,211.0,2025-12-31 21:39:31,hmountain,Consumer,0,0,2025-12-31 22:39:31,1970-01-01 00:00:01.767217171,1q0o4iw,False,"Nonprofit using free services, boycott?",2025-12-31 22:39:31,0.91,hot,29822,False
t2_11s8q,bds_posts_hot.csv,99,99,False,0,https://reddit.com/r/BDS/comments/1q0087y/iranian_hackers_break_cell_phone_of/,0,,BDS,,2025-12-31 01:40:05,richards1052,,0,0,2025-12-31 02:40:05,1970-01-01 00:00:01.767145205,1q0087y,False,Iranian Hackers Break Cell Phone of Scandal-Plagued Netanyahu Aide,2025-12-31 02:40:05,1.0,hot,29822,False
t2_ykt3x3780,bds_posts_hot.csv,60,60,False,0,https://reddit.com/r/BDS/comments/1pzsypy/tiktok_is_dead/,1,,BDS,,2025-12-30 20:33:18,Tr0jan___,Action Alert,0,0,2025-12-30 21:33:18,1970-01-01 00:00:01.767126798,1pzsypy,False,TikTok is dead,2025-12-30 21:33:18,0.99,hot,29822,False
t2_szgq1k66,bds_posts_hot.csv,375,375,False,0,https://reddit.com/r/BDS/comments/1pzeblc/reminder_avatar_movies_are_owned_by_disney/,21,"The movie is distrubuted by 20th Century Studios. This is a company owned by the Walt Disney Company. Which means most of the film's profit would go to Disney. 

As you already knew, Disney is officially on the BDS list. They donated 2 billion dollars to Issrahell in October 2023, with a statement supporting this ""state"". They also cast Israeli actress, like Gal Gadot and Shira Haas. 

Just wanna put this out here because this movie is popular right now. ",BDS,459.0,2025-12-30 10:02:24,Pepperina_G,Boycott,0,3,2025-12-30 11:02:24,1970-01-01 00:00:01.767088944,1pzeblc,False,Reminder: Avatar movies are owned by Disney,2025-12-30 11:02:24,0.99,hot,29822,False
t2_13pgcj,bds_posts_hot.csv,51,51,False,0,https://reddit.com/r/BDS/comments/1pzkswz/sodastream_alternative/,23,"so, I bought my sodastram 5.5 years ago before I really got into bds. still works, so I'm  not gonna throw it out but it starts to make little problems. what would be an alternative brand? I'm in austria. amd need to be able to get the revilable zylinders too

or is sodastream off the list? I read conflicting statements",BDS,321.0,2025-12-30 15:21:53,barb_20,Consumer,0,2,2025-12-30 16:21:53,1970-01-01 00:00:01.767108113,1pzkswz,False,Sodastream alternative,2025-12-30 16:21:53,0.95,hot,29822,False
t2_22qaymnl8n,bds_posts_hot.csv,99,99,False,0,https://reddit.com/r/BDS/comments/1pzfyyw/boycott_free_dating_apps/,21,"Anything owned by the match group (Tinder, Hinge, etc) is off limits since they're owned by a vocally zionist ceo. Bumble donated to both Israeli and Palestinian aid groups, so I'm not comfortable using their app either. Grindr (for the queer folks here) had a controversy earlier this year where they blocked people from putting ""no zionists"" in their bio but still allowed ""no xyz ethnicity"" for some reason. Boo seems alright as I can't find anything about them supporting Israel, but I'm not sure.

Do tell me anything else you know ",BDS,537.0,2025-12-30 11:39:55,Fhlurrhy108,ASK THE SUB,0,3,2025-12-30 12:39:55,1970-01-01 00:00:01.767094795,1pzfyyw,False,Boycott free dating apps?,2025-12-30 12:39:55,0.97,hot,29822,False
t2_ito8ztfp,bds_posts_hot.csv,404,404,False,0,https://reddit.com/r/BDS/comments/1pytke6/how_boycotting_israelilinked_brands_reshaped/,7,,BDS,,2025-12-29 18:13:32,Nomogg,BDS Victory!,0,0,2025-12-29 19:13:32,1970-01-01 00:00:01.767032012,1pytke6,False,How boycotting Israeli-linked brands reshaped Malaysia's food industry,2025-12-29 19:13:32,1.0,hot,29822,False
t2_1vdw2qpwx6,bds_posts_hot.csv,91,91,False,0,https://reddit.com/r/BDS/comments/1pywne2/alternatives_to_expedia_and_bookingcom/,8,"So, I was recently looking at booking a hotel and my go to always used to be booking.com, so I looked for alternatives and landed on some other sites and much to my dismay, so many were owned by booking.com and expedia under different names!

Anyway, because they are so hard to avoid, I've made a list of more BDS-friendly websites to book from. 

Trip.com Group which includes:
- Trip.com
- Skyscanner
- Makemytrip
- Budgetair

Also:
- Klook
- Lastminute
- Loveholidays
- Secret Escapes
- Stayforlong
- Super.com
- Vio

I didn't check to see if they have listings in illegal Israeli settlements, just that they weren't owned by Booking, Airbnb or Expedia which are on the BDS pressure target list. 

If anyone has any better hotel booking sites or a reason why any of these should be excluded, please let me know! 


",BDS,819.0,2025-12-29 20:07:33,antifamarketer,Consumer,0,0,2025-12-29 21:07:33,1970-01-01 00:00:01.767038853,1pywne2,False,Alternatives to Expedia and Booking.com,2025-12-29 21:07:33,0.99,hot,29822,False
t2_ykt3x3780,bds_posts_hot.csv,107,107,False,0,https://reddit.com/r/BDS/comments/1pyirf0/spying_and_influencing_you_since_y2k/,3,,BDS,,2025-12-29 10:17:08,Tr0jan___,Hasbara,0,0,2025-12-29 11:17:08,1970-01-01 00:00:01.767003428,1pyirf0,False,Spying and influencing you since Y2K,2025-12-29 11:17:08,1.0,hot,29822,False
t2_csrzjejk,bds_posts_hot.csv,385,385,False,0,https://reddit.com/r/BDS/comments/1pxvsnk/malaysias_mass_boycott_of_israellinked_global/,1,,BDS,,2025-12-28 16:41:28,Glad_Opinion_6339,News,0,0,2025-12-28 17:41:28,1970-01-01 00:00:01.766940088,1pxvsnk,False,Malaysia’s mass boycott of Israel-linked global brands has helped local businesses grow fast. Supporters argue that it demonstrates how consumer pressure can significantly shift entire markets.,2025-12-28 17:41:28,1.0,hot,29822,False
t2_13vm3h,bds_posts_hot.csv,71,71,False,0,https://reddit.com/r/BDS/comments/1py4y8y/alternatives_to_cerave/,22,"I recently found out that Cerave is on the boycott list (it's been ages since I bought any, so it wasn't something I thought about until recently) 

I'm almost out, and I'd like to replace it with a non-BDS product

For added context/information, I'm in the southeast US and want moisturizer for dry-prone skin that has SPF of some sort",BDS,336.0,2025-12-28 22:46:20,cindyloowhovian,Consumer,0,0,2025-12-28 23:46:20,1970-01-01 00:00:01.766961980,1py4y8y,False,Alternatives to Cerave,2025-12-28 23:46:20,0.99,hot,29822,False
t2_mluwmkeh,bds_posts_hot.csv,20,20,False,0,https://reddit.com/r/BDS/comments/1pyd4vp/adapalenedifferin_gel/,3,"Hey yall, im in the US, Ive had such a hard time finding skincare products that are ok! The main thing ive struggled with that is adapalene, generic Differin gel. I was so excited when I found one manufactured in Canada sold by Wellmate, but i just opened the container and happened to read the pamphlet, where it says in tiny print at the bottom that it was made by Taro. Has anyone had any success finding an adapalene thats not on the list? ",BDS,444.0,2025-12-29 04:56:58,roxi3smiles,ASK THE SUB,0,0,2025-12-29 05:56:58,1970-01-01 00:00:01.766984218,1pyd4vp,False,Adapalene/Differin gel,2025-12-29 05:56:58,1.0,hot,29822,False
t2_ykt3x3780,bds_posts_hot.csv,60,60,False,0,https://reddit.com/r/BDS/comments/1py3mlm/concert_tickets_up_300_over_20_years_as_proisrael/,0,,BDS,,2025-12-28 21:52:01,Tr0jan___,Entertainment,0,0,2025-12-28 22:52:01,1970-01-01 00:00:01.766958721,1py3mlm,False,"Concert Tickets Up 300% Over 20 Years as Pro-Israel Lobbyists, Scalpers, and Corporations Dominate",2025-12-28 22:52:01,0.99,hot,29822,False
t2_ezpt03ka,bds_posts_hot.csv,22,22,False,0,https://reddit.com/r/BDS/comments/1py2nj6/glasses/,4,"I need to have new pair of glasses. I was looking for Essilor but I have learned that is high impact boycott. I also looking for Kodak lenses but they are also owned by Essilor. Which glasses (lenses) is safe to go? I see [https://masjidalaqsa.com/boycott/essilorluxottica-israel-bds](https://masjidalaqsa.com/boycott/essilorluxottica-israel-bds) this when i'm searching but I know Zeiss is too expensive for my budget, i don't know if there is good price/performance Hoya glasses as well, might me overpriced also.  
Any recommendations ?  
salamun alaykum  
",BDS,560.0,2025-12-28 21:12:43,Virtual-Tale7778,Boycott,0,1,2025-12-28 22:12:43,1970-01-01 00:00:01.766956363,1py2nj6,False,Glasses,2025-12-28 22:12:43,0.92,hot,29822,False
t2_ykt3x3780,bds_posts_hot.csv,48,48,False,0,https://reddit.com/r/BDS/comments/1pxii1c/christmas_number_1_contenders_2025_together_for/,0,,BDS,,2025-12-28 04:46:14,Tr0jan___,Entertainment,0,2,2025-12-28 05:46:14,1970-01-01 00:00:01.766897174,1pxii1c,False,Christmas Number 1 Contenders 2025: Together For Palestine's Lullaby,2025-12-28 05:46:14,0.96,hot,29822,False
t2_3z7nesrm,bds_posts_hot.csv,23,23,False,0,https://reddit.com/r/BDS/comments/1pxb95u/cat_food_and_other_items/,1,"Hi Everyone,  This is my first post here.

I have a senior cat and in the past year have really been trying to avoid Purina, Fancy Feast and Temptations foods. (My vet who also is BDS-conscious actually suggested Temptations treats solely bc of its nutrient/vitamin  content).  

It's a bit tricky because my cat is a senior, and the senior formula wet foods she likes the most are from Purina and Fancy Feast. My cat also is **very finicky** and has a sensitive digestive system. I do buy Wellness and some other  brands that are not on disoccupied or BDS afaik.  There's a hydration formula by Purina she likes. I haven't bought it in a while because it was out of stock a few months back.

  
I've changed a number of brands that I use in the past year when I found out they were on BDS (eg mouthwash, deodorant), but feel a bit stuck in some other areas like cat food and toothpaste. (I use plain, old fashioned original Crest. Despite relentless internet searches I have not been able to find a generic formula of the original Crest. I've tried Aim, but it seems to leave a residue on my teeth for some reason. Disoccupied suggests Aim as an alternative to Crest.)

I guess I'm wondering what other people do regarding their pets and/or if there isn't a generic version (like the original Crest)?  (There are generic toothpastes, but they are usually whitening which I'm not looking for.)

Thank you.",BDS,1405.0,2025-12-27 23:02:02,MoonGlissades,Consumer,0,0,2025-12-28 00:02:02,1970-01-01 00:00:01.766876522,1pxb95u,False,cat food and other items,2025-12-28 00:02:02,0.96,hot,29822,False
t2_21uw9ev5et,bds_posts_hot.csv,52,52,False,0,https://reddit.com/r/BDS/comments/1pwt5s3/psytrance_artists_that_are_antizionist/,10,"I've recently gotten into psytrance and i adore it. I was heartbroken when I found out just how zionist the psytrance scene is. I wasn't particularly meaning to join the forest dancing, hippie festival psytrance crowd really, but it's a genre I really like and enjoy. I'm also really into hypertrance, which is not really zionist at all, or more so the scene isn't inherently zionist. Psytrance is a complicated case given most psytrance artists and DJ's happen to be israeli. I'm inevitably gonna listen to israeli dj's once in a while when listening to psytrance playlists, however I wanna know of what artists within the psytrance scene are anti-zionists so I can put in the effort to check them out and listen to them. I know separating the art from the artist can be done, but I don't wanna be part of a scene that is so heavily influenced in zionism. ",BDS,857.0,2025-12-27 08:48:23,Dear-Boot4077,Other,0,1,2025-12-27 09:48:23,1970-01-01 00:00:01.766825303,1pwt5s3,False,psytrance artists that are anti-zionist?,2025-12-27 09:48:23,0.98,hot,29822,False
t2_1hlu7lllfw,bds_posts_hot.csv,58,58,False,0,https://reddit.com/r/BDS/comments/1pwdzhp/on_global_palestine_what_the_global_north_and/,6,"A [translation](https://decolonialpraxis.substack.com/p/on-global-palestine) of an article by Muzna Shihabi on [L’Humanité](https://www.humanite.fr/en-debat/gaza/nord-global-sud-global-ce-que-ces-mots-disent-vraiment)

The world is no longer divided by continents or skin color, but by lines of consciousness. On one side are those who can still look away. On the other are those who are haunted by images even in their sleep.

We continue to talk about the “global North” and the “global South.” But these words no longer refer to geography. They refer to perspective. The North is not a place. It is a stance: one that sees without emotion, that dissects without commitment. The South, meanwhile, is not a latitude. It is what remains when everything has been destroyed except dignity.

Since Gaza, a rift has opened up. Invisible, without watchtowers or walls, but sharper than any border. On one side are those who talk about “conflict,” “security issues,” and “complexity.” On the other are those who have no words left. Because words break on the corpses of children. And their silence weighs more than all the editorials.

The North speaks. It speaks loudly. In carefully calibrated statements, in charts and graphs. It speaks to explain, to frame, to transform urgency into abstraction. Its language is cold, strategic, calculated. It claims nuance, but it masks impunity. Every word becomes a tool of neutralization.

The South speaks differently. It expresses itself in the ruins of Rafah, in the muffled cries of the camps, in the placards brandished in London, Tangier, or Sydney. It is a language of flesh and dust. That of the living who stand tall even when everything around them is collapsing.

In a house in Amman, Paris, or Manama, a family turns down the volume. On the screen, a building collapses. Then an advertisement. The meal continues. Genocide becomes background noise, modulated like the light or the refrigerator. That is the privilege of the global North: being able to choose not to see—Comfort built on silence.

Meanwhile, in Khan Younes,

a child walks barefoot among the rubble. He clutches a cat to his chest. On his arm, a name written in marker: Adam. His mother wrote it there so that it would survive if he did not. That is the global South: a name scribbled in haste, an identity standing tall in the dust. Fragile, but more powerful than any weapon.

In New York, a student holds up a sign: “This is not a war, it is genocide.” In Johannesburg, a minister dares to say the word. In Paris and Berlin, demonstrations are banned. The lines are shifting. They no longer follow continents, they cross consciences.

Historian Ilan Pappé speaks of “Global Israel” and “Global Palestine.” Two ways of seeing the world: one from the command post, the other from the ruins. Global Israel: a wall, a drone, an algorithm. Fear erected into a system. Global Palestine: a human breath, a naked truth, a cry without validation.

In certain air-conditioned newsrooms, we hear about the nightmares of the Israeli soldier. His fear. His moral fatigue. But nothing about the broken sleep of the child in Gaza. Nothing about the mother digging up her children. Nothing about the brother digging a grave. The North mourns the exhaustion of the oppressor. And remains silent in the face of the pain of the oppressed.

In Deir al-Balah, a father searches through the rubble. His daughter holds a headless doll. He tells her not to look. She looks anyway. Because this is her world. Under a stone, a school notebook. The child had written: “I want to become a doctor to treat my brother, who is denied medical care in Jerusalem. “ The father reads. He smiles through his tears. A smile that promises to resist.

Global Palestine has no ministries, no satellites, no lobby. It has notebooks. Only names. Smiles standing tall in the dust. It has the stubborn courage of those who know that even if everything collapses, a word can remain standing.

You can be called Mohammed and belong to Global Israel. Or be called Rachel and walk with Global Palestine. States no longer draw borders. Consciences do.

In every newsroom, every ministry, every quiet home, an invisible line is drawn. There are those who watch. And those who accommodate the horror.

Being from the South today is not a matter of origin. It is a choice. A loyalty. It is believing that memory is a form of dignity. That truth does not need authorization. Gaza is not just a tragedy. It is a question imposed on the global conscience.

So the South has changed its name. It is now called Global Palestine. It lives in ruins, notebooks, muffled cries. And it whispers, with terrible calm: you cannot rebuild a world without first recognizing a people’s rights.",BDS,4743.0,2025-12-26 20:22:26,Level-Kiwi-3836,Discussion,0,1,2025-12-26 21:22:26,1970-01-01 00:00:01.766780546,1pwdzhp,False,On Global Palestine: What the Global North and South really refer to,2025-12-26 21:22:26,0.98,hot,29822,False
t2_1gvtqojodv,bds_posts_hot.csv,66,66,False,0,https://reddit.com/r/BDS/comments/1pvyi3w/tip_for_the_holiday_season_what_to_do_with_gift/,0,"Alhamdulilah I am in a financial place where I can afford boycott-safe alternatives to almost everything I want or need. So this holiday season, I am in the position where a present of a gift card to a boycotted place can benefit someone else a lot more than it ever could me. Either pass it along to a needy member of your community or opt for a donation to a charity (like St.Jude's for example) that has a CardCash program where they can source donations from unwanted gift cards. Happy Holidays and Free Palestine 🫶🏻",BDS,520.0,2025-12-26 07:26:47,elifshafakenthusiast,Consumer,0,0,2025-12-26 08:26:47,1970-01-01 00:00:01.766734007,1pvyi3w,False,Tip for the holiday season: what to do with gift cards to boycotted places,2025-12-26 08:26:47,1.0,hot,29822,False
t2_ufjr712k,bds_posts_hot.csv,264,264,False,0,https://reddit.com/r/BDS/comments/1pvowfu/meta_has_a_new_feature_that_lets_you_take_control/,5,,BDS,,2025-12-25 22:47:20,MrJasonMason,Consumer,0,2,2025-12-25 23:47:20,1970-01-01 00:00:01.766702840,1pvowfu,False,"Meta has a new feature that lets you take control of your algorithm by suggesting topics you want to see more posts about. Adding 'Israel' is fine, but if you try to add ‘Gaza’ or ‘Palestine’, you will be told ""this topic is not supported"".",2025-12-25 23:47:20,0.99,hot,29822,False
t2_ufjr712k,bds_posts_hot.csv,334,334,False,0,https://reddit.com/r/BDS/comments/1pvjphb/huda_is_criticizing_influencers_for_promoting/,3,,BDS,,2025-12-25 18:38:27,MrJasonMason,Consumer,0,3,2025-12-25 19:38:27,1970-01-01 00:00:01.766687907,1pvjphb,False,"Huda is criticizing influencers for promoting SKIMS in the Emirates, as the brand expands with 15 stores in Israel-a country currently carrying out a genocide in Gaza",2025-12-25 19:38:27,0.99,hot,29822,False
t2_ykt3x3780,bds_posts_hot.csv,159,159,False,0,https://reddit.com/r/BDS/comments/1pvmew5/ex_cia_officer_explains_why_hes_never_met_a/,5,,BDS,,2025-12-25 20:44:18,Tr0jan___,Other,0,1,2025-12-25 21:44:18,1970-01-01 00:00:01.766695458,1pvmew5,False,Ex CIA officer explains why he's never met a member of the CIA who was pro assrael,2025-12-25 21:44:18,0.99,hot,29822,False
t2_1ytk7oy8f2,bds_posts_hot.csv,87,87,False,0,https://reddit.com/r/BDS/comments/1pvkmzr/palestinian_christian_leaders_call_on_global/,1,,BDS,,2025-12-25 19:20:41,Burning-Bush-613,News,0,0,2025-12-25 20:20:41,1970-01-01 00:00:01.766690441,1pvkmzr,False,Palestinian Christian leaders call on global churches repudiate Zionism and end dialogue with Christian Zionists,2025-12-25 20:20:41,1.0,hot,29822,False
t2_1ven1w1,bds_posts_hot.csv,187,187,False,0,https://reddit.com/r/BDS/comments/1pvfbbg/perhaps_it_is_time_to_set_the_record_straight_on/,3,,BDS,,2025-12-25 15:11:39,shane_4_us,News,0,1,2025-12-25 16:11:39,1970-01-01 00:00:01.766675499,1pvfbbg,False,"Perhaps it is time to set the record straight on what exactly happened on Oct 7. Hamas wants transparency from international investigators -- surely ""Israel"" will agree??",2025-12-25 16:11:39,0.99,hot,29822,False
t2_1bb2ngtd7u,bds_posts_hot.csv,204,204,False,0,https://reddit.com/r/BDS/comments/1pv9ywr/a_message_from_archbishop_atallah_hanna/,1,,BDS,,2025-12-25 09:44:46,endingcolonialism,Discussion,0,0,2025-12-25 10:44:46,1970-01-01 00:00:01.766655886,1pv9ywr,False,"A message from Archbishop Atallah Hanna, Palestinian Archbishop of Sebastia from the Greek Orthodox Patriarchate of Jerusalem, and an outspoken One Democratic State supporter, on Christmas",2025-12-25 10:44:46,1.0,hot,29822,False
t2_1vy4mvk795,bds_posts_hot.csv,543,543,False,0,https://reddit.com/r/BDS/comments/1puqriq/it_is_my_right_to_live_a_decent_and_happy_life/,13,,BDS,,2025-12-24 16:05:51,Comfortable_Spend436,Gaza,0,0,2025-12-24 17:05:51,1970-01-01 00:00:01.766592351,1puqriq,False,It is my right to live a decent and happy life with my family.,2025-12-24 17:05:51,1.0,hot,29822,False
t2_4e7f3195,bds_posts_hot.csv,137,137,False,0,https://reddit.com/r/BDS/comments/1puwpue/in_a_letter_to_british_prime_minister_starmer_4/,1,,BDS,,2025-12-24 20:35:12,newsspotter,News,0,0,2025-12-24 21:35:12,1970-01-01 00:00:01.766608512,1puwpue,False,"In a letter to British Prime Minister Starmer, 4 former Senior UK Army officers call for a full arms embargo on Israel",2025-12-24 21:35:12,1.0,hot,29822,False
t2_ykt3x3780,bds_posts_hot.csv,22,22,False,0,https://reddit.com/r/BDS/comments/1pv1f21/maria_farmer_one_of_epsteins_victims_is_clearly/,0,,BDS,,2025-12-25 00:39:49,Tr0jan___,Other,0,0,2025-12-25 01:39:49,1970-01-01 00:00:01.766623189,1pv1f21,False,Maria Farmer one of Epstein's victims is clearly pro Palestine,2025-12-25 01:39:49,0.96,hot,29822,False
t2_ykt3x3780,bds_posts_hot.csv,33,33,False,0,https://reddit.com/r/BDS/comments/1puwzub/watch/,0,,BDS,,2025-12-24 20:48:46,Tr0jan___,Hasbara,0,0,2025-12-24 21:48:46,1970-01-01 00:00:01.766609326,1puwzub,False,Watch!,2025-12-24 21:48:46,1.0,hot,29822,False
t2_ykt3x3780,bds_posts_hot.csv,258,258,False,0,https://reddit.com/r/BDS/comments/1pucdx7/belgium_joins_south_africas_genocide_case_against/,0,,BDS,,2025-12-24 02:41:56,Tr0jan___,News,0,0,2025-12-24 03:41:56,1970-01-01 00:00:01.766544116,1pucdx7,False,Belgium joins South Africa’s genocide case against Israel at ICJ,2025-12-24 03:41:56,1.0,hot,29822,False
t2_vuxmu214c,bds_posts_hot.csv,9,9,False,0,https://reddit.com/r/BDS/comments/1puwpzu/19_dogood_gifts_for_everyone_on_your_list/,0,,BDS,,2025-12-24 20:35:25,Practical_Chef_7897,Consumer,0,3,2025-12-24 21:35:25,1970-01-01 00:00:01.766608525,1puwpzu,False,19 Do-Good Gifts for Everyone on Your List,2025-12-24 21:35:25,0.75,hot,29822,False
t2_2kmhkh6j,bds_posts_hot.csv,36,36,False,0,https://reddit.com/r/BDS/comments/1pulpj8/what_charities_are_currently_delivering_aid/,9,I’ve been donating to MAP and anera for the past few months but felt I needed an update on which charities are getting aid through the blockade/operating hospitals and such. ,BDS,174.0,2025-12-24 11:55:23,yanonce,ASK THE SUB,0,0,2025-12-24 12:55:23,1970-01-01 00:00:01.766577323,1pulpj8,False,What charities are currently delivering aid?,2025-12-24 12:55:23,0.98,hot,29822,False
t2_1smplo0g0o,bds_posts_hot.csv,230,230,False,0,https://reddit.com/r/BDS/comments/1pu8wy9/a_call_to_bds_nebula/,38,"is a Zionist platform. It heavily restricts what you're allowed to say about Israel and how you're allowed to say it. 

Nebula famously fired second thought for being too against the Gaza genocide, for being too anti-Israel.

Contrapoints. PhilosophyTube, Knowing Better, &amp; Jessie Gender have all made statements giving their support to Israel &amp; Zionism as a whole. 

Youtuber Badempanada has made multiple videos documenting Nebula's Zionist Connections &amp; Second Thought made a statement on Nebula firing him over the Gaza genocide. 

Here's the links to the Videos in question:

•https://youtu.be/cnc1Pp61SVk?si=9EyLfN5-D7gPnYkb

•https://youtu.be/a6CjzQdtqjg?si=L4HI5OfJJuR3cBgg

•https://youtu.be/8MgdHK57HTE?si=x5tmtJJiyB3qhsv7

•https://youtu.be/xNv1h9l2ETk?si=mPZ9yxn4LfPl1kVR

•https://youtu.be/ggztdoPzvew?si=ayERtHddoNiTPKeE

",BDS,848.0,2025-12-23 23:53:32,KingofTrilobites123,Action Alert,0,17,2025-12-24 00:53:32,1970-01-01 00:00:01.766534012,1pu8wy9,False,A Call To BDS Nebula,2025-12-24 00:53:32,0.93,hot,29822,False
t2_vuxmu214c,bds_posts_hot.csv,41,41,False,0,https://reddit.com/r/BDS/comments/1pueesv/the_best_prime_video_alternatives_for_quitting/,11,,BDS,,2025-12-24 04:27:23,Practical_Chef_7897,Consumer,0,1,2025-12-24 05:27:23,1970-01-01 00:00:01.766550443,1pueesv,False,The Best Prime Video Alternatives For Quitting Amazon,2025-12-24 05:27:23,0.96,hot,29822,False
t2_vuxmu214c,bds_posts_hot.csv,28,28,False,0,https://reddit.com/r/BDS/comments/1pud6su/20_best_amazon_alternatives_for_ethical_online/,0,,BDS,,2025-12-24 03:22:46,Practical_Chef_7897,Consumer,0,0,2025-12-24 04:22:46,1970-01-01 00:00:01.766546566,1pud6su,False,20+ Best Amazon Alternatives for Ethical Online Shopping,2025-12-24 04:22:46,0.98,hot,29822,False
t2_1zwclkjw2o,bds_posts_hot.csv,804,804,False,0,https://reddit.com/r/BDS/comments/1ptnwnj/for_those_who_understand_us_celebrities_like_the/,57,,BDS,,2025-12-23 07:29:40,Die_Hard_new3492,ASK THE SUB,0,8,2025-12-23 08:29:40,1970-01-01 00:00:01.766474980,1ptnwnj,False,"For those who understand US celebrities like the back of their hands, I wanna ask something. Was he being genuine here?",2025-12-23 08:29:40,0.99,hot,29822,False
t2_vuxmu214c,bds_posts_hot.csv,42,42,False,0,https://reddit.com/r/BDS/comments/1pu6108/9_best_online_bookstores_that_arent_amazon/,5,https://www.goodgoodgood.co/articles/alternatives-to-amazon-for-books,BDS,69.0,2025-12-23 21:44:49,Practical_Chef_7897,Other,0,0,2025-12-23 22:44:49,1970-01-01 00:00:01.766526289,1pu6108,False,9 Best Online Bookstores That Aren't Amazon,2025-12-23 22:44:49,0.99,hot,29822,False
t2_149gz3t5je,bds_posts_hot.csv,349,349,False,0,https://reddit.com/r/BDS/comments/1ptq70l/lush_boss_says_people_who_disagree_with_his_gaza/,8,,BDS,,2025-12-23 09:58:16,KnowTheTruthMatters,News,0,0,2025-12-23 10:58:16,1970-01-01 00:00:01.766483896,1ptq70l,False,Lush boss says people who disagree with his Gaza stance ‘shouldn’t come into shop’,2025-12-23 10:58:16,1.0,hot,29822,False
t2_5gc8tci6,bds_posts_hot.csv,23,23,False,0,https://reddit.com/r/BDS/comments/1pu3phq/alternatives_to_oral_b/,7,"hi! I've recently been looking for an electric toothbrush with a rotating head. I remember oral b supporting israel, so I was looking for alternatives. the other day walking to work I saw an advertise for a silvercare one, and it's literally the only other toothbrush similar to oral b that I've seen advertised. does anyone know if it's a good product? or do you have any recommendations for other brands?",BDS,406.0,2025-12-23 20:07:26,ABCecy,ASK THE SUB,0,1,2025-12-23 21:07:26,1970-01-01 00:00:01.766520446,1pu3phq,False,Alternatives to Oral B?,2025-12-23 21:07:26,0.93,hot,29822,False
t2_csrzjejk,bds_posts_hot.csv,226,226,False,0,https://reddit.com/r/BDS/comments/1ptl3a7/a_holiday_message_from_code_pink/,3,,BDS,,2025-12-23 04:49:27,Glad_Opinion_6339,Boycott,0,0,2025-12-23 05:49:27,1970-01-01 00:00:01.766465367,1ptl3a7,False,A holiday message from Code Pink❤️🇵🇸,2025-12-23 05:49:27,1.0,hot,29822,False
t2_149gz3t5je,bds_posts_hot.csv,872,872,False,0,https://reddit.com/r/BDS/comments/1pt4hhf/michael_malarkey_throws_out_coffee_from_starbucks/,7,,BDS,,2025-12-22 16:52:19,KnowTheTruthMatters,BDS Victory!,0,0,2025-12-22 17:52:19,1970-01-01 00:00:01.766422339,1pt4hhf,False,"Michael Malarkey throws out coffee from Starbucks, tells his fans they should boycott it too.",2025-12-22 17:52:19,1.0,hot,29822,False
t2_4e7f3195,bds_posts_hot.csv,51,51,False,0,https://reddit.com/r/BDS/comments/1pte25h/amnesty_international_states_should_prevent_the/,0,,BDS,,2025-12-22 23:15:43,newsspotter,Sanctions,0,0,2025-12-23 00:15:43,1970-01-01 00:00:01.766445343,1pte25h,False,"Amnesty International: States should prevent the Portuguese-flagged Holger G vessel, which is carrying munition components bound for Israel, from docking at their ports.",2025-12-23 00:15:43,1.0,hot,29822,False
t2_1bb2ngtd7u,bds_posts_hot.csv,132,132,False,0,https://reddit.com/r/BDS/comments/1pt21t3/the_right_of_return_to_a_democratic_palestinian/,0,"Being an anti-zionist means recognizing the right of Palestinians to return to their homes, not in a settler state, but in a democratic Palestinian one.



""The right of return to a democratic Palestinian state"", a talk by Ramzi Nasir, director of ""One Democratic State in Palestine"" at the ""Tomorrow's Palestine: One Democratic State for All Its Citizens"" political conference held at Madrid on November 7-8, 2025. To learn more about the conference and for the link to the whole talk and program: [odsi.co/madrid](http://odsi.co/madrid)",BDS,538.0,2025-12-22 15:15:45,endingcolonialism,Discussion,0,1,2025-12-22 16:15:45,1970-01-01 00:00:01.766416545,1pt21t3,False,"""The right of return to a democratic Palestinian state"", a talk by Ramzi Nasir, director of ""One Democratic State in Palestine"" at the ""Tomorrow's Palestine: One Democratic State for All Its Citizens"" political conference held at Madrid on November 7-8, 2025",2025-12-22 16:15:45,0.99,hot,29822,False
t2_4e7f3195,bds_posts_hot.csv,105,105,False,0,https://reddit.com/r/BDS/comments/1psyikh/cair_calls_on_trump_muslim_nations_to_act_after/,0,,BDS,,2025-12-22 12:35:36,newsspotter,Gaza,0,0,2025-12-22 13:35:36,1970-01-01 00:00:01.766406936,1psyikh,False,"CAIR Calls on Trump, Muslim Nations to Act After Israeli Massacre at Gaza Wedding",2025-12-22 13:35:36,1.0,hot,29822,False
t2_a88qs1tr,bds_posts_hot.csv,150,150,False,0,https://reddit.com/r/BDS/comments/1psriwf/jensen_huang_israel_has_become_nvidias_second/,6,,BDS,,2025-12-22 05:27:29,ThrovvQuestionsAway,Consumer,0,0,2025-12-22 06:27:29,1970-01-01 00:00:01.766381249,1psriwf,False,"Jensen Huang: Israel has become Nvidia’s second home | Nvidia’s CEO has confirmed that the US chip giant will build its huge campus for up to 10,000 employees in Kiryat Tivon.",2025-12-22 06:27:29,1.0,hot,29822,False
t2_1vqfew7uau,bds_posts_hot.csv,230,230,False,0,https://reddit.com/r/BDS/comments/1psfuy3/from_gaza_to_the_unknown_a_pharmacy_students/,3,"Hello, my name is Osama. I’m 22 years old from Gaza, and a pharmacy and biotechnology student. I was supposed to be in my fifth and final year at university , just one step away from graduating and achieving my dream. Because of the war, that dream is now on hold.

Since October 7th, life in Gaza has completely changed. My family and I have been displaced many times under constant bombardment. Our home was destroyed, our city reduced to rubble, and the places that once held our memories no longer exist.

This war didn’t only destroy buildings; it also took loved ones , many members of my family and close friends. We fall asleep to the sound of airstrikes and wake up to news of loss. Fear has become part of our daily lives.

Despite everything, I am holding on to my dream of completing my education. It is my only path to rebuilding my future and supporting my family.

Right now, my family has no source of income. We struggle to afford even the most basic necessities, and after losing everything we owned, paying my university tuition has become impossible.

That is why I am sharing my story. Your support is not just financial help , it is hope. It is a chance for a young man from Gaza to continue his education and believe that a future is still possible.

Any support or sharing means more than you can imagine.
I’ve shared the donation link in the comments for anyone who wishes to help.",BDS,1406.0,2025-12-21 20:12:32,dark00H,Gaza,0,2,2025-12-21 21:12:32,1970-01-01 00:00:01.766347952,1psfuy3,False,From Gaza to the Unknown: A Pharmacy Student’s Education Stopped by War,2025-12-21 21:12:32,0.99,hot,29822,False
t2_rxgmkc9f,bds_posts_hot.csv,86,86,False,0,https://reddit.com/r/BDS/comments/1psj22b/bestselling_apps_made_by_israeli_spies_revealed/,0,,BDS,,2025-12-21 22:32:43,pinklewickers,Consumer,0,0,2025-12-21 23:32:43,1970-01-01 00:00:01.766356363,1psj22b,False,Best-selling apps made by Israeli spies revealed,2025-12-21 23:32:43,1.0,hot,29822,False
t2_4e7f3195,bds_posts_hot.csv,44,44,False,0,https://reddit.com/r/BDS/comments/1psk0qz/us_israel_and_uae_discussed_using_gaza_gas_to/,1,,BDS,,2025-12-21 23:15:37,newsspotter,News,0,0,2025-12-22 00:15:37,1970-01-01 00:00:01.766358937,1psk0qz,False,"US, Israel and UAE discussed using Gaza gas to fund reconstruction, sources say",2025-12-22 00:15:37,0.98,hot,29822,False
t2_4e7f3195,bds_posts_hot.csv,139,139,False,0,https://reddit.com/r/BDS/comments/1ps5jkd/uae_revealed_as_secret_buyer_in_23_billion/,2,,BDS,,2025-12-21 12:35:25,newsspotter,News,0,1,2025-12-21 13:35:25,1970-01-01 00:00:01.766320525,1ps5jkd,False,UAE revealed as secret buyer in $2.3 billion Israeli Elbit Systems defence deal: Report,2025-12-21 13:35:25,0.99,hot,29822,False
t2_2rabc2as,bds_posts_hot.csv,38,38,False,0,https://reddit.com/r/BDS/comments/1psagu3/im_sure_this_is_asked_alot_but_is_baskin_robins/,6,,BDS,,2025-12-21 16:28:21,Chobikil,ASK THE SUB,0,0,2025-12-21 17:28:21,1970-01-01 00:00:01.766334501,1psagu3,False,"I'm sure this is asked alot, but is Baskin Robins boycott? Specifically while in the UAE.",2025-12-21 17:28:21,1.0,hot,29822,False
t2_hfzxy,bds_posts_hot.csv,23,23,False,0,https://reddit.com/r/BDS/comments/1ps7jr6/al_jazeera_media_network_launches_the_core_an/,0,"I was very surprised to see Al Jazeera, of all companies, partnering with Google Cloud. A platform that is suspected of hosting Lavender software and/or data, which may have been used to target their very own journalists (let alone the hundreds of thousands of martyred and injured in Gaza)",BDS,290.0,2025-12-21 14:18:31,kamotos,Boycott,0,1,2025-12-21 15:18:31,1970-01-01 00:00:01.766326711,1ps7jr6,False,"Al Jazeera Media Network launches ‘The Core,’ an AI-Integrated news model built on Google Cloud",2025-12-21 15:18:31,0.93,hot,29822,False
t2_11s8q,bds_posts_hot.csv,40,40,False,0,https://reddit.com/r/BDS/comments/1ps30tp/project_sunrise_and_the_kushnerwitkoff_gaza_grift/,0,,BDS,,2025-12-21 09:56:09,richards1052,Gaza,0,0,2025-12-21 10:56:09,1970-01-01 00:00:01.766310969,1ps30tp,False,“Project Sunrise” and the Kushner-Witkoff Gaza Grift,2025-12-21 10:56:09,0.99,hot,29822,False
t2_1hm0vasme7,bds_posts_hot.csv,96,96,False,0,https://reddit.com/r/BDS/comments/1prv72v/zionist_org_adl_and_jlens_ring_nyse_bell_to_mark/,0,,BDS,,2025-12-21 02:17:54,Apollo_Delphi,Hasbara,0,0,2025-12-21 03:17:54,1970-01-01 00:00:01.766283474,1prv72v,False,"Zionist Org. ADL and 'JLens' ring NYSE bell to mark launch of first Jewish investment fund,  ""The fund aims to amplify the Jewish voice in corporate America...""",2025-12-21 03:17:54,1.0,hot,29822,False
t2_uji8f475a,bds_posts_hot.csv,61,61,False,0,https://reddit.com/r/BDS/comments/1prs3rj/supporting_palestine/,5,"Hi, sorry if this isn't how you format posts as I do not use reddit often. I just wanted to ask if there are any ways I can help - I am a minor and do not have any money, and I'm not sure if there is any way to protest in the UK/England. I really realty want to help this is horrible and heartbreaking and I feel so bad for all of the people in Palestine I just really want to help ",BDS,382.0,2025-12-20 23:42:00,Alternative-Dare-601,ASK THE SUB,0,0,2025-12-21 00:42:00,1970-01-01 00:00:01.766274120,1prs3rj,False,Supporting Palestine,2025-12-21 00:42:00,1.0,hot,29822,False
,bds_posts_hot.csv,90,90,False,0,https://reddit.com/r/BDS/comments/1prp6xv/is_succession_on_the_boycott_list_it_has_zionist/,21,"I haven’t seen succession on the boycott list which is strange because one of the main actresses has Israeli citizenship and also because Dasha, a Zionist is also an actress in it. they mention Israel many times throughout the show and the show is genuinely just rotten billionaire propaganda and it has horrible Zionist propaganda in it. ",BDS,339.0,2025-12-20 21:26:45,[deleted],Consumer,0,13,2025-12-20 22:26:45,1970-01-01 00:00:01.766266005,1prp6xv,False,Is succession on the boycott list? It has Zionist propaganda in it,2025-12-20 22:26:45,0.87,hot,29822,False
t2_7n117sg9,bds_posts_hot.csv,9,9,False,0,https://reddit.com/r/BDS/comments/1prvgez/lightricksfactune_730_million_downloads_and_50/,0,"https://www.lightricks.com/about#Founders-Leadership

The entire leadership is Israeli based with many being “veterans” of the IDF and unit 8200. ",BDS,146.0,2025-12-21 02:31:35,Dazzling_Pirate1411,Boycott,0,1,2025-12-21 03:31:35,1970-01-01 00:00:01.766284295,1prvgez,False,Lightricks/Factune —730 million downloads and 50 million monthly users.,2025-12-21 03:31:35,0.85,hot,29822,False
t2_6i6fe0y1,bds_posts_hot.csv,63,63,False,0,https://reddit.com/r/BDS/comments/1pridk6/bds_steam_games/,4,"Hi,

I am not sure if this is allowed or not in this subreddit but a few of my friends and I made a BDS curator page on steam to show which games financially support the Palestinian cause vs. Israel. We are constantly monitoring new games and updating it as needed. I hope it will help people make the proper ethical decision when buying their games.

Thank you

(Edit: please click the green ""Follow"" button so the curation automatically appear on pertinent games)

[Steam Curator: Palestine Will never Fall !!!](https://store.steampowered.com/curator/962841/)",BDS,561.0,2025-12-20 16:30:22,ReachZestyclose,BDS guide,0,1,2025-12-20 17:30:22,1970-01-01 00:00:01.766248222,1pridk6,False,BDS Steam games,2025-12-20 17:30:22,0.98,hot,29822,False
t2_11s8q,bds_posts_hot.csv,174,174,False,0,https://reddit.com/r/BDS/comments/1pr1xey/wix_the_israeli_website_building_founded_by_exidf/,1,,BDS,,2025-12-20 01:25:39,richards1052,,0,1,2025-12-20 02:25:39,1970-01-01 00:00:01.766193939,1pr1xey,False,WIX - The Israeli website building Founded by ex-IDF spies,2025-12-20 02:25:39,0.99,hot,29822,False
t2_ykt3x3780,bds_posts_top.csv,1147,1147,False,0,https://reddit.com/r/BDS/comments/1o16raj/flotilla_we_have_no_news_from_french_mp_alma/,42,Source : https://www.francebleu.fr/infos/international/flottille-pour-gaza-arraisonnee-par-israel-on-est-sans-nouvelles-de-la-deputee-lfi-de-la-seine-maritime-alma-dufour-9122987,BDS,178.0,2025-10-08 10:28:38,Tr0jan___,Israeli Terror/Apartheid,0,11,2025-10-08 11:28:38,1970-01-01 00:00:01.759919318,1o16raj,False,"Flotilla: We have no news from French MP Alma Dufour, abducted by the IDF",2025-10-08 11:28:38,0.99,top,29821,False
t2_jjxya8qb,bds_posts_top.csv,1129,1129,False,0,https://reddit.com/r/BDS/comments/1idomwo/google_and_the_genocide_photo_taken_in_londons/,15,,BDS,,2025-01-30 14:50:51,torbatosecco,News,0,11,2025-01-30 15:50:51,1970-01-01 00:00:01.738248651,1idomwo,False,Google and the genocide (photo taken in London's tube),2025-01-30 15:50:51,0.99,top,29821,False
t2_w48x1bl0t,bds_posts_top.csv,1120,1120,False,0,https://reddit.com/r/BDS/comments/1osgxie/f_kim_kardashian_and_boycott_all_her_brands_and/,29,Never liked her,BDS,15.0,2025-11-09 11:20:41,Witty-Savings-2048,Boycott,0,11,2025-11-09 12:20:41,1970-01-01 00:00:01.762687241,1osgxie,False,F*** Kim Kardashian and boycott all her brands and her family,2025-11-09 12:20:41,0.99,top,29821,False
t2_1u4q2mk5il,bds_posts_top.csv,1079,1079,False,0,https://reddit.com/r/BDS/comments/1ni6h10/boycott_hbo_max_theyre_putting_out_zionist/,57,,BDS,,2025-09-16 03:12:56,Ok-Following6886,Boycott,0,10,2025-09-16 04:12:56,1970-01-01 00:00:01.757992376,1ni6h10,False,"Boycott HBO Max, they're putting out Zionist propaganda on their platform.",2025-09-16 04:12:56,0.99,top,29821,False
t2_lqq1qn73,bds_posts_top.csv,1070,1070,False,0,https://reddit.com/r/BDS/comments/1miqady/bisan_from_gaza_this_is_a_reminder_to_boycott/,77,"For more information, [see this](https://bdsmovement.net/news/coca-cola-quenching-israel%E2%80%99s-genocidal-soldiers%E2%80%99-thirst). For some ethical alternatives to Coca Cola products, [see this](https://ethicalunicorn.com/coca-cola-is-on-the-palestine-boycott-list-try-these-ethical-sustainable-soda-alternatives-instead/).",BDS,328.0,2025-08-06 00:30:05,melow_shri,Boycott,0,21,2025-08-06 01:30:05,1970-01-01 00:00:01.754440205,1miqady,False,Bisan from Gaza: “This is a reminder to boycott Coca-Cola”,2025-08-06 01:30:05,0.98,top,29821,False
t2_1smplo0g0o,bds_posts_top.csv,1065,1065,False,0,https://reddit.com/r/BDS/comments/1nwjsmt/its_time_to_bds_crunchyroll/,69,,BDS,,2025-10-02 23:41:56,KingofTrilobites123,News,0,0,2025-10-03 00:41:56,1970-01-01 00:00:01.759448516,1nwjsmt,False,It's Time to BDS Crunchyroll,2025-10-03 00:41:56,1.0,top,29821,False
t2_qdq8t1nk,bds_posts_top.csv,1039,1039,False,0,https://reddit.com/r/BDS/comments/1kdogea/an_update_from_gaza_for_those_who_still_care/,36,"I write this update from the heart of Gaza,
For those who still carry a shred of humanity…
For those wondering: how are we living? In truth, we are silently dying.

The situation has become unbearable.
We no longer fear the bombs as much as we fear hunger.

Bread has disappeared. Flour is gone.
Mothers grind what’s left of rice or lentils to bake on wood fires, just so a child feels they’ve eaten something.
Baby formula is unavailable.
We now drink salty water.
Even tree leaves are no longer an option for those thinking of cooking them.

Markets are empty…
No vegetables, no oil, no sugar, nothing.
We wait in long lines under the sun or rain, hoping for a loaf of bread , if it exists , and often return with nothing.

Famine is not an exaggeration…
It’s the reality we live every hour.

Children have become walking skeletons.
Women faint from hunger while cooking , if there is anything to cook.
The elderly do not complain… because no one is listening anymore.

Chaos is rising…
Hunger has driven some to steal. Hunger has turned kindness into weakness, and silence into slow death.
Chaos prevails because stomachs are empty, and hearts are broken.

I am Yamen,
Not a journalist, not an activist, not seeking fame.
I’m just a Palestinian young man trying to share his pain… and the pain of his family… and the pain of two million people trapped in this hell.

All my life, I dreamed of holding my child and playing with them,
But now… I fear marriage.
I fear bringing a child into this cruel world.
And I thank God that all my attempts to get married have failed.
Because I don’t know what I would say if my child screamed at me: “Feed me!”

I don’t write these words to seek pity…
I write them to scream with whatever voice we have left.

We are not only dying under bombs…
We are dying now:
From hunger, oppression, isolation, and the world’s silence.

I write these words with a broken heart,
I write them while I am hungry,
Knowing that the ugliest phase of this war is not the bombs,
But this phase:
The phase of deliberate siege and starvation of an entire people.

To those who care… read this.
To those with a conscience… share it.
Because we have nothing left but our words…
And because silence today is a crime.

#GazaIsStarving
#SaveGaza
#LiftTheSiege
#VoiceFromTheTent",BDS,2290.0,2025-05-03 08:49:06,SecretBiscotti8128,Gaza,0,21,2025-05-03 09:49:06,1970-01-01 00:00:01.746262146,1kdogea,False,"An Update from Gaza , For Those Who Still Care",2025-05-03 09:49:06,0.98,top,29821,False
t2_149gz3t5je,bds_posts_top.csv,1030,1030,False,0,https://reddit.com/r/BDS/comments/1l0dzk9/pretty_dang_satisfying_irish_mma_fighter_paddy/,35,,BDS,,2025-06-01 02:22:01,KnowTheTruthMatters,Entertainment,0,10,2025-06-01 03:22:01,1970-01-01 00:00:01.748744521,1l0dzk9,False,"Pretty dang satisfying - Irish MMA fighter Paddy Mccorry shouts ""Free Palestine"" as he beats Israeli fighter Shuki Farage inside the cage",2025-06-01 03:22:01,0.99,top,29821,False
t2_yfwtmuqlc,bds_posts_top.csv,1024,1024,False,0,https://reddit.com/r/BDS/comments/1il7w76/gen_z_is_cancelling_made_in_israeland_its_working/,22,,BDS,,2025-02-09 05:44:25,adilbuilds,Consumer,0,10,2025-02-09 06:44:25,1970-01-01 00:00:01.739079865,1il7w76,False,Gen Z Is Cancelling ‘Made in Israel’—And It’s Working,2025-02-09 06:44:25,0.99,top,29821,False
t2_ito8ztfp,bds_posts_top.csv,990,990,False,0,https://reddit.com/r/BDS/comments/1jissw5/israel_has_murdered_journalist_hossam_shabat_in/,23,,BDS,,2025-03-24 15:04:12,Nomogg,News,0,10,2025-03-24 16:04:12,1970-01-01 00:00:01.742828652,1jissw5,False,"Israel has murdered journalist Hossam Shabat in Gaza today. This was him embracing his mother after months of separation during the ""ceasefire"" last month.",2025-03-24 16:04:12,0.99,top,29821,False
t2_1xxsk3kqnp,bds_posts_top.csv,914,914,False,0,https://reddit.com/r/BDS/comments/1ow6dui/i_wish_more_businesses_would_do_that/,3,,BDS,,2025-11-13 16:58:20,QuranTutor_Muhamad,Boycott,0,9,2025-11-13 17:58:20,1970-01-01 00:00:01.763053100,1ow6dui,False,I wish more businesses would do that,2025-11-13 17:58:20,0.99,top,29821,False
t2_149gz3t5je,bds_posts_top.csv,872,872,False,0,https://reddit.com/r/BDS/comments/1pt4hhf/michael_malarkey_throws_out_coffee_from_starbucks/,7,,BDS,,2025-12-22 16:52:19,KnowTheTruthMatters,BDS Victory!,0,0,2025-12-22 17:52:19,1970-01-01 00:00:01.766422339,1pt4hhf,False,"Michael Malarkey throws out coffee from Starbucks, tells his fans they should boycott it too.",2025-12-22 17:52:19,1.0,top,29821,False
t2_qdq8t1nk,bds_posts_top.csv,869,869,False,0,https://reddit.com/r/BDS/comments/1mn6nct/israel_assassinates_al_jazeera_journalist_anas/,19,"This is my will and my final message. If these words reach you, know that Israel has succeeded in killing me and silencing my voice. First, peace be upon you and Allah’s mercy and blessings.

Allah knows I gave every effort and all my strength to be a support and a voice for my people, ever since I opened my eyes to life in the alleys and streets of the Jabalia refugee camp. My hope was that Allah would extend my life so I could return with my family and loved ones to our original town of occupied Asqalan (Al-Majdal). But Allah’s will came first, and His decree is final. I have lived through pain in all its details, tasted suffering and loss many times, yet I never once hesitated to convey the truth as it is, without distortion or falsification—so that Allah may bear witness against those who stayed silent, those who accepted our killing, those who choked our breath, and whose hearts were unmoved by the scattered remains of our children and women, doing nothing to stop the massacre that our people have faced for more than a year and a half.

I entrust you with Palestine—the jewel in the crown of the Muslim world, the heartbeat of every free person in this world. I entrust you with its people, with its wronged and innocent children who never had the time to dream or live in safety and peace. Their pure bodies were crushed under thousands of tons of Israeli bombs and missiles, torn apart and scattered across the walls.

I urge you not to let chains silence you, nor borders restrain you. Be bridges toward the liberation of the land and its people, until the sun of dignity and freedom rises over our stolen homeland. I entrust you to take care of my family. I entrust you with my beloved daughter Sham, the light of my eyes, whom I never got the chance to watch grow up as I had dreamed.

I entrust you with my dear son Salah, whom I had wished to support and accompany through life until he grew strong enough to carry my burden and continue the mission.

I entrust you with my beloved mother, whose blessed prayers brought me to where I am, whose supplications were my fortress and whose light guided my path. I pray that Allah grants her strength and rewards her on my behalf with the best of rewards.

I also entrust you with my lifelong companion, my beloved wife, Umm Salah (Bayan), from whom the war separated me for many long days and months. Yet she remained faithful to our bond, steadfast as the trunk of an olive tree that does not bend—patient, trusting in Allah, and carrying the responsibility in my absence with all her strength and faith.

I urge you to stand by them, to be their support after Allah Almighty. If I die, I die steadfast upon my principles. I testify before Allah that I am content with His decree, certain of meeting Him, and assured that what is with Allah is better and everlasting.

O Allah, accept me among the martyrs, forgive my past and future sins, and make my blood a light that illuminates the path of freedom for my people and my family. Forgive me if I have fallen short, and pray for me with mercy, for I kept my promise and never changed or betrayed it.

Do not forget Gaza… And do not forget me in your sincere prayers for forgiveness and acceptance.

Anas Jamal Al-Sharif
06.04.2025

This is what our beloved Anas requested to be published upon his martyrdom.",BDS,3332.0,2025-08-11 07:35:47,SecretBiscotti8128,Gaza,0,8,2025-08-11 08:35:47,1970-01-01 00:00:01.754897747,1mn6nct,False,"Israel assassinates Al Jazeera journalist Anas Al-Sharif… This was his last will, and I stop writing after receiving death threats over my articles",2025-08-11 08:35:47,0.99,top,29821,False
t2_1u4q2mk5il,bds_posts_top.csv,860,860,False,0,https://reddit.com/r/BDS/comments/1pnw75k/just_as_a_reminder_we_are_not_affiliated_with/,27,,BDS,,2025-12-16 07:44:05,Ok-Following6886,Meme!,0,8,2025-12-16 08:44:05,1970-01-01 00:00:01.765871045,1pnw75k,False,"Just as a reminder, we are not affiliated with Nazis or antisemitism in any way just because we criticize Israel.",2025-12-16 08:44:05,0.99,top,29821,False
t2_1u4q2mk5il,bds_posts_top.csv,838,838,False,0,https://reddit.com/r/BDS/comments/1npnl23/people_should_boycott_companies_for_far_more/,19,,BDS,,2025-09-24 20:47:41,Ok-Following6886,Meme!,0,8,2025-09-24 21:47:41,1970-01-01 00:00:01.758746861,1npnl23,False,People should boycott companies for far more important reasons,2025-09-24 21:47:41,0.99,top,29821,False
t2_1t2cqeenz2,bds_posts_top.csv,835,835,False,0,https://reddit.com/r/BDS/comments/1obyil5/comrade_xi_banning_zionist_company/,44,,BDS,,2025-10-21 00:23:51,YamFrosty6169,Consumer,0,25,2025-10-21 01:23:51,1970-01-01 00:00:01.761006231,1obyil5,False,Comrade Xi banning Zionist company,2025-10-21 01:23:51,0.97,top,29821,False
t2_ykt3x3780,bds_posts_top.csv,825,825,False,0,https://reddit.com/r/BDS/comments/1l53wz5/iconic/,5,,BDS,,2025-06-06 21:24:29,Tr0jan___,Action Alert,0,8,2025-06-06 22:24:29,1970-01-01 00:00:01.749245069,1l53wz5,False,Iconic,2025-06-06 22:24:29,0.99,top,29821,False
t2_1zwclkjw2o,bds_posts_top.csv,805,805,False,0,https://reddit.com/r/BDS/comments/1ptnwnj/for_those_who_understand_us_celebrities_like_the/,57,,BDS,,2025-12-23 07:29:40,Die_Hard_new3492,ASK THE SUB,0,8,2025-12-23 08:29:40,1970-01-01 00:00:01.766474980,1ptnwnj,False,"For those who understand US celebrities like the back of their hands, I wanna ask something. Was he being genuine here?",2025-12-23 08:29:40,0.99,top,29821,False
t2_qdq8t1nk,bds_posts_top.csv,799,799,False,0,https://reddit.com/r/BDS/comments/1lepg5c/we_are_sorry_world/,18,"We apologize for the sight of scattered limbs, for the torn bodies carried away by the wind, for the heads separated from their owners, and for the tents that burned with their inhabitants inside.

We apologize if the news of massacres ruined your morning coffee.
We apologize if, while scrolling through your phone, you came across a picture of a burned child from Gaza and it spoiled your day.
We apologize if the screams of our women disturb you.
We apologize if your dinner was interrupted by the wails of a father burying his baby with his own bare hands.
We apologize because we are being killed against our will and the world watches in silence.

I write to you from the heart of tragedy, from a place where hunger has become our breakfast, bombing our lullaby, and the fear of death is our only companion.
I write to you from yet another displacement , not knowing how it will end, or whether I will even survive long enough to write again.

We were displaced again. As if the first time was not enough. As if losing our homes, our neighbors, our memories, was not enough.
We left once more, searching for a place beyond the reach of bombs .but there is no safe place here.
Even the sky has turned against us. Even the ground we walk on may explode beneath our feet at any moment.

I fled with my injured father, who was shot during our last displacement in October.
He can no longer walk. His pain is constant, his body frail.
We carry him across the rubble, over stones soaked with blood, through streets that are no longer streets just craters and dust.
We search for water. For medicine. For bread. For shade. For a place to sit without fear.
We find nothing.

The bombing is now more intense than ever .as if the genocide has just begun.
We wait for death with open eyes. We imagine the missile before it falls. We see corpses before they even become corpses.

If I die this time, tell my friends in heaven that I’m on my way.
Tell my cousin I miss him dearly, and I won’t be long.
And if you find my body, bury me with dignity. Do not let the Zionist occupier desecrate it.

My mother cries at night because we have no food for tomorrow.
And I have nothing to give her not even hope.

I went to the so-called “aid center” in Rafah a place they claim is safe.
There, I stood for hours among thousands of hungry souls, crushed by desperation.
Bullets flew. I nearly died again just for a bag of flour. I have faced death six times in this war trying to feed my family.
And each time I come home empty-handed.

But nothing breaks me more than my nephew Khaled.

He isn’t even two years old yet.
Because of malnutrition and calcium deficiency, his legs are bent bowed under the weight of hunger and despair .
Every time he tries to stand, he screams. Not whimpers. Screams.
It’s the sound of pain a baby should never know.
It’s the sound of a body that wants to grow… but can’t.

Khaled doesn’t understand war.
He just wants to play. To run. To live.
But instead, he cries all day.
And every time I hear him cry, it feels like my soul is being ripped apart.

Today, I couldn’t remember a single moment when he wasn’t weeping.
And I couldn’t do anything to stop it.

This is not a war. This is annihilation. This is starvation. This is a slow, painful execution.

To the world that still has a voice:
Do not let my words be the last echo from Gaza.
Do not let Khaled die unheard.

I entrust you with every child here.
I entrust you with Gaza’s women, stripped of their dignity by war.
I entrust you with our memories, our olive trees, our broken toys, our soil soaked with tears.
I even entrust you with the stones because within them lies more love and humanity than the world has shown us.

And if, one day, my words reach you.
Pray for me. And please do not forget Khaled.

We are not numbers.
We are souls.
And we are sorry  for dying in front of your eyes.",BDS,3870.0,2025-06-18 18:59:22,SecretBiscotti8128,Gaza,0,8,2025-06-18 19:59:22,1970-01-01 00:00:01.750273162,1lepg5c,False,"We are sorry, world...",2025-06-18 19:59:22,0.99,top,29821,False
t2_csrzjejk,bds_posts_top.csv,800,800,False,0,https://reddit.com/r/BDS/comments/1q0x0db/jackie_chan_deeply_moved_by_the_suffering_of/,14,,BDS,,2026-01-01 05:49:54,Glad_Opinion_6339,News,0,0,2026-01-01 06:49:54,1970-01-01 00:00:01.767246594,1q0x0db,False,"Jackie Chan, deeply moved by the suffering of Gaza’s children",2026-01-01 06:49:54,1.0,top,29821,False
t2_cgnh2b48d,bds_posts_top.csv,792,792,False,0,https://reddit.com/r/BDS/comments/1f6ljft/based_hillbilly/,21,,BDS,,2024-09-01 18:35:27,UXUI75,Meme!,0,8,2024-09-01 19:35:27,1970-01-01 00:00:01.725215727,1f6ljft,False,Based hillbilly,2024-09-01 19:35:27,0.99,top,29821,False
t2_ykt3x3780,bds_posts_top.csv,789,789,False,0,https://reddit.com/r/BDS/comments/1ohn3r0/_/,4,,BDS,,2025-10-27 18:56:16,Tr0jan___,Entertainment,0,0,2025-10-27 19:56:16,1970-01-01 00:00:01.761591376,1ohn3r0,False,🥰🥰🥰,2025-10-27 19:56:16,1.0,top,29821,False
t2_7clqbllq8,bds_posts_top.csv,783,783,False,0,https://reddit.com/r/BDS/comments/1ngymwk/keep_boycotting_its_working/,23,"Via @middleeasteye on Instagram 

Reports from Israeli media reveal growing economic and cultural backlash against Israel amid its genocide in Gaza, with boycotts targeting products, participation in Eurovision, and trade more broadly. Multiple companies are refusing to work with Israeli products, especially when packaging labels them “Made in Israel”, and even when not clearly indicated many customers recognise the Israeli barcode beginning with 729.⁠
⁠
Distributors and patent partners abroad are breaking ties on moral and political grounds. Several European broadcasters, including those in Ireland, the Netherlands, Spain, Slovenia, and Iceland, have threatened to withdraw from Eurovision 2026 if Israel is allowed to compete. Hollywood is also being drawn in: over 3,000 actors, filmmakers, and producers have pledged to boycott Israeli film institutions they say are complicit in abuses against Palestinians.⁠
⁠
These developments suggest that Israel is facing not only diplomatic condemnation but also material consequences in international commerce and cultural cooperation, potentially reshaping its global economic and cultural relationships.",BDS,1158.0,2025-09-14 18:19:39,pumpkinzh,BDS Victory!,0,0,2025-09-14 19:19:39,1970-01-01 00:00:01.757873979,1ngymwk,False,"Keep boycotting, it's working...",2025-09-14 19:19:39,1.0,top,29821,False
t2_ykt3x3780,bds_posts_top.csv,777,777,False,0,https://reddit.com/r/BDS/comments/1pc91tr/boycott_stranger_things_5_on_netflix/,30,,BDS,,2025-12-02 13:55:26,Tr0jan___,Action Alert,0,0,2025-12-02 14:55:26,1970-01-01 00:00:01.764683726,1pc91tr,False,Boycott Stranger Things 5 on Netflix,2025-12-02 14:55:26,1.0,top,29821,False
t2_7clqbllq8,bds_posts_top.csv,774,774,False,0,https://reddit.com/r/BDS/comments/1f4gccv/homemade_nesquick_by_fadi_salam/,39,"Via Instagram @itsfadisalam
Homemade Nesquik 🍫

- 100g unsweetened cocoa powder
- 100g powdered sugar
- 100g powdered milk
- 1/2 teaspoon vanilla (optional)
- Pinch of salt

Tip: Can be stored up to 3 months in a cool, dry place


",BDS,231.0,2024-08-29 23:08:02,pumpkinzh,Consumer,0,15,2024-08-30 00:08:02,1970-01-01 00:00:01.724972882,1f4gccv,False,Homemade Nesquick by Fadi Salam,2024-08-30 00:08:02,0.98,top,29821,False
t2_ykt3x3780,bds_posts_top.csv,773,773,False,0,https://reddit.com/r/BDS/comments/1lk3g2o/im_a_queer_palestinian_stop_using_my_identity_as/,19,"I’m a queer Palestinian. Stop using my identity as cover for the destruction of Gaza
Jad Salfiti",BDS,96.0,2025-06-25 11:44:01,Tr0jan___,News,0,7,2025-06-25 12:44:01,1970-01-01 00:00:01.750851841,1lk3g2o,False,“I’m a queer Palestinian. Stop using my identity as cover for the destruction of Gaza” Jad Salfiti,2025-06-25 12:44:01,0.99,top,29821,False
t2_ito8ztfp,bds_posts_top.csv,765,765,False,0,https://reddit.com/r/BDS/comments/1jjt888/israels_genocide_in_gaza_has_orphaned_over_20000/,8,,BDS,,2025-03-25 20:20:31,Nomogg,Gaza,0,7,2025-03-25 21:20:31,1970-01-01 00:00:01.742934031,1jjt888,False,"Israel's genocide in Gaza has orphaned over 20,000 children",2025-03-25 21:20:31,0.99,top,29821,False
t2_cp6ou0x4,bds_posts_top.csv,760,760,False,0,https://reddit.com/r/BDS/comments/1j7fryc/palestinian_cola_a_lot_stronger_and_better/,40,,BDS,,2025-03-09 19:42:32,Aqn95,Consumer,0,0,2025-03-09 19:42:32,1970-01-01 00:00:01.741549352,1j7fryc,False,Palestinian Cola! A lot stronger and better quality than Coca Cola,2025-03-09 19:42:32,1.0,top,29821,False
t2_ykt3x3780,bds_posts_top.csv,759,759,False,0,https://reddit.com/r/BDS/comments/1olwm8k/greta_is_a_real_one/,11,,BDS,,2025-11-01 19:26:33,Tr0jan___,Action Alert,0,0,2025-11-01 20:26:33,1970-01-01 00:00:01.762025193,1olwm8k,False,Greta is a real one,2025-11-01 20:26:33,1.0,top,29821,False
t2_79m4x,bds_posts_top.csv,740,740,False,0,https://reddit.com/r/BDS/comments/1j2shek/pay_attention_at_costco/,28,,BDS,,2025-03-03 20:26:04,whater39,Consumer,0,7,2025-03-03 20:26:04,1970-01-01 00:00:01.741033564,1j2shek,False,Pay attention at Costco,2025-03-03 20:26:04,0.99,top,29821,False
t2_ykt3x3780,bds_posts_top.csv,741,741,False,0,https://reddit.com/r/BDS/comments/1lohzw3/his_agent_supported_genocide/,13,,BDS,,2025-06-30 20:16:17,Tr0jan___,Entertainment,0,7,2025-06-30 21:16:17,1970-01-01 00:00:01.751314577,1lohzw3,False,His agent supported genocide,2025-06-30 21:16:17,0.99,top,29821,False
t2_asyx97br5,bds_posts_top.csv,726,726,False,0,https://reddit.com/r/BDS/comments/1ncn2g5/boycott_leonardo_dicaprios_movie_one_battle_after/,35,,BDS,,2025-09-09 16:07:54,damon121231,Boycott,0,7,2025-09-09 17:07:54,1970-01-01 00:00:01.757434074,1ncn2g5,False,Boycott Leonardo Dicaprio’s movie one battle after another,2025-09-09 17:07:54,0.99,top,29821,False
t2_yfwtmuqlc,bds_posts_top.csv,726,726,False,0,https://reddit.com/r/BDS/comments/1gposz8/7eleven_shuts_down_all_stores_in_israel/,25,,BDS,,2024-11-12 16:32:55,adilbuilds,Divestment,0,0,2024-11-12 17:32:55,1970-01-01 00:00:01.731429175,1gposz8,False,7-Eleven shuts down all stores in Israel!,2024-11-12 17:32:55,1.0,top,29821,False
t2_1mz6dmw2zb,bds_posts_top.csv,717,717,False,0,https://reddit.com/r/BDS/comments/1mogf6v/river_island_which_is_known_for_its_support_of/,32,,BDS,,2025-08-12 18:16:38,librephili,BDS Victory!,0,7,2025-08-12 19:16:38,1970-01-01 00:00:01.755022598,1mogf6v,False,"River Island, which is known for its support of “Israel”, is taking a huge economic hit",2025-08-12 19:16:38,0.99,top,29821,False
t2_evdtgw8v,bds_posts_top.csv,710,710,False,0,https://reddit.com/r/BDS/comments/1nmtwkp/then_it_is_ethnic_cleansing/,17,,BDS,,2025-09-21 14:47:53,Ilovedia,Israeli Terror/Apartheid,0,0,2025-09-21 15:47:53,1970-01-01 00:00:01.758466073,1nmtwkp,False,Then it is ethnic cleansing,2025-09-21 15:47:53,1.0,top,29821,False
t2_ito8ztfp,bds_posts_top.csv,697,697,False,0,https://reddit.com/r/BDS/comments/1jhjdov/columbia_university_expels_jewish_student_for/,15,,BDS,,2025-03-22 21:37:58,Nomogg,News,0,0,2025-03-22 21:37:58,1970-01-01 00:00:01.742679478,1jhjdov,False,Columbia University expels Jewish student for protesting Israel’s genocide,2025-03-22 21:37:58,1.0,top,29821,False
,bds_posts_top.csv,700,700,False,0,https://reddit.com/r/BDS/comments/1gm2o5j/maccabi_tel_aviv_fans_in_the_netherlands_took/,179,Not BDS related but something to cheer everyone up lol,BDS,54.0,2024-11-07 22:11:01,[deleted],Entertainment,0,69,2024-11-07 23:11:01,1970-01-01 00:00:01.731017461,1gm2o5j,False,"Maccabi Tel Aviv fans in the Netherlands took down a Palestinian flag hanging on a building. So they got a beating before being thrown in the river and made to chant ""Free Palestine""",2024-11-07 23:11:01,0.91,top,29821,False
t2_yfwtmuqlc,bds_posts_top.csv,696,696,False,0,https://reddit.com/r/BDS/comments/1iev631/germany_just_made_criticizing_israel_illegal_in/,25,,BDS,,2025-02-01 01:31:28,adilbuilds,News,0,0,2025-02-01 02:31:28,1970-01-01 00:00:01.738373488,1iev631,False,Germany just made criticizing Israel illegal in universities,2025-02-01 02:31:28,1.0,top,29821,False
t2_7clqbllq8,bds_posts_top.csv,680,680,False,0,https://reddit.com/r/BDS/comments/1njloac/boycott_iphone_17/,26,,BDS,,2025-09-17 18:46:23,pumpkinzh,Consumer,0,0,2025-09-17 19:46:23,1970-01-01 00:00:01.758134783,1njloac,False,Boycott iPhone 17,2025-09-17 19:46:23,1.0,top,29821,False
t2_hgefm,bds_posts_top.csv,680,680,False,0,https://reddit.com/r/BDS/comments/1imnrtt/craving_taco_bell_crunchwraps_but_boycotting_taco/,36,https://www.spendwithpennies.com/copycat-crunchwrap-supreme/ I used this recipe but adjusted the fillings to what I like. They turned out perfect! ,BDS,147.0,2025-02-11 02:15:52,Songmorning,Consumer,0,13,2025-02-11 03:15:52,1970-01-01 00:00:01.739240152,1imnrtt,False,Craving Taco Bell Crunchwraps but boycotting Taco Bell? Make your own!,2025-02-11 03:15:52,0.98,top,29821,False
t2_e95el70h,bds_posts_top.csv,672,672,False,0,https://reddit.com/r/BDS/comments/1lb3dqj/dont_start_a_war_you_cant_win_maya/,20,".
.
.

@illuminatedtiger , your comment was better than my caption for this meme 🫶🏼🇵🇸.",BDS,86.0,2025-06-14 08:01:41,Narrow_Guava_6239,Meme!,0,6,2025-06-14 09:01:41,1970-01-01 00:00:01.749888101,1lb3dqj,False,"Don’t start a war you can’t win, Maya 😁",2025-06-14 09:01:41,0.99,top,29821,False
t2_84jwf9vh,bds_posts_top.csv,673,673,False,0,https://reddit.com/r/BDS/comments/1mfvn1n/this_is_who_they_are_just_miles_from_what_theyve/,18,The Zionist is the greatest enemy of humanity.,BDS,46.0,2025-08-02 17:04:49,Plane-Imagination593,Gaza,0,0,2025-08-02 18:04:49,1970-01-01 00:00:01.754154289,1mfvn1n,False,"This is who they are, just miles from what they’ve caused.",2025-08-02 18:04:49,1.0,top,29821,False
t2_11s8q,bds_posts_top.csv,671,671,False,0,https://reddit.com/r/BDS/comments/1ez3rqt/scotland_cancels_all_contacts_with_israel/,12,,BDS,,2024-08-23 04:20:32,richards1052,BDS Victory!,0,0,2024-08-23 05:20:32,1970-01-01 00:00:01.724386832,1ez3rqt,False,Scotland cancels all contacts with Israel.,2024-08-23 05:20:32,1.0,top,29821,False
t2_ykt3x3780,bds_posts_top.csv,664,664,False,0,https://reddit.com/r/BDS/comments/1o24fx3/netflix_refused_to_stream_israels_propaganda_film/,42,,BDS,,2025-10-09 12:21:45,Tr0jan___,Hasbara,0,13,2025-10-09 13:21:45,1970-01-01 00:00:01.760012505,1o24fx3,False,"NETFLIX REFUSED to stream ISRAEL'S propaganda film about October 7th, titled Nova",2025-10-09 13:21:45,0.98,top,29821,False
t2_2amm1q82,bds_posts_top.csv,664,664,False,0,https://reddit.com/r/BDS/comments/1jvtpv6/zionists_are_aggresively_downvoting_youtuber_ms/,22,Here is her youtube: [https://www.youtube.com/@msrachel/videos](https://www.youtube.com/@msrachel/videos),BDS,105.0,2025-04-10 09:25:01,safemath,ASK THE SUB,0,6,2025-04-10 10:25:01,1970-01-01 00:00:01.744277101,1jvtpv6,False,"zionists are aggresively downvoting youtuber Ms Rachel for her support of Palestinian children, we need a movement to show her our support. Any ideas?",2025-04-10 10:25:01,0.99,top,29821,False
,bds_posts_top.csv,663,663,False,0,https://reddit.com/r/BDS/comments/1j6ky53/feb_25_does_our_code_kill_kids_satya_5_microsoft/,6,"A silent protest was held during a meeting with Microsoft CEO, Satya Nadella, to Microsoft providing the IDF with AI models and its Azure cloud computing platforms. The protestors are connected to the No Tech for Apartheid and No Azure for Apartheid campaigns. 

No Tech For Apartheid connects workers from Amazon, Google, and Microsoft to end their contracts with the IDF and the government. No Azure for Apartheid is the coalition of around 1,000 Microsoft employees protesting for Microsoft executives to terminate contracts between the IDF and the Israeli government

The five protesters were seen being escorted out of the room.",BDS,633.0,2025-03-08 16:35:27,[deleted],Action Alert,0,0,2025-03-08 16:35:27,1970-01-01 00:00:01.741451727,1j6ky53,False,"FEB 25| “Does our code kill kids, Satya?” 5 Microsoft employees removed from a conference after silent  protest against company services to the IDF",2025-03-08 16:35:27,1.0,top,29821,False
t2_qudd38zds,bds_posts_top.csv,664,664,False,0,https://reddit.com/r/BDS/comments/1j5spz6/boycott_coca_cola/,19,,BDS,,2025-03-07 16:32:03,Particular_Log_3594,Boycott,0,6,2025-03-07 16:32:03,1970-01-01 00:00:01.741365123,1j5spz6,False,Boycott Coca Cola,2025-03-07 16:32:03,0.99,top,29821,False
t2_ptek78a,bds_posts_top.csv,660,660,False,0,https://reddit.com/r/BDS/comments/1ndc7p9/asda_uk_baby_wipes_produced_in_israel/,22,,BDS,,2025-09-10 12:00:05,mania_d,Action Alert,0,0,2025-09-10 13:00:05,1970-01-01 00:00:01.757505605,1ndc7p9,False,Asda UK Baby Wipes produced in Israel,2025-09-10 13:00:05,1.0,top,29821,False
t2_ykt3x3780,bds_posts_top.csv,653,653,False,0,https://reddit.com/r/BDS/comments/1nzoqbq/greta_thunberg_speaks_to_press_after_being/,11,,BDS,,2025-10-06 16:59:53,Tr0jan___,Action Alert,0,0,2025-10-06 17:59:53,1970-01-01 00:00:01.759769993,1nzoqbq,False,"Greta Thunberg speaks to press after being released from illegal detainment in Israel: ""I could talk for a very, very long time about our mistreatment and abuses in our imprisonment. Trust me, but that is not the story.”",2025-10-06 17:59:53,1.0,top,29821,False
t2_144kjmf1,bds_posts_top.csv,649,649,False,0,https://reddit.com/r/BDS/comments/1kr5mbx/war_criminal_in_thailand/,64,,BDS,,2025-05-20 14:01:35,chopstickemup,Action Alert,0,6,2025-05-20 15:01:35,1970-01-01 00:00:01.747749695,1kr5mbx,False,War criminal in Thailand?,2025-05-20 15:01:35,0.99,top,29821,False
t2_ykt3x3780,bds_posts_top.csv,647,647,False,0,https://reddit.com/r/BDS/comments/1lk0g1f/what_do_you_think_of_him/,17,,BDS,,2025-06-25 08:44:30,Tr0jan___,ASK THE SUB,0,6,2025-06-25 09:44:30,1970-01-01 00:00:01.750841070,1lk0g1f,False,What do you think of him?,2025-06-25 09:44:30,0.99,top,29821,False
t2_qdq8t1nk,bds_posts_top.csv,642,642,False,0,https://reddit.com/r/BDS/comments/1n0nbse/i_am_in_gaza_this_is_me_and_my_nephew_khaled_in/,9,"For a week now, I have been suffering from the flu virus  a severe cough, a constant runny nose, and unbearable joint pain. I went to every pharmacy I could reach in Gaza, searching for even a simple painkiller or decongestant, but I found nothing.

Today, there is a shortage  or rather, a complete absence  of more than 85% of essential medicines in Gaza: no painkillers, no antibiotics, no blood pressure or diabetes medications, no ointments, no eye or ear drops. What remains are only expired vitamins.

And for more than six months, not a single cleaning product has entered Gaza  not even one bar of soap. With rising temperatures, the spread of diseases is unimaginable. Israel is committing genocide not only through bombs and bullets but also through the systematic destruction of the healthcare system.

This photo of me and my nephew Khaled standing in front of the destroyed Al-Shifa Hospital is not just a picture  it is proof. Proof against those who accuse me of writing from outside Gaza, trying to deflect attention from the genocide itself.

This sorrow, which squeezes its salt over the arteries of my blood until it dries out my features at noon, reveals at night all the pains of the body and the silent tears of loss that withheld themselves during the day.

I become a human being only to the extent of the pain I hide within my bones. I distribute tears across my whole body, sharing them fairly whenever loss passes through my senses like a skilled sniper.

What proves that I am still alive is this constant feeling of my people’s tragedy that hides within my soul without being spoken.

The genocide continues, so the war continues in my heart, while my heart plays with what remains of empty shells and displacement. Where is this war leading us? And where is the pain in my left hand leading me? This pain is an entire body  each cell within it a complete loss, each cell in need of me.

Please don’t let anyone’s accusations distract you from the truth. This is Gaza. This is real. And this is genocide.",BDS,2034.0,2025-08-26 14:26:58,SecretBiscotti8128,Gaza,0,0,2025-08-26 15:26:58,1970-01-01 00:00:01.756218418,1n0nbse,False,I am in Gaza. This is me and my nephew Khaled in front of the destroyed Al-Shifa Medical Complex.,2025-08-26 15:26:58,1.0,top,29821,False
t2_ykt3x3780,bds_posts_top.csv,641,641,False,0,https://reddit.com/r/BDS/comments/1p1dr7b/ms_rachel_shares_the_only_venue_that_welcomed/,3,,BDS,,2025-11-19 17:22:46,Tr0jan___,Entertainment,0,0,2025-11-19 18:22:46,1970-01-01 00:00:01.763572966,1p1dr7b,False,Ms Rachel shares the only venue that welcomed Rahaf,2025-11-19 18:22:46,1.0,top,29821,False
t2_8ki278xs,bds_posts_top.csv,640,640,False,0,https://reddit.com/r/BDS/comments/1olok7r/there_is_no_free_palestine_without_a_free_sudan/,22,"Sudan is being torn apart by UAE backed RSF militia (Rapid Support Forces) and the SAF (Sudanese Armed Forces). The RSF have held the city of El Fasher under siege for over 500 days, blocking aid to 1 million trapped civilians and creating a man made famine. The UAE 🇦🇪 continues to supply weapons, while the RSF smuggles Sudan’s gold to Dubai. Gum Arabic is also being trafficked and reportedly used in the supply chains of major brands.

According to the UN, Sudan is facing *“the most devastating humanitarian and displacement crisis in the world.”*

What can you do?  
🟥 BOYCOTT for Sudan (slide 4)  
🟨 Donate and contact your representatives.

Please help us raise awareness. We need solidarity more than ever. Sudan is still facing a media blackout.",BDS,755.0,2025-11-01 14:00:47,Able_Ad_4891,Action Alert,0,0,2025-11-01 15:00:47,1970-01-01 00:00:01.762005647,1olok7r,False,There is no Free Palestine 🇵🇸 without a Free Sudan 🇸🇩,2025-11-01 15:00:47,1.0,top,29821,False
t2_e95el70h,bds_posts_top.csv,638,638,False,0,https://reddit.com/r/BDS/comments/1lfa7gl/in_midst_of_a_rising_war_between_iran_and_west/,2,"Inna lillahi wa inna ilaihi raji’un.

Father went looking for food, he was killed 💔.

Isnotreal have not endured a drop of pain like the people of Palestine. 

Those people laughed, mocked and done heinous acts to Palestine. They’re now getting served what they’ve been dishing out for decades!
",BDS,295.0,2025-06-19 12:59:53,Narrow_Guava_6239,Gaza,0,6,2025-06-19 13:59:53,1970-01-01 00:00:01.750337993,1lfa7gl,False,In midst of a rising war between Iran and west. Let’s continue to remember those in Palestine,2025-06-19 13:59:53,0.99,top,29821,False
,bds_posts_top.csv,636,636,False,0,https://reddit.com/r/BDS/comments/1lwhe95/the_maghreb_al_sumoud_flotilla_is_sailing_to_gaza/,33,"The Maghreb Al Sumoud Flotilla is sailing to Gaza.  
Not by land this time — but by sea.  
From Tunisia, Algeria, Morocco, Libya, and Mauritania, the peoples of the Maghreb unite once more to break the siege and stand with Gaza.  
  
This is not just a flotilla — it’s a declaration:  
We will not be silent.  
We will not leave Gaza alone.  
  
Gaza, we are coming.",BDS,366.0,2025-07-10 16:38:01,[deleted],News,0,26,2025-07-10 17:38:01,1970-01-01 00:00:01.752165481,1lwhe95,False,The Maghreb Al Sumoud Flotilla is sailing to Gaza,2025-07-10 17:38:01,0.96,top,29821,False
t2_qdq8t1nk,bds_posts_top.csv,632,632,False,0,https://reddit.com/r/BDS/comments/1ga7ej5/my_nephews_hamoud_and_khaled_khaled_was_born_the/,22,,BDS,,2024-10-23 10:40:04,SecretBiscotti8128,Gaza,0,6,2024-10-23 11:40:04,1970-01-01 00:00:01.729680004,1ga7ej5,False,My nephews Hamoud and Khaled. Khaled was born the fifth month of the war.❤️‍🩹 Gaza. ,2024-10-23 11:40:04,0.99,top,29821,False
t2_ti986bk0,bds_posts_top.csv,624,624,False,0,https://reddit.com/r/BDS/comments/1l1edy3/no_dont_kill_the_children_are_you_antisemitic/,3,,BDS,,2025-06-02 10:19:11,PerspectiveGrand716,Discussion,0,32,2025-06-02 11:19:11,1970-01-01 00:00:01.748859551,1l1edy3,False,"No, don’t kill the children. Are you antisemitic?",2025-06-02 11:19:11,0.95,top,29821,False
t2_1mz6dmw2zb,bds_posts_top.csv,612,612,False,0,https://reddit.com/r/BDS/comments/1l3irhq/french_dock_workers_refuse_to_load_weapons_due/,5,,BDS,,2025-06-04 22:14:56,librephili,News,0,0,2025-06-04 23:14:56,1970-01-01 00:00:01.749075296,1l3irhq,False,French dock workers refuse to load weapons due for Israel,2025-06-04 23:14:56,1.0,top,29821,False
t2_dgdlugt3,bds_posts_top.csv,613,613,False,0,https://reddit.com/r/BDS/comments/1jfeqcs/can_someone_explain_to_me_like_im_a_second_grader/,38,,BDS,,2025-03-20 02:27:00,CosmiicBrowni,ASK THE SUB,0,0,2025-03-20 02:27:00,1970-01-01 00:00:01.742437620,1jfeqcs,False,Can someone explain to me like I'm a second grader. Because idk why i'm so confused,2025-03-20 02:27:00,1.0,top,29821,False
t2_qudd38zds,bds_posts_top.csv,606,606,False,0,https://reddit.com/r/BDS/comments/1ipnyq1/starbucks_ceo_says_gaza_related_boycotts_are/,69,,BDS,,2025-02-14 23:20:42,Particular_Log_3594,BDS Victory!,0,6,2025-02-15 00:20:42,1970-01-01 00:00:01.739575242,1ipnyq1,False,Starbucks CEO says Gaza related boycotts are “hurting the brand”,2025-02-15 00:20:42,0.99,top,29821,False
t2_18sxoqgcay,bds_posts_top.csv,604,604,False,0,https://reddit.com/r/BDS/comments/1l0tvr8/dont_forget_to_boycott_stranger_things_season_5/,7,,BDS,,2025-06-01 16:58:27,carTot254,Boycott,0,6,2025-06-01 17:58:27,1970-01-01 00:00:01.748797107,1l0tvr8,False,Don’t forget to boycott Stranger Things season 5 and Noah “Zionism is Sexy” Schnapp,2025-06-01 17:58:27,0.99,top,29821,False
t2_ykt3x3780,bds_posts_top.csv,606,606,False,0,https://reddit.com/r/BDS/comments/1o27ie9/she_is_a_danger_to_both_muslims_and_jews/,41,,BDS,,2025-10-09 14:32:04,Tr0jan___,Israeli Terror/Apartheid,0,6,2025-10-09 15:32:04,1970-01-01 00:00:01.760020324,1o27ie9,False,She is a danger to both Muslims and Jews,2025-10-09 15:32:04,0.99,top,29821,False
t2_ykt3x3780,bds_posts_top.csv,600,600,False,0,https://reddit.com/r/BDS/comments/1nxwu25/greta_thunberg_claims_she_is_being_held_by_israel/,31,,BDS,,2025-10-04 15:22:39,Tr0jan___,Israeli Terror/Apartheid,0,0,2025-10-04 16:22:39,1970-01-01 00:00:01.759591359,1nxwu25,False,Greta Thunberg claims she is being held by Israel in a “bedbug-infested cell” where she doesn’t have enough food or water. Israeli forces allegedly also took photos of Thunberg while she was reportedly forced to hold flags,2025-10-04 16:22:39,1.0,top,29821,False
,bds_posts_top.csv,595,595,False,0,https://reddit.com/r/BDS/comments/1ivksqn/feb_22_released_israeli_hostage_omer_shem_tov/,56,,BDS,,2025-02-22 15:10:34,[deleted],Gaza,0,6,2025-02-22 15:10:34,1970-01-01 00:00:01.740237034,1ivksqn,False,"FEB 22| Released Israeli hostage, Omer Shem Tov, Kisses Forehead Of two Hamas fighters during his release",2025-02-22 15:10:34,0.99,top,29821,False
t2_qdq8t1nk,bds_posts_top.csv,586,586,False,0,https://reddit.com/r/BDS/comments/1jourjf/we_are_sorry_world/,7,"We apologize for the sight of scattered limbs, for the torn bodies carried away by the wind, for the heads separated from their owners, and for the tents that burned with their inhabitants inside.  

We apologize if the news of massacres ruined your morning coffee.  
We apologize if, while scrolling through your phone, you came across a picture of a burned child from Gaza and it spoiled your day.  
We apologize if the screams of our women disturb you.  
We apologize because we are being killed against our will, and there is nothing we can do to stop it.  

I write to you from the heart of tragedy, from yet another displacement, not knowing how it will end.  
We were displaced again, as if the first time was not enough, as if deprivation and homelessness were not enough. We left once more, searching for a place beyond the reach of bombs, but there is no safe place here. Even the sky is our enemy. Even the ground we walk on could explode beneath us at any moment.  

I fled with my injured father, struggling to move, his pain unrelenting. We carry him over the rubble, through the scattered stones, across streets that are no longer streets—just craters and narrow paths. We search for water, for food, for shade, for a place to sit without fear, but we find none.  

The bombing is now more intense than ever, as if the genocide has just begun. We wait for our death with open eyes, imagining the missile before it falls, seeing corpses before they become corpses. If I leave this time, tell my friends in paradise that I am on my way, and they should make room for me—I have so much to tell them. Tell my cousin that I miss him dearly and that I won’t be long.  

I entrust you with every child here, for every child in Gaza needs a safe embrace. I entrust you with Gaza’s women, whom war has stripped of every meaning of femininity. I entrust you with the stones, for within them lies enough love to fill the entire world. And if you ever find my body, bury me with dignity—do not let this Nazi Zionist occupier take it.  

And if, one day, my words reach you, pray for me.",BDS,2089.0,2025-04-01 12:49:09,SecretBiscotti8128,Gaza,0,0,2025-04-01 13:49:09,1970-01-01 00:00:01.743511749,1jourjf,False,"We are sorry, world..",2025-04-01 13:49:09,1.0,top,29821,False
t2_ykt3x3780,bds_posts_top.csv,582,582,False,0,https://reddit.com/r/BDS/comments/1lfohjp/worldnews_mods_deletes_post_about_gaza_killings/,20,,BDS,,2025-06-19 22:52:14,Tr0jan___,Hasbara,0,0,2025-06-19 23:52:14,1970-01-01 00:00:01.750373534,1lfohjp,False,Worldnews mods deletes post about Gaza killings without explanation,2025-06-19 23:52:14,1.0,top,29821,False
t2_slhsko0gx,bds_posts_top.csv,585,585,False,0,https://reddit.com/r/BDS/comments/1dwon1n/owner_of_railway_tuan_café_in_hanoi_vietnam_is/,220,,BDS,,2024-07-06 12:38:13,ShedSoManyTears4Gaza,BDS Victory!,0,11,2024-07-06 13:38:13,1970-01-01 00:00:01.720269493,1dwon1n,False,"Owner of Railway Tuan Café in Hanoi, Vietnam is super based: ""My shop doesn't accept people from your country""💪🏼",2024-07-06 13:38:13,0.98,top,29821,False
t2_h1g1p,bds_posts_top.csv,580,580,False,0,https://reddit.com/r/BDS/comments/1hapq4o/boycott_jewelry_brand_gemella/,53,"I couldn’t wait to get home to share this. I was looking at their jewelry and noticed them sharing star of David pendants and sure enough their massive supporters and brainwashed. Not saying that every brand that has a star of David pendant supports is not real, but fuck this really takes the cake. If you have any good jewelry brands that are BDS safe please comment them. Stay strong everybody, stay alert.",BDS,409.0,2024-12-10 01:04:53,itsamefas,Consumer,0,11,2024-12-10 02:04:53,1970-01-01 00:00:01.733792693,1hapq4o,False,Boycott jewelry brand Gemella,2024-12-10 02:04:53,0.98,top,29821,False
t2_1kdn2ktor0,bds_posts_top.csv,577,577,False,0,https://reddit.com/r/BDS/comments/1lcmkbo/boycott_bubble_skincares_zionist_founder_for/,33,"The Founder of Bubble Skincare, Shai Eisenman, posted this on her Instagram stories before quickly deleting it and making her account private. The brand has been working overtime to suppress this. Their new product is going viral on TikTok and so many of the influencers are pro-Palestine and have no idea!  ",BDS,308.0,2025-06-16 07:22:52,CosmeticChemistPro,Boycott,0,11,2025-06-16 08:22:52,1970-01-01 00:00:01.750058572,1lcmkbo,False,Boycott Bubble Skincare’s Zionist Founder For Posting This On Her IG,2025-06-16 08:22:52,0.98,top,29821,False
t2_ykt3x3780,bds_posts_top.csv,582,582,False,0,https://reddit.com/r/BDS/comments/1lfd07t/just_in_israeli_prime_minister_netanyahu_says_all/,31,,BDS,,2025-06-19 15:01:14,Tr0jan___,Israeli Terror/Apartheid,0,5,2025-06-19 16:01:14,1970-01-01 00:00:01.750345274,1lfd07t,False,"JUST IN: 🇮🇱 Israeli Prime Minister Netanyahu says ""all of us are paying a personal price in war.""  ""My son had to cancel a wedding.""",2025-06-19 16:01:14,0.99,top,29821,False
t2_yfwtmuqlc,bds_posts_top.csv,577,577,False,0,https://reddit.com/r/BDS/comments/1hw6lmq/former_nba_superstar_dwight_howard_accounts_for/,15,"Former NBA superstar Dwight Howard accounts for when he tweeted “free Palestine” and got the call from the higher ups to take it down. 

If you ever wondered how much control they had, here’s even more proof. 

Anyways, free Palestine 🍉🇵🇸

Video Podcast by: the gauds show",BDS,272.0,2025-01-08 00:25:25,adilbuilds,News,0,0,2025-01-08 01:25:25,1970-01-01 00:00:01.736295925,1hw6lmq,False,Former NBA superstar Dwight Howard accounts for when he tweeted “free Palestine”,2025-01-08 01:25:25,1.0,top,29821,False
t2_ykt3x3780,bds_posts_top.csv,572,572,False,0,https://reddit.com/r/BDS/comments/1nmz5x9/dua_lipa_fires_manager_david_levy_after_his/,10,,BDS,,2025-09-21 18:12:13,Tr0jan___,Entertainment,0,0,2025-09-21 19:12:13,1970-01-01 00:00:01.758478333,1nmz5x9,False,Dua Lipa fires manager David Levy after his attempt to stop pro-Palestinian rappers Kneecap from Glastonbury,2025-09-21 19:12:13,1.0,top,29821,False
t2_1od88c1zlb,bds_posts_top.csv,568,568,False,0,https://reddit.com/r/BDS/comments/1ls1ng5/a_systematic_erasure_of_gazas_scientific_minds/,4,"In this photo: Four of Gaza’s most respected medical professionals — assassinated during the war.

They were not soldiers. Not fighters. They were doctors, teachers, carriers of knowledge and healing.
They were targeted in their homes, in hospitals, or while performing their humanitarian duty  just like so many other academics, engineers, and scholars.

What’s happening in Gaza is not just a war against civilians, but a war against their future.
Every doctor killed, every engineer silenced, is a blow not just to the present, but to the possibility of rebuilding, of recovery, of hope.

This is not collateral damage  this is a deliberate strategy to erase Gaza’s intellectual core and eliminate its brightest minds.",BDS,721.0,2025-07-05 04:40:08,Hamdan-mohamed,Gaza,0,5,2025-07-05 05:40:08,1970-01-01 00:00:01.751690408,1ls1ng5,False,"A Systematic Erasure of Gaza’s Scientific Minds Not a Coincidence, but a Silent Strategy.",2025-07-05 05:40:08,0.99,top,29821,False
t2_qdq8t1nk,bds_posts_top.csv,570,570,False,0,https://reddit.com/r/BDS/comments/1llskb7/when_bread_becomes_a_weapon_of_annihilation_we/,29,"In Gaza, bombs and missiles aren't enough. Nor is the siege, or the hunger, or the massacres. It seems there are those determined to complete the mission of extermination through even more sinister and insidious means: the erasure of consciousness.

Recently, I came across deeply disturbing information. So I consulted my brother, who is a pharmacist, and he confirmed a horrifying truth:
Reports are circulating about the smuggling of a highly addictive and dangerous substance Oxycodone into Gaza, hidden inside bags of flour that are supposedly humanitarian aid.

He told me:
Oxycodone is an opioid used to treat severe and chronic pain, especially in cancer patients. But it's also highly addictive. It attacks the nervous system, slows the heart rate, dulls awareness, and causes respiratory depression that can be fatal.

And what’s worse  these reports are not only about smuggling pills hidden in aid but about the flour itself being mixed with the drug.
Can you imagine eating your daily bread, not knowing you're consuming poison?

What we are facing is not just physical destruction  it’s a deliberate war on people’s minds, a systematic attempt to sedate, blur reality, and render the population incapable of thinking, resisting, or even recognizing the danger.

It is an attempt to turn pain into addiction, hunger into dependence, and society into a fog of broken minds.
It is a war crime by every legal, ethical, and human standard a silent genocide being carried out through bread, not bullets.

They know well that when the Palestinian is hungry, he resists.
When he is wounded, he resists.
But when his consciousness is taken… he resists nothing.

This is not speculation. It’s not some baseless conspiracy.
History is full of cases where occupying powers experimented with poisoning and manipulation to control oppressed peoples.
And anyone capable of bombing hospitals and killing children will not hesitate to lace flour with opioids.

We are not only facing missiles. We are facing a criminal mind trying to destroy us from within.
To shatter us before the fight even begins.
To erase our spirit before our bodies.

That is why we must raise the alarm.
Doctors, pharmacists, intellectuals, activists  every one of us must stand guard not only over bodies, but over minds and awareness

This is a battle for existence and consciousness is our first line of defense.

If we’re not vigilant, we won’t just die  we’ll be erased quietly, in our sleep, under the effects of a sedative, while our language, memory, and dreams are dismantled piece by piece.

And amid all this don’t forget that Gaza is also facing real famine.
People go to sleep hungry. Children cry from starvation. The elderly collapse from exhaustion. Aid doesn’t arrive or arrives corrupted, or only reaches select areas under political agendas.

This is a plea.
Stop this crime.
Save Gaza  not just from bombs, but from poisoning, from sedation, from slow erasure.


",BDS,2955.0,2025-06-27 12:25:48,SecretBiscotti8128,Gaza,0,17,2025-06-27 13:25:48,1970-01-01 00:00:01.751027148,1llskb7,False,"When bread becomes a weapon of annihilation, we are facing a crime the world has never seen before.",2025-06-27 13:25:48,0.97,top,29821,False
t2_yfwtmuqlc,bds_posts_top.csv,560,560,False,0,https://reddit.com/r/BDS/comments/1g6qqp2/nestle_stock_falling_and_sales_declining_due_to/,32,You can find alternatives in the Boycatapp too!,BDS,47.0,2024-10-18 19:37:43,adilbuilds,Consumer,0,5,2024-10-18 20:37:43,1970-01-01 00:00:01.729280263,1g6qqp2,False,Nestle Stock falling and sales declining due to boycotts,2024-10-18 20:37:43,0.99,top,29821,False
t2_2n8z65ke,bds_posts_top.csv,555,555,False,0,https://reddit.com/r/BDS/comments/1m8ut05/ms_rachel_pledges_not_to_work_with_anyone_who_is/,4,,BDS,,2025-07-25 09:38:48,TendieRetard,Consumer,0,0,2025-07-25 10:38:48,1970-01-01 00:00:01.753436328,1m8ut05,False,Ms. Rachel pledges not to work with anyone who is silent on the Gaza genocide,2025-07-25 10:38:48,1.0,top,29821,False
t2_ykt3x3780,bds_posts_top.csv,557,557,False,0,https://reddit.com/r/BDS/comments/1kk9tsx/the_new_pope_leo_xiv_calls_for_a_ceasefire_in/,4,,BDS,,2025-05-11 19:58:35,Tr0jan___,News,0,5,2025-05-11 20:58:35,1970-01-01 00:00:01.746993515,1kk9tsx,False,"The new pope, Leo XIV, calls for a ceasefire in Gaza in his first Sunday message",2025-05-11 20:58:35,0.99,top,29821,False
t2_10hrjw7gob,bds_posts_top.csv,561,561,False,0,https://reddit.com/r/BDS/comments/1h0h8rk/victory_puma_no_longer_sponsors_the_israel/,12,,BDS,,2024-11-26 17:22:24,natural_piano1836,BDS Victory!,0,5,2024-11-26 18:22:24,1970-01-01 00:00:01.732641744,1h0h8rk,False,Victory: Puma no longer sponsors the Israel football team,2024-11-26 18:22:24,0.99,top,29821,False
t2_iiu38sty,bds_posts_top.csv,553,553,False,0,https://reddit.com/r/BDS/comments/1pmgy5k/its_all_so_overwhelming_the_level_of/,9,,BDS,,2025-12-14 15:38:39,Blood11Orange,Israeli Terror/Apartheid,0,0,2025-12-14 16:38:39,1970-01-01 00:00:01.765726719,1pmgy5k,False,"It’s all so overwhelming, the level of dehumanization is truly pathological.",2025-12-14 16:38:39,1.0,top,29821,False
t2_ykt3x3780,bds_posts_top.csv,560,560,False,0,https://reddit.com/r/BDS/comments/1lc3dot/its_time_to_boycott_egypt/,10,,BDS,,2025-06-15 15:44:34,Tr0jan___,Other,0,17,2025-06-15 16:44:34,1970-01-01 00:00:01.750002274,1lc3dot,False,It's time to boycott egypt,2025-06-15 16:44:34,0.97,top,29821,False
t2_bvzsw6l35,bds_posts_top.csv,555,555,False,0,https://reddit.com/r/BDS/comments/1nvz1s3/this_is_what_its_all_about_people_we_have_they/,14,,BDS,,2025-10-02 09:24:26,CNCMachina,Divestment,0,0,2025-10-02 10:24:26,1970-01-01 00:00:01.759397066,1nvz1s3,False,This is what it's all about people... We have they power to change everything!,2025-10-02 10:24:26,1.0,top,29821,False
t2_yfwtmuqlc,bds_posts_top.csv,550,550,False,0,https://reddit.com/r/BDS/comments/1j21j60/universities_worldwide_are_cutting_ties_journals/,10,,BDS,,2025-03-02 21:09:43,adilbuilds,Consumer,0,0,2025-03-02 21:09:43,1970-01-01 00:00:01.740949783,1j21j60,False,"Universities worldwide are cutting ties, journals are rejecting Israeli research, and funding is drying up",2025-03-02 21:09:43,1.0,top,29821,False
t2_2amm1q82,bds_posts_top.csv,547,547,False,0,https://reddit.com/r/BDS/comments/1lj6wi5/i_remember_when_i_was_in_the_idf_bds_being_worse/,5,,BDS,,2025-06-24 09:49:02,safemath,Video,0,0,2025-06-24 10:49:02,1970-01-01 00:00:01.750758542,1lj6wi5,False,"""I remember [when I was in the IDF] BDS being worse than Hamas"".",2025-06-24 10:49:02,1.0,top,29821,False
t2_ykt3x3780,bds_posts_top.csv,549,549,False,0,https://reddit.com/r/BDS/comments/1nmb7jj/kneecap_has_formally_requested_to_their_label_to/,2,,BDS,,2025-09-20 22:15:38,Tr0jan___,Action Alert,0,0,2025-09-20 23:15:38,1970-01-01 00:00:01.758406538,1nmb7jj,False,Kneecap has formally requested to their label to remove all of their music from any streaming service in Israel.,2025-09-20 23:15:38,1.0,top,29821,False
t2_1vy4mvk795,bds_posts_top.csv,547,547,False,0,https://reddit.com/r/BDS/comments/1puqriq/it_is_my_right_to_live_a_decent_and_happy_life/,13,,BDS,,2025-12-24 16:05:51,Comfortable_Spend436,Gaza,0,0,2025-12-24 17:05:51,1970-01-01 00:00:01.766592351,1puqriq,False,It is my right to live a decent and happy life with my family.,2025-12-24 17:05:51,1.0,top,29821,False
t2_7clqbllq8,bds_posts_top.csv,548,548,False,0,https://reddit.com/r/BDS/comments/1fki6ai/usa_antibds_labelling_act_passed/,47,,BDS,,2024-09-19 11:09:16,pumpkinzh,Consumer,0,5,2024-09-19 12:09:16,1970-01-01 00:00:01.726744156,1fki6ai,False,USA: Anti-BDS Labelling Act Passed,2024-09-19 12:09:16,0.99,top,29821,False
t2_9a2ge,bds_posts_top.csv,549,549,False,0,https://reddit.com/r/BDS/comments/1chlt8q/some_good_news/,24,"https://bdsmovement.net/news/samsung-next-withdraws-from-israel

Ps if this is a repost feel free to delete it",BDS,110.0,2024-05-01 13:10:55,dramaqueen09,Divestment,0,5,2024-05-01 14:10:55,1970-01-01 00:00:01.714569055,1chlt8q,False,Some good news ,2024-05-01 14:10:55,0.99,top,29821,False
t2_748lbvvi8,bds_posts_top.csv,541,541,False,0,https://reddit.com/r/BDS/comments/1mw7s6u/remember_to_boycott_hm_for_gaza/,9,I’m good friends with a micro “influencer” who is friends with a more famous one and both have been vocal (online) about the genocide yet my friend’s friend has just done a deal with H&amp;M who are to be boycotted. Very hypocritical and double standard. I can only assume she doesn’t know so thought would be good to put it here as well in case it’s maybe not as well known to boycott H&amp;M as I thought. ,BDS,408.0,2025-08-21 11:02:49,SillyPassion7773,Boycott,0,0,2025-08-21 12:02:49,1970-01-01 00:00:01.755774169,1mw7s6u,False,Remember to boycott H&amp;M for Gaza,2025-08-21 12:02:49,1.0,top,29821,False
t2_1yxrbwvk0c,bds_posts_top.csv,541,541,False,0,https://reddit.com/r/BDS/comments/1oipfbl/starbucks_has_announced_plans_to_close_400_stores/,17,,BDS,,2025-10-28 23:46:01,librePali,BDS Victory!,0,0,2025-10-29 00:46:01,1970-01-01 00:00:01.761695161,1oipfbl,False,Starbucks has announced plans to close 400 stores across North America — a move analysts link to plummeting sales and the ongoing global boycott over the company’s stance on the Gaza genocide.,2025-10-29 00:46:01,1.0,top,29821,False
t2_66nfyru8,bds_posts_top.csv,537,537,False,0,https://reddit.com/r/BDS/comments/1jyk6wa/it_be_like_that/,58,,BDS,,2025-04-13 22:45:35,Sonic_Improv,Meme!,0,73,2025-04-13 23:45:35,1970-01-01 00:00:01.744584335,1jyk6wa,False,It be like that,2025-04-13 23:45:35,0.88,top,29821,False
t2_1u4q2mk5il,bds_posts_top.csv,537,537,False,0,https://reddit.com/r/BDS/comments/1nqsb0o/boycott_paramount_theyre_putting_out_zionist/,24,,BDS,,2025-09-26 04:43:47,Ok-Following6886,Boycott,0,0,2025-09-26 05:43:47,1970-01-01 00:00:01.758861827,1nqsb0o,False,"Boycott Paramount+, they're putting out Zionist propaganda on their platform.",2025-09-26 05:43:47,1.0,top,29821,False
t2_qudd38zds,bds_posts_top.csv,540,540,False,0,https://reddit.com/r/BDS/comments/1jbhp4p/family_of_palestinian_student_activist_mahmoud/,13,,BDS,,2025-03-14 23:36:31,Particular_Log_3594,News,0,5,2025-03-14 23:36:31,1970-01-01 00:00:01.741995391,1jbhp4p,False,Family of Palestinian student activist Mahmoud Khalil just released footage of his arrest by ICE for protesting Israel's genocide against the Palestinian people. No charges have been laid. No arrest warrant either.,2025-03-14 23:36:31,0.99,top,29821,False
t2_7x55p,bds_posts_top.csv,536,536,False,0,https://reddit.com/r/BDS/comments/1h4tzny/if_you_werent_already_boycotting_mcdonalds/,16,,BDS,,2024-12-02 12:36:56,willflameboy,Consumer,0,5,2024-12-02 13:36:56,1970-01-01 00:00:01.733143016,1h4tzny,False,If you weren't already boycotting McDonald's...,2024-12-02 13:36:56,0.99,top,29821,False
t2_yfwtmuqlc,bds_posts_top.csv,532,532,False,0,https://reddit.com/r/BDS/comments/1hhwk16/7000_authors_just_dropped_the_micand_israeli/,6,,BDS,,2024-12-19 16:21:47,adilbuilds,Events,0,5,2024-12-19 17:21:47,1970-01-01 00:00:01.734625307,1hhwk16,False,"7,000+ authors just dropped the mic—and Israeli apartheid. ",2024-12-19 17:21:47,0.99,top,29821,False
t2_ykt3x3780,bds_posts_top.csv,537,537,False,0,https://reddit.com/r/BDS/comments/1mpgbba/isrel_hates_black_people/,9,,BDS,,2025-08-13 20:52:53,Tr0jan___,Israeli Terror/Apartheid,0,5,2025-08-13 21:52:53,1970-01-01 00:00:01.755118373,1mpgbba,False,Isr’el hates black people,2025-08-13 21:52:53,0.99,top,29821,False
t2_11d0tpumuj,bds_posts_top.csv,533,533,False,0,https://reddit.com/r/BDS/comments/1l5piet/canada_strips_jewish_national_fund_of_charitable/,7,,BDS,,2025-06-07 16:56:34,Known-Platform1735,News,0,0,2025-06-07 17:56:34,1970-01-01 00:00:01.749315394,1l5piet,False,"Canada strips Jewish National Fund of charitable status after 57 years, forcing its shut down after court rejects final appeal",2025-06-07 17:56:34,1.0,top,29821,False
t2_qudd38zds,bds_posts_top.csv,530,530,False,0,https://reddit.com/r/BDS/comments/1jkb7yu/jewish_american_surgeon_serving_in_gaza_dr_mark/,11,,BDS,,2025-03-26 13:01:40,Particular_Log_3594,Gaza,0,0,2025-03-26 14:01:40,1970-01-01 00:00:01.742994100,1jkb7yu,False,"Jewish American surgeon serving in Gaza, Dr. Mark Perlmutter: My colleague, a surgeon, had his fingers crushed by Israeli forces, was threatened with the gang rape of his wife, and was subjected to rectal probes soaked in pig’s blood.",2025-03-26 14:01:40,1.0,top,29821,False
t2_ykt3x3780,bds_posts_top.csv,529,529,False,0,https://reddit.com/r/BDS/comments/1p3siuj/one_of_the_largest_proisrael_accounts_on_x_has/,13,,BDS,,2025-11-22 12:53:26,Tr0jan___,Hasbara,0,0,2025-11-22 13:53:26,1970-01-01 00:00:01.763816006,1p3siuj,False,One of the largest Pro-Israel accounts on X has just been exposed as being based in India.,2025-11-22 13:53:26,1.0,top,29821,False
t2_3t5v9,bds_posts_top.csv,527,527,False,0,https://reddit.com/r/BDS/comments/1i6zqlw/mcdonalds_loses_over_7_billion_in_boycott_over/,23,,BDS,,2025-01-22 01:51:39,ExtHD,News,0,5,2025-01-22 02:51:39,1970-01-01 00:00:01.737510699,1i6zqlw,False,McDonald’s loses over $7 billion in boycott over backing Israel | The current boycott campaign against Israeli goods began in October 2023 after McDonald’s in the occupied Palestinian territories announced it had donated thousands of free meals to Israeli soldiers,2025-01-22 02:51:39,0.99,top,29821,False
t2_k572c8ne4,boycott_israel_posts_hot.csv,62,62,False,0,https://reddit.com/r/BoycottIsrael/comments/1nqfbjv/a_lot_of_people_asking_about_tech_and_gaming/,32,"Here, a short list put together:

1. ASUS **Boycotted!** ,asus is supporting the occupation through their israeli accounts [https://www.instagram.com/p/CyK\_T7tozNp/](https://www.instagram.com/p/CyK_T7tozNp/) and [https://www.linkedin.com/posts/mohammed-al-dailami-30a044106\_savegaza-israelpalestineconflict-gaza-activity-7127546703460663297-aeIP](https://www.linkedin.com/posts/mohammed-al-dailami-30a044106_savegaza-israelpalestineconflict-gaza-activity-7127546703460663297-aeIP) , In 2013-2015, Asus worked with the Israeli company N-trig on technology for touch screens and digital pens. N-trig was later acquired by Microsoft.

2.HP **Boycotted!** ,one of the most disgusting supporters [https://bdsmovement.net/boycott-hp](https://bdsmovement.net/boycott-hp) .

3. DELL (alianware) **boycotted!** ,Dell serves as the primary IT infrastructure provider to the Israeli Ministry of Defense [https://www.is-boycott.com/en/c/dell](https://www.is-boycott.com/en/c/dell) .

4.LENOVO **Boycotted!** ,""Lenovo maintains a physical presence and provides technical and business support in Israel, including a cybersecurity innovation center made in 2023 with Ben-Gurion University and a dedicated support website for the Israeli market . alot of people actually thinking that it is safe

5. TOSHIBA **Boycotted!** ,Toshiba has a presence in Israel, including itsdevelopment office in Tel Avivand representation for its Toshiba Tec brand. see this too [https://en.globes.co.il/en/article-1000899145](https://en.globes.co.il/en/article-1000899145)

6.MSI **Boycotted!** ,MSI sponsors the Israeli esports team Team Finest, see this [https://www.msi.com/gaming-team/team-finest](https://www.msi.com/gaming-team/team-finest) .

7.Huawei **Boycotted!** ,acquired the Israeli database security company [HexaTier](https://www.google.com/search?client=firefox-b-d&amp;sca_esv=6e9ba1d0fbdcd9a8&amp;cs=1&amp;sxsrf=AE3TifM04Amn4kPkIA-r378lYE1ZY04nYg%3A1758752739107&amp;q=HexaTier&amp;sa=X&amp;ved=2ahUKEwiDsIDCuPKPAxWMSKQEHV0oA14QxccNegQIBRAB&amp;mstk=AUtExfCSpXY6b7O6wIXw3vEWcQofTuRFbYeb75K16gHUVIkE3h5WQ5hRulH95CyA_jgyR85cUFxG5gXzz2nMkCmhDDTbdIcD3XXKr3F0e97h3BHiRz_0dySlM24vFx7W3COu1QPSYD-dKoQ040G2uB--l2J5tw-2LnDX17zACWH1U_WmI2ZRgAErhILzwGMJd_qj0MxKzUaOQP6n0r_6Xbu3MSqCb4eZxz76NI669PeK9xNY_TLhUhumLz2A7YW3vweRtxoD-Qs79vqtkKwnUBqWSBQM4ATRcPBEELj63wyGyvjTYA&amp;csui=3) in 2016 and also has a prominent research and development center in Israel, [Toga Networks](https://www.google.com/search?client=firefox-b-d&amp;sca_esv=6e9ba1d0fbdcd9a8&amp;cs=1&amp;sxsrf=AE3TifM04Amn4kPkIA-r378lYE1ZY04nYg%3A1758752739107&amp;q=Toga+Networks&amp;sa=X&amp;ved=2ahUKEwiDsIDCuPKPAxWMSKQEHV0oA14QxccNegQIBRAC&amp;mstk=AUtExfCSpXY6b7O6wIXw3vEWcQofTuRFbYeb75K16gHUVIkE3h5WQ5hRulH95CyA_jgyR85cUFxG5gXzz2nMkCmhDDTbdIcD3XXKr3F0e97h3BHiRz_0dySlM24vFx7W3COu1QPSYD-dKoQ040G2uB--l2J5tw-2LnDX17zACWH1U_WmI2ZRgAErhILzwGMJd_qj0MxKzUaOQP6n0r_6Xbu3MSqCb4eZxz76NI669PeK9xNY_TLhUhumLz2A7YW3vweRtxoD-Qs79vqtkKwnUBqWSBQM4ATRcPBEELj63wyGyvjTYA&amp;csui=3), which is considered a Huawei company.

8. Sony **Boycotted!** ,Sony acquired Israeli chipmaker [Altair Semiconductor](https://www.google.com/search?client=firefox-b-d&amp;sca_esv=6e9ba1d0fbdcd9a8&amp;cs=1&amp;sxsrf=AE3TifNCPP2DwGRVjfmDvDFrFiJEsfzjhQ%3A1758751701868&amp;q=Altair+Semiconductor&amp;sa=X&amp;ved=2ahUKEwiT36rTtPKPAxWMSKQEHV0oA14QxccNegQIBBAB&amp;mstk=AUtExfCIZNx29M5D0T7ZHy4kw6yjgatsNSBy8MJMXmOG66CfxHIMm4ohg2jNlhU_wLq1RXOo3cv8gk_KWSPW0GZIXd7cSesedx-eHoqxve8sT4wLqX_N_LbRKxgS6plIpkoMqc4ukzLLwmYvU7g0ZuEq1d3qVgSCx24axJz79qUBLwfxWog9U3PH6-ooL10Ogq3LK_91CmoShYFwC5gGkbX6XP0TEhczw9JY5kN44Nufujv42izXeqwGmew10waQZr-tBRy9gS7xflNeFxYG65RtzuKaok38QxboyDzt4xTun7vkKA&amp;csui=3) in 2016 for $212 million, and it is now known as [Sony Semiconductor Israel](https://www.google.com/search?client=firefox-b-d&amp;sca_esv=6e9ba1d0fbdcd9a8&amp;cs=1&amp;sxsrf=AE3TifNCPP2DwGRVjfmDvDFrFiJEsfzjhQ%3A1758751701868&amp;q=Sony+Semiconductor+Israel&amp;sa=X&amp;ved=2ahUKEwiT36rTtPKPAxWMSKQEHV0oA14QxccNegQIBBAC&amp;mstk=AUtExfCIZNx29M5D0T7ZHy4kw6yjgatsNSBy8MJMXmOG66CfxHIMm4ohg2jNlhU_wLq1RXOo3cv8gk_KWSPW0GZIXd7cSesedx-eHoqxve8sT4wLqX_N_LbRKxgS6plIpkoMqc4ukzLLwmYvU7g0ZuEq1d3qVgSCx24axJz79qUBLwfxWog9U3PH6-ooL10Ogq3LK_91CmoShYFwC5gGkbX6XP0TEhczw9JY5kN44Nufujv42izXeqwGmew10waQZr-tBRy9gS7xflNeFxYG65RtzuKaok38QxboyDzt4xTun7vkKA&amp;csui=3) also **In 2005, it formed the Israeli R&amp;D center, located in Hod Has.**

9. Panasonic **Boycotted!** ,in 2013 sold three of its chip manufacturing plants in Japan to the Israeli company TowerJazz, which also has a stake in a joint venture with Panasonic, according to [Reuters](https://www.reuters.com/article/technology/panasonic-to-sell-three-japan-chip-factories-to-israels-towerjazz-sources-idUSBRE9AQ00G/) and Panasonic has collaborated with Israeli entities on industrial R&amp;D, as seen in its work with the [Singapore Israel Industrial R&amp;D Foundation (SIIRD)](https://www.google.com/search?client=firefox-b-d&amp;sca_esv=6e9ba1d0fbdcd9a8&amp;cs=1&amp;sxsrf=AE3TifO33mlOY6HCJzkRGZDnJqJkXynOpQ%3A1758751904864&amp;q=Singapore+Israel+Industrial+R%26D+Foundation+%28SIIRD%29&amp;sa=X&amp;ved=2ahUKEwjmkZO0tfKPAxVHRaQEHXq-HzEQxccNegQIAhAC&amp;mstk=AUtExfD7FQVgCBainu0qoYl7Zwn4qmlIF4d6-07_f-TgZ6v8PeuOvpFCBSn_VLpVA6ji3VvN-1P3t2aExdp_1nljPaOb9T9PwOkapJkCYZ8d_ufOD1h3RhPfkUelwAAbiIZkhwsBZ53ex2Tl37Y0B88Ogdk_yeKimqVsG3fS4qXYUtqyaE2S-6hBfaq-269dHbOJl7ufPRlQ_xa2aR2Im0ldtxf4gJ8JwjDOPg1xI1Eh2Vj1SEiSfyUyV7SXg7GbskrE8XYSvx2Dj7BGGP42bBGrByDVX2oOGdb-LI9YjpQcW8Kt4w&amp;csui=3) .

10. Fujifilm **Boycotted!** ,has operations in Israel, primarily through collaborations and partnerships, with a significant presence in the biotechnology and biopharmaceutical sectors, and lists a dedicated regional page on its global website for Israel, which includes contact information for its partners and distributors like [Shimone Group Ltd.](https://www.google.com/search?client=firefox-b-d&amp;cs=1&amp;sca_esv=6e9ba1d0fbdcd9a8&amp;sxsrf=AE3TifNq8Fqejc7YT1xtgQprHOWxIKOc_Q%3A1758752115885&amp;q=Shimone+Group+Ltd.&amp;sa=X&amp;ved=2ahUKEwi-sN6YtvKPAxV2UaQEHWKOAPQQxccNegQIAhAB&amp;mstk=AUtExfBsawqLVya5uSkrPRfEf4D8F4vA1CqM7zyGr9oiuTJ2EWbcsM0N68iv5eKnyL33SBTF70Q7js__3v3ZZkRCF-vOJBTHhQS0A_5Akk9OG-JmC5Ariy17vHyNWwTX_XmkMZMM0vDR3dVnEPgGHSBXy5DCiFx-BgF7wYb3vdC_oUAhE-cRLT0yrzAqjiURzawLkXaM9QtVrVI0VVKjyJx6N3RQLr0LsHYs8ukSlU0z6oq9TmFo43ZqpImQNvijC2TQw-2meMQYtqoEjr-nz68LiYG_EE60IfVhOgg7VlT-IEtWiw&amp;csui=3) and Dinco Ltd .

11. Xiaomi **Boycotted!** ,products are also sold in Israel through an official importer, the Hemilton Group, which has been the official master franchisee since 2018, opened its first official store in Israel's coastal city of Tel Aviv in **August 2018.**

12. Apple **Boycotted!** ,conducts extensive research and development in Israel, with R&amp;D centers in Haifa and Herzliya, and a planned new center in Jerusalem and Acquired several Israeli companies.

13. Samsung **Boycotted!** ,Samsung Electronics Partners with Avnet ASIC Israel to Strengthen Customer Support at the Forefront of ASIC Design Services and Samsung has acquired several companies from Israel, including the image sensor developer [TransChip](https://www.google.com/search?client=firefox-b-d&amp;cs=1&amp;sca_esv=6e9ba1d0fbdcd9a8&amp;sxsrf=AE3TifO60_UIqCxrbmdXeAS0YwvJamV3vQ%3A1758751066515&amp;q=TransChip&amp;sa=X&amp;ved=2ahUKEwjkwbiksvKPAxXqRaQEHUJcKqQQxccNegQIAxAC&amp;mstk=AUtExfCniJzBGyoxscpQTF83tEEBWsZB3IIMbzJVYsSYdFeoNsk11GbL8-9Ak5VgT0I2sXm4uSSgHXHv_z5q7jcmukZ7cgtnEEwZspoHZzlfwWwYG4oqQBRGRCUNQo3bc61a7ERTbNHQctwuKcMnaJgmq23aBYUWx7xzNjjciPWya1KtMfq4nPBSZXxH4gWp3bHs9CUfo3qbZ9N6d_toKHmmYU-W-MxJ19ezRQB73sGSLn-4CmjkgVW7XfNokJODSQIedOBKgoAfeLtHnJmHUE8uvjdggf77tCKl8OVxbFTYwRP9QA&amp;csui=3) in 2007, the smartphone camera technology company [Corephotonics](https://www.google.com/search?client=firefox-b-d&amp;cs=1&amp;sca_esv=6e9ba1d0fbdcd9a8&amp;sxsrf=AE3TifO60_UIqCxrbmdXeAS0YwvJamV3vQ%3A1758751066515&amp;q=Corephotonics&amp;sa=X&amp;ved=2ahUKEwjkwbiksvKPAxXqRaQEHUJcKqQQxccNegQIAxAD&amp;mstk=AUtExfCniJzBGyoxscpQTF83tEEBWsZB3IIMbzJVYsSYdFeoNsk11GbL8-9Ak5VgT0I2sXm4uSSgHXHv_z5q7jcmukZ7cgtnEEwZspoHZzlfwWwYG4oqQBRGRCUNQo3bc61a7ERTbNHQctwuKcMnaJgmq23aBYUWx7xzNjjciPWya1KtMfq4nPBSZXxH4gWp3bHs9CUfo3qbZ9N6d_toKHmmYU-W-MxJ19ezRQB73sGSLn-4CmjkgVW7XfNokJODSQIedOBKgoAfeLtHnJmHUE8uvjdggf77tCKl8OVxbFTYwRP9QA&amp;csui=3) for $155 million in 2019, and Samsung subsidiary, Harman, did acquire another Israeli company (Caaresys) in 2022, which is another health monitoring systems developer. Samsung also previously bought Israeli web TV startup [Boxee](https://www.google.com/search?client=firefox-b-d&amp;cs=1&amp;sca_esv=6e9ba1d0fbdcd9a8&amp;sxsrf=AE3TifO60_UIqCxrbmdXeAS0YwvJamV3vQ%3A1758751066515&amp;q=Boxee&amp;sa=X&amp;ved=2ahUKEwjkwbiksvKPAxXqRaQEHUJcKqQQxccNegQIAxAF&amp;mstk=AUtExfCniJzBGyoxscpQTF83tEEBWsZB3IIMbzJVYsSYdFeoNsk11GbL8-9Ak5VgT0I2sXm4uSSgHXHv_z5q7jcmukZ7cgtnEEwZspoHZzlfwWwYG4oqQBRGRCUNQo3bc61a7ERTbNHQctwuKcMnaJgmq23aBYUWx7xzNjjciPWya1KtMfq4nPBSZXxH4gWp3bHs9CUfo3qbZ9N6d_toKHmmYU-W-MxJ19ezRQB73sGSLn-4CmjkgVW7XfNokJODSQIedOBKgoAfeLtHnJmHUE8uvjdggf77tCKl8OVxbFTYwRP9QA&amp;csui=3) in 2013.

14 Unity Search Engine **Boycotted!**, **A.** Back in 2022, they merged with **ironSource**, an Israeli-founded mobile ad tech firm based in Tel Aviv, in a $4.4 billion all-stock deal. That made ironSource a full subsidiary, turning Tel Aviv into a key hub for Unity’s ad and monetization side. **B.** They also acquired **RestAR** in 2020, another Tel Aviv outfit for AI 3D scanning, which folded into their tools for brands and devs. They’ve got an office right there at Menachem Begin Street 121, Azrieli Sarona Tower, and list Israeli partners in their directory for reselling and support. But lately, Unity laid off folks in Tel Aviv, shifted ad ops to North America, and lost their local CRO, Nadav Ashkenazy. It’s part of bigger cuts, signaling a pullback. its a business move, wasnt because of what is happening to the Palestinians 

15.ACER  **Boycotted!**, how it started with some notes:  ""*around (2005-2007)*: Acer starts selling hardware like laptops and monitors through local distributors in Israel. *2008*: Launches their Hebrew-language site for direct consumer sales. *2020*: Rolls out a full English e-commerce site, and appoints a Country Manager in Tel Aviv to run ops.""    **A.** 2014-2015: Ramps up partnerships with Israeli resellers like **Matrix IT** and Insight for enterprise deals (schools, offices). **B.**  2021: Ties up with **Alfa Romeo Racing Orlen** for branded promo gear sold locally. Small sales team (about a dozen) sets up in Tel Aviv District. **C.** 2023: Partners with **Beyond The Summit** for esports events in Israel, featuring ConceptD monitors and laptops. **D.** 2024: Kicks off **Project Humanity ESG** initiatives locally, like sustainability workshops for promotion. 

Lets spread the awareness everywhere! 

and remember used hardware exist ;)",BoycottIsrael,10940.0,2025-09-25 18:57:25,ibrahim_D12,,0,1,2025-09-25 19:57:25,1970-01-01 00:00:01.758826645,1nqfbjv,1764017149.0,A lot of people asking about tech and gaming companies if they are boycotted!,2025-09-25 19:57:25,0.98,hot,14129,False
t2_e4rhfwr0,boycott_israel_posts_hot.csv,8,8,False,0,https://reddit.com/r/BoycottIsrael/comments/1qh8z2s/dr_jartt_colour_correcting_dupe/,3,"Hey all, I recently found out that Dr Jartt is owned by Estée Lauder. I only buy the colour correcting cream and I find it’s one of the only things that works on my skin and doesn’t break me out. That being said I obviously am never going to buy it again now I know this info. I have looked around for some dupes and have a couple in mind but I wanted to ask here to see if anyone had any personal experience/anecdotes/recommendations? Thanku soo much in advance",BoycottIsrael,462.0,2026-01-19 16:32:37,That-Flamingo9866,Alternative Suggestions,0,0,2026-01-19 17:32:37,1970-01-01 00:00:01.768840357,1qh8z2s,False,Dr Jartt colour correcting dupe?,2026-01-19 17:32:37,1.0,hot,14129,False
t2_248u64iblb,boycott_israel_posts_hot.csv,17,17,False,0,https://reddit.com/r/BoycottIsrael/comments/1qgwsvx/should_i_go_to_a_concert_at_the_walt_disney/,6,"Hey everyone, artist Ichiko aoba, who voices support for a free Palestine, announced that she would soon perform in california at the walt disney concert hall. 

ive never been to a concert so I was excited,  but found her location choice questionable. 

I researched the concert hall, and found that its name comes from the fact that disney originally gave the funds to build the hall, but the revenue now goes to just the LA Phil?

i also just found an article that there was a protest for the hall in around 2011 because hall had welcomed an israeli orchestra to perform which is upsetting, and not even related to disney, but decision by the concert hall. 

as much as I like this artist, even thinking about the fact that my money could go against any boycotting I have been doing for 2 years makes me uncomfortable. i feel like my bias to this artist being pro pal is blinding me from making a responsible decision, and the title isn’t even a question that needs to be asked here, but i enjoy the artist so I want to know if I should or should not go. 

if anyone can find more information on  disney concert hall, the tickets, or anything I am missing, please educate me. 

i enjoy this artist and at the same time know that i wont be able to enjoy this as my first concert if i know im not using my money for what i stand for. ",BoycottIsrael,1335.0,2026-01-19 06:35:54,ConfidenceCareless71,Question,0,0,2026-01-19 07:35:54,1970-01-01 00:00:01.768804554,1qgwsvx,False,Should I go to a concert at the walt Disney concert hall?,2026-01-19 07:35:54,1.0,hot,14129,False
t2_tf1pvc5l,boycott_israel_posts_hot.csv,75,75,False,0,https://reddit.com/r/BoycottIsrael/comments/1qg3hi0/im_so_proud_of_my_fellow_americans_and_everyone/,5,"I don’t know why I felt the need to share this, but I moved to the U.S. three years ago from Jordan. I’m originally Palestinian and came here for my master’s. From literally day one, my experience was stressful. When I arrived, out of everyone in line, I was the only one taken into a room for a “routine search.” They swabbed my bag with an explosives detector and had dogs sniff me. If that’s not profiling, I don’t know what is.At first, I used to get a lot of questions about the Middle East. Stuff like, “Do they stone gay people there?” (especially since I’m gay), whether my mom wears hijab, or people being shocked that there are Christians there. At the beginning, I didn’t really mind.

Everything changed after October 7th. That’s when the racism hit its peak. Honestly, I don’t even blame people for having negative feelings—the media here is awful when it comes to telling the truth about the Middle East. But I won’t lie, it really messed with my mental health. Being far from everyone you know and constantly feeling unwanted takes a toll.

Then things slowly started to change. People began doing their own research, learning the truth, and the movement has only been growing since. So the reason why im posting this is simply to say thank you. Thank you for not buying into the lies. Thank you for taking the time to stand with Palestinians and for continuing to boycott and push back against the evil that is Israel. Every time I see any kind of  support whether it’s a protest, a TikTok, or anything else it genuinely brings tears to my eyes. For the first time in a long time, we’re being seen and not automatically criminalized. I finally feel hopeful about the future—that my land will be free and that I’ll be able to visit again someday. Our unity and hard work will eventually achieve the goal because  “In the end, evil will destroy itself.”

I’ll keep saying it over and over again THANK YOU

Note I did use chat gbt to correct any grammatical mistakes as I wanted everything to be clear and understandable as English Is my 3rd languageI apologize if it sounds too “AI,ish”",BoycottIsrael,2100.0,2026-01-18 08:43:47,No_Newspaper_2914,News,0,1,2026-01-18 09:43:47,1970-01-01 00:00:01.768725827,1qg3hi0,1768726240.0,I’m so proud of my fellow Americans and everyone around the world contributing in this,2026-01-18 09:43:47,0.98,hot,14129,False
t2_bq9jk544x,boycott_israel_posts_hot.csv,19,19,False,0,https://reddit.com/r/BoycottIsrael/comments/1qg4s0n/is_buying_from_a_used_games_store_that_sells_new/,12,So theres a used game store online ive bought from before that isn't ebay or Amazon or anything else on the boycott list. But at the same time they still sell new games and I was thinking recently that I shouldn't have even bought from them cause it still indirectly supports buying new products. Is this too far? It just seems like buying used games is becoming increasingly impossible for someone who lives in a rural area like me. ,BoycottIsrael,434.0,2026-01-18 09:59:40,Firm_Paint8474,Question,0,0,2026-01-18 10:59:40,1970-01-01 00:00:01.768730380,1qg4s0n,False,Is buying from a used games store that sells new products still going against the boycott?,2026-01-18 10:59:40,1.0,hot,14129,False
t2_1haavjnzft,boycott_israel_posts_hot.csv,81,81,False,0,https://reddit.com/r/BoycottIsrael/comments/1qfr6w2/no_thanks_sudanese_boycott/,5,"Now that No Thanks is advocating that we boycott products that support the Sudanese genocide, has anyone noticed any new companies we should be boycotting, or is it still the same old suspects but with more reasons to boycott them?",BoycottIsrael,231.0,2026-01-17 22:41:56,Enough_Credit_8199,Question,0,0,2026-01-17 23:41:56,1970-01-01 00:00:01.768689716,1qfr6w2,False,No Thanks Sudanese Boycott,2026-01-17 23:41:56,0.99,hot,14129,False
t2_1so7o26fb0,boycott_israel_posts_hot.csv,23,23,False,0,https://reddit.com/r/BoycottIsrael/comments/1qfzep8/how_to_watch_an_old_movie_without_supporting/,6,"I want to watch the 1975 film *Hagiga B'Snuker*(Celebration at the Snooker*)* by Boaz Davidson with English subtitles, but the only place I’ve found to rent it is an Israeli website. I’m trying to avoid supporting Israeli businesses, so I’m looking for any ways to watch it legally or illegally without going through Israeli-owned platforms. Does anyone know of alternative sources, streaming services, or other options for old Israeli movies that aren’t Israeli-owned?",BoycottIsrael,469.0,2026-01-18 04:56:44,Sad_Recognition_6037,Question,0,0,2026-01-18 05:56:44,1970-01-01 00:00:01.768712204,1qfzep8,False,How to Watch an Old Movie Without Supporting Israeli Businesses?,2026-01-18 05:56:44,0.97,hot,14129,False
t2_1mz6dmw2zb,boycott_israel_posts_hot.csv,61,61,False,0,https://reddit.com/r/BoycottIsrael/comments/1qfprox/diane_sare_interview_billionaire_political/,2,,BoycottIsrael,,2026-01-17 21:43:04,librephili,Confirmed: boycott,0,0,2026-01-17 22:43:04,1970-01-01 00:00:01.768686184,1qfprox,False,"Diane Sare Interview, Billionaire Political Influence",2026-01-17 22:43:04,1.0,hot,14129,False
t2_1mz6dmw2zb,boycott_israel_posts_hot.csv,47,47,False,0,https://reddit.com/r/BoycottIsrael/comments/1qfoujz/campaign_groups_urge_uk_government_to_suspend_all/,1,,BoycottIsrael,,2026-01-17 21:06:00,librephili,News,0,0,2026-01-17 22:06:00,1970-01-01 00:00:01.768683960,1qfoujz,False,Campaign groups urge UK government to suspend all arms exports to Israel,2026-01-17 22:06:00,0.99,hot,14129,False
t2_kp5goqrl,boycott_israel_posts_hot.csv,23,23,False,0,https://reddit.com/r/BoycottIsrael/comments/1qfqxn3/is_hp_on_the_boycotting_list/,22,"My friend want to get a laptop, is hp safe or not? If not what are the safe options?",BoycottIsrael,84.0,2026-01-17 22:30:58,DarkShadow13206,Confirmed: boycott,0,0,2026-01-17 23:30:58,1970-01-01 00:00:01.768689058,1qfqxn3,False,Is hp on the boycotting list?,2026-01-17 23:30:58,1.0,hot,14129,False
t2_deg0gkwu,boycott_israel_posts_hot.csv,260,260,False,0,https://reddit.com/r/BoycottIsrael/comments/1qetr8y/why_exactly_are_we_proud_of_this/,22,"i know this isn’t boycotting related really but i just had to share this person who i saw on pinterest, why exactly are we proud of this?? why is this like a funny quirky thing i keep seeing zionist’s do??? it annoys me so much 🥲",BoycottIsrael,229.0,2026-01-16 22:06:38,Miserable-Spinach867,Rant,0,2,2026-01-16 23:06:38,1970-01-01 00:00:01.768601198,1qetr8y,False,why exactly are we proud of this..?,2026-01-16 23:06:38,0.99,hot,14129,False
t2_1wm38ofifo,boycott_israel_posts_hot.csv,25,25,False,0,https://reddit.com/r/BoycottIsrael/comments/1qf6on7/garnier_micellar_water_alternative_recommendation/,10,"I've been using this micellar water by Garnier before, but now I need a replacement that doesn't have any ties with Israel. Please recommend me safe brands that are available in Central Asia.",BoycottIsrael,191.0,2026-01-17 07:14:20,Big_Fennel2186,Question,0,1,2026-01-17 08:14:20,1970-01-01 00:00:01.768634060,1qf6on7,False,Garnier micellar water alternative recommendation needed,2026-01-17 08:14:20,0.93,hot,14129,False
t2_1mz6dmw2zb,boycott_israel_posts_hot.csv,72,72,False,0,https://reddit.com/r/BoycottIsrael/comments/1qeuh7n/israels_trade_deficit_surges_20_as_imports/,6,,BoycottIsrael,,2026-01-16 22:35:14,librephili,News,0,0,2026-01-16 23:35:14,1970-01-01 00:00:01.768602914,1qeuh7n,False,Israel’s Trade Deficit Surges 20% as Imports Outpace Stagnant Exports – Report,2026-01-16 23:35:14,0.99,hot,14129,False
t2_7p3zckuj,boycott_israel_posts_hot.csv,10,10,False,0,https://reddit.com/r/BoycottIsrael/comments/1qf3zx7/tencentsupercell_wuthering_wavesclash_of_clans/,7,"hello (pls be nice) yes i saw a couple of posts before in this sub about the topic but nothing too clear for supporting israel?

honestly ngl its not like supporting china/ccp is any better (or any other country cause they are accused of doing horrendous crimes themselves if you look at the history) although i would love to be proven wrong &amp; shown better alternatives if possible!

that being said i want to avoid doing so for israel because of the genocide. can i know the implications for continuing to use their product(free) or if it supports them when i do microtransactions",BoycottIsrael,585.0,2026-01-17 04:51:39,introvertaltsakki,Question,0,0,2026-01-17 05:51:39,1970-01-01 00:00:01.768625499,1qf3zx7,False,Tencent/supercell? (Wuthering waves/clash of clans),2026-01-17 05:51:39,0.92,hot,14129,False
t2_7ma3979s,boycott_israel_posts_hot.csv,19,19,False,0,https://reddit.com/r/BoycottIsrael/comments/1qemmt8/looking_for_alternative_businesstask_management/,6,"I'm trying to find a business management/work flow software to help me effectively run my business. 2 years ago I had found Monday and really liked it's interface/compatibility with other apps, until I learned it was based in and part of the Israel/zionist economic war machine. 

I've been trying to set up a framework using Notion but am really not liking it's user interface after a week of trying to get it setup.  It's making something as simple as a Kanban table, complicated. 

Are there good alternatives anyone can recommend?",BoycottIsrael,534.0,2026-01-16 17:39:40,Jealous-Ad-4838,Alternative Suggestions,0,1,2026-01-16 18:39:40,1970-01-01 00:00:01.768585180,1qemmt8,False,Looking for alternative Business/task management software not owned by/supporting Israel,2026-01-16 18:39:40,0.92,hot,14129,False
t2_7i8j2o5la,boycott_israel_posts_hot.csv,14,14,False,0,https://reddit.com/r/BoycottIsrael/comments/1qelyae/laptop_intel/,2,So when i buy a laptop from a brand that does not support Israel but the laptop comes with an intel processor...do i benefit the company intel ?,BoycottIsrael,144.0,2026-01-16 17:15:31,urek__mazino_4444,Question,0,0,2026-01-16 18:15:31,1970-01-01 00:00:01.768583731,1qelyae,False,Laptop/ intel,2026-01-16 18:15:31,0.95,hot,14129,False
t2_1skvdhjh87,boycott_israel_posts_hot.csv,34,34,False,0,https://reddit.com/r/BoycottIsrael/comments/1qec84u/quick_reminder_about_reporting_trollers/,1,"Hello everyone, i hope your having a good day or night, I'm writing you this post to just tell you that if you see any trollers or a comment/post that was made with bad faith or bad intentions, report it even if it's an old post or comment so i can take care of the problem.",BoycottIsrael,274.0,2026-01-16 10:10:57,PandoraHadess,,0,0,2026-01-16 11:10:57,1970-01-01 00:00:01.768558257,1qec84u,False,Quick reminder about reporting trollers,2026-01-16 11:10:57,1.0,hot,14129,False
t2_s2skkc3l,boycott_israel_posts_hot.csv,8,8,False,0,https://reddit.com/r/BoycottIsrael/comments/1qejdmm/hp_printerink_question/,4,"I was gifted an HP printer back in 2020 or 21, and I used the instant ink subscription for awhile until 2023 when I learned HP absolutely sucks. It was one of the first things I boycotted. Now I have the printer but no ink so it’s not being used…I would like to start using a printer again, but I don’t want to give another penny HP and last I checked you can’t use a different brand ink cartridge (if this is not true please let me know an alternative!) So if I can’t get ink, what should I do with the printer?? I don’t want to sell, I would rather donate it to a school or something…however this would still mean money would end up going to HP for ink. (Unless there is a third party ink I can use that I don’t know about) 

Any thoughts on what I should do? Also, is there an alternative brand of printer that I can purchase that doesn’t have ties to Israel? If all else fails, I may consider going Office Space on the HP printer…",BoycottIsrael,934.0,2026-01-16 15:43:18,Weird-Noise-180,Question,0,0,2026-01-16 16:43:18,1970-01-01 00:00:01.768578198,1qejdmm,False,HP printer/ink question,2026-01-16 16:43:18,1.0,hot,14129,False
t2_1mz6dmw2zb,boycott_israel_posts_hot.csv,94,94,False,0,https://reddit.com/r/BoycottIsrael/comments/1qdy5qa/leftwing_european_lawmakers_launch_petition_to/,5,,BoycottIsrael,,2026-01-15 22:35:33,librephili,News,0,0,2026-01-15 23:35:33,1970-01-01 00:00:01.768516533,1qdy5qa,False,Left-wing European lawmakers launch petition to suspend EU-Israel agreement,2026-01-15 23:35:33,1.0,hot,14129,False
t2_7px9e0qw,boycott_israel_posts_hot.csv,188,188,False,0,https://reddit.com/r/BoycottIsrael/comments/1qdmya2/translation_i_deserve_all_the_money_this_movie/,14,,BoycottIsrael,,2026-01-15 15:44:23,Financial_Smile4143,Confirmed: boycott,0,3,2026-01-15 16:44:23,1970-01-01 00:00:01.768491863,1qdmya2,False,"Translation: ""I deserve all the money this movie will make, and to bomb as many kindergartens as I want!""",2026-01-15 16:44:23,0.98,hot,14129,False
t2_7px9e0qw,boycott_israel_posts_hot.csv,56,56,False,0,https://reddit.com/r/BoycottIsrael/comments/1qdubp4/dwayne_johnson_has_no_range_tommy_wisseau_is/,1,,BoycottIsrael,,2026-01-15 20:09:52,Financial_Smile4143,Question,0,1,2026-01-15 21:09:52,1970-01-01 00:00:01.768507792,1qdubp4,False,"Dwayne Johnson has no range, Tommy Wisseau is talentless, Donald Trump struggles with English, but Benjamin 'Netanyahu'... I see absolutely no difference between him and Gal 'Gadot': a war criminal with no emotions, born with a fake last name, and manipulative over America. Any questions?",2026-01-15 21:09:52,0.98,hot,14129,False
t2_1e39kdt95q,boycott_israel_posts_hot.csv,48,48,False,0,https://reddit.com/r/BoycottIsrael/comments/1qdcsvv/does_anyone_know_if_this_brand_supports_israel/,10,For a while ive always preferred getting c&amp;c cola sodas for some time now cause of their very good prices (a bottle is like $1 here in NJ) And their flavors are actually stuff I like (their champagne flavor is like crack to me) but now that I know of major soda companies supporting Isreal I wanna try to push my family to use alternatives and try to participate in the boycotts. I haven't gotten much luck trying to find any info other than that they are owned by  the kelco sales &amp; marketing inc.,BoycottIsrael,506.0,2026-01-15 07:05:47,ElkNational9973,Question,0,0,2026-01-15 08:05:47,1970-01-01 00:00:01.768460747,1qdcsvv,False,Does anyone know if this brand supports Israel?,2026-01-15 08:05:47,1.0,hot,14129,False
t2_18v4euhzje,boycott_israel_posts_hot.csv,40,40,False,0,https://reddit.com/r/BoycottIsrael/comments/1qd10sk/how_to_i_tell_people_i_boycott_israel/,17,"how do I phrase that? is ""boycott israel"" right? or should I say ""I boycott companies that support isreal""?",BoycottIsrael,107.0,2026-01-14 22:06:52,jodio_hoestar,Question,0,0,2026-01-14 23:06:52,1970-01-01 00:00:01.768428412,1qd10sk,False,how to I tell people I boycott israel?,2026-01-14 23:06:52,0.99,hot,14129,False
t2_1pyvumelzg,boycott_israel_posts_hot.csv,129,129,False,0,https://reddit.com/r/BoycottIsrael/comments/1qcgxao/im_a_teen_and_i_need_to_convince_my_family_to/,6,"Today I tried to explain to my parent why we have to boycott Zara and other brands because of the Gaza and Uygghur muslims situation and they told me that I was brainwashed and didn't have to listen to these people and they were going to take away my phone

I don't know how to convince them and my aunt  without being grounded and having to forever cut all contacts with all the Internet.
That I'm not brainwashed and I just want to help

I'll be forced to finance assassins and it's devastating

I just want to save fucking lives

I just want to help

Please someone tell me what to do. It's the only thing I can do for them and I'm forced not to",BoycottIsrael,648.0,2026-01-14 07:20:53,Colei_the_weird,Rant,0,1,2026-01-14 08:20:53,1970-01-01 00:00:01.768375253,1qcgxao,False,I'm a teen and I need to convince my family to boycott,2026-01-14 08:20:53,0.99,hot,14129,False
t2_6b633o2z,boycott_israel_posts_hot.csv,83,83,False,0,https://reddit.com/r/BoycottIsrael/comments/1qc8tsk/the_free_music_streaming_service_lyra_that_has/,21,"I'm looking at you, user Lyramusic_app.  https://www.reddit.com/user/lyramusic_app/

Referencing this post of theirs:  https://www.reddit.com/r/BoycottIsrael/comments/1ptus51/comment/nvmh7kg/?context=3

Claiming to be free and pro-boycott.

The first podcast you see is, quote, the ""most streamed podcast in Israel right now"".  The second one is too.

Well.  If Qobuz is still on the table, its the only alternative I think there is beyond like, Bandcamp and Soundcloud.

Let me know if I should promote any MP3 players or how to download music legally, I've got a couple resources I would recommend.",BoycottIsrael,600.0,2026-01-14 00:43:01,isaboobers,Confirmed: boycott,0,4,2026-01-14 01:43:01,1970-01-01 00:00:01.768351381,1qc8tsk,False,"The free music streaming service ""Lyra"" that has posted ON this sub, is now uplifting multiple Israeli podcasts and music.  Let's talk alternatives.",2026-01-14 01:43:01,0.95,hot,14129,False
t2_1mz6dmw2zb,boycott_israel_posts_hot.csv,96,96,False,0,https://reddit.com/r/BoycottIsrael/comments/1qc45ij/one_of_australias_largest_art_festivals_has_axed/,2,,BoycottIsrael,,2026-01-13 21:36:02,librephili,News,0,0,2026-01-13 22:36:02,1970-01-01 00:00:01.768340162,1qc45ij,False,"One of Australia’s largest art festivals has axed its writers’ week amid a boycott by more than 180 authors and guests after the cancellation of Randa Abdel-Fattah, a prominent Palestinian-Australian author and scholar.",2026-01-13 22:36:02,1.0,hot,14129,False
t2_1xf4ntn2fb,boycott_israel_posts_hot.csv,125,125,False,0,https://reddit.com/r/BoycottIsrael/comments/1qc047a/hila_angrily_correcting_ethan_because_he_used_the/,2,,BoycottIsrael,,2026-01-13 19:06:31,weirdgurl24,Alternative Requests,0,0,2026-01-13 20:06:31,1970-01-01 00:00:01.768331191,1qc047a,False,Hila angrily correcting Ethan because he used the term genocide on air last year and said it MIGHT be one. The ramallah raider has to police her husband on air 🥴 (April 2025) Boycott all Teddy Fresh products. There is no room for fence sitting nor vague stances.,2026-01-13 20:06:31,1.0,hot,14129,False
t2_6gr1o7b3,boycott_israel_posts_hot.csv,16,16,False,0,https://reddit.com/r/BoycottIsrael/comments/1qc6fdl/uk_boycott_list/,6,"As the title suggests im looking for a full up to date food and drink boycott list for the uk, I unknowingly brought something in the boycott list today and didnt realise it was on there until I got home.
Thank you all in advance.",BoycottIsrael,230.0,2026-01-13 23:02:42,-SimpleRicks-,Question,0,0,2026-01-14 00:02:42,1970-01-01 00:00:01.768345362,1qc6fdl,False,UK boycott list,2026-01-14 00:02:42,0.95,hot,14129,False
t2_14ckpu,boycott_israel_posts_hot.csv,36,36,False,0,https://reddit.com/r/BoycottIsrael/comments/1qbpgkh/question_anyone_elses_feeds_getting_bombarded_by/,5,Title,BoycottIsrael,5.0,2026-01-13 11:58:41,shladvic,Question,0,1,2026-01-13 12:58:41,1970-01-01 00:00:01.768305521,1qbpgkh,False,Question: Anyone else's feeds getting bombarded by advertisements for products you are specifically avoiding?,2026-01-13 12:58:41,0.97,hot,14129,False
t2_7px9e0qw,boycott_israel_posts_hot.csv,167,167,False,0,https://reddit.com/r/BoycottIsrael/comments/1qas1xs/the_scajo_2014_controversy_is_so_messed_up_that/,4,,BoycottIsrael,,2026-01-12 11:04:27,Financial_Smile4143,Confirmed: boycott,0,1,2026-01-12 12:04:27,1970-01-01 00:00:01.768215867,1qas1xs,False,"The ScaJo 2014 controversy is so messed up, that not only she destroyed the West Bank, but she also got praised by Benjamin Mileikowsky 'Netanyahu' for her opposition against BDS at an AIPAC speech. It's like ScarJo is the American version of Gal Greenstein 'Gadot' (BDS ScarJo)",2026-01-12 12:04:27,0.99,hot,14129,False
t2_2609bummhw,boycott_israel_posts_hot.csv,46,46,False,0,https://reddit.com/r/BoycottIsrael/comments/1qaxes1/zootopia_2_boycott/,9,"I recently discovered this Zootopia 1 and 2's main actor 

[It is kinda ironic given the plot of the movie](https://preview.redd.it/q830l5iipxcg1.png?width=926&amp;format=png&amp;auto=webp&amp;s=3b4f5421422e853cac029243be732f54f0b042e6)

",BoycottIsrael,238.0,2026-01-12 15:11:12,Ok-Divide4719,Confirmed: boycott,0,1,2026-01-12 16:11:12,1970-01-01 00:00:01.768230672,1qaxes1,False,Zootopia 2 boycott?,2026-01-12 16:11:12,0.97,hot,14129,False
t2_10p67yzm16,boycott_israel_posts_hot.csv,308,308,False,0,https://reddit.com/r/BoycottIsrael/comments/1qajesh/do_not_support_these_game_developers/,12,"I don’t even know what to say anymore other than I am disappointed by the person who thought this was a good idea to run this ad. 

Video highlights advertising for mobile game titled: Supremacy: World War 3

Sold by: Stillfront Supremacy GmbH

DOG PRODUCTIONS LTD

Dorado Games

FREE PALESTINE. FREE SUDAN. FREE CONGO. FREE US ALL FROM AMERICAN IMPERIALISM. MAY TRUMP, NETANYAHU AND ASSOCIATES FAIL.",BoycottIsrael,400.0,2026-01-12 02:57:21,LofiOcean131,Rant,0,3,2026-01-12 03:57:21,1970-01-01 00:00:01.768186641,1qajesh,False,Do not support these Game Developers,2026-01-12 03:57:21,0.99,hot,14129,False
t2_2609bummhw,boycott_israel_posts_hot.csv,17,17,False,0,https://reddit.com/r/BoycottIsrael/comments/1qaz0fz/unity_mediation_boycott/,3,"As a former game developer from Unity I feel very betrayed from this:

Unity bought an Israeli company called ironsource

.Somebody please Verify this because I think I first heard it from SomeOrdinaryGamers

[https://smex.org/invasive-israeli-software-is-harvesting-data-from-samsung-users-in-wana/](https://smex.org/invasive-israeli-software-is-harvesting-data-from-samsung-users-in-wana/)",BoycottIsrael,391.0,2026-01-12 16:10:54,Ok-Divide4719,Question,0,0,2026-01-12 17:10:54,1970-01-01 00:00:01.768234254,1qaz0fz,1768264523.0,Unity mediation boycott?,2026-01-12 17:10:54,0.96,hot,14129,False
t2_q612w6bkx,boycott_israel_posts_hot.csv,14,14,False,0,https://reddit.com/r/BoycottIsrael/comments/1qapboi/alternative_streaming_service/,7,spotify supports ice and israel. enough said. what are some alternative music streaming services available in australia that are up to $15/month?,BoycottIsrael,145.0,2026-01-12 08:13:50,Ok_Consequence_5756,Alternative Requests,0,0,2026-01-12 09:13:50,1970-01-01 00:00:01.768205630,1qapboi,False,alternative streaming service,2026-01-12 09:13:50,1.0,hot,14129,False
t2_7etvsujt,boycott_israel_posts_hot.csv,7,7,False,0,https://reddit.com/r/BoycottIsrael/comments/1qarf71/is_gamersupps_on_the_list/,4,"i mean it is suspicious how its still running fine and keeps being pupolar over the years, the only companies that do that are supported by israel so im just curious.",BoycottIsrael,166.0,2026-01-12 10:27:20,Apprehensive-Cut9959,Question,0,2,2026-01-12 11:27:20,1970-01-01 00:00:01.768213640,1qarf71,False,is gamersupps on the list?,2026-01-12 11:27:20,0.77,hot,14129,False
t2_7px9e0qw,boycott_israel_posts_hot.csv,222,222,False,0,https://reddit.com/r/BoycottIsrael/comments/1qa28xq/shes_just_trying_to_get_a_job/,8,,BoycottIsrael,,2026-01-11 15:32:47,Financial_Smile4143,Confirmed: boycott,0,2,2026-01-11 16:32:47,1970-01-01 00:00:01.768145567,1qa28xq,False,She's just trying to get a job,2026-01-11 16:32:47,0.99,hot,14129,False
t2_w48x1bl0t,boycott_israel_posts_hot.csv,25,25,False,0,https://reddit.com/r/BoycottIsrael/comments/1qa89rx/does_anyone_know_if_tom_holland_is_pro_israel/,11,"Im kind of curious about tom, and many other mainstream actors but yesterday I couldn’t find anything about it (some X’s post)",BoycottIsrael,126.0,2026-01-11 19:19:14,Witty-Savings-2048,Question,0,0,2026-01-11 20:19:14,1970-01-01 00:00:01.768159154,1qa89rx,False,Does anyone know if tom holland is pro Israel ?,2026-01-11 20:19:14,0.99,hot,14129,False
t2_1bj0zwyuqy,boycott_israel_posts_hot.csv,33,33,False,0,https://reddit.com/r/BoycottIsrael/comments/1qa3yhh/struggling_with_cosmetics/,23,"As someone who’s boycotting all brands who are associated with Palestinian, Sudanese and Congolese genocides; 

I was wondering if there are any makeup artists or anybody very passionate about the cosmetic industry in this subreddit who is also really struggling to find cosmetics and makeup products to use that are not tied in some way to Israel. 

I have a strong passion for the beauty industry and it’s extremely hard to find brands that are not owned by L’Oreal, LVMH, Estée Lauder, etc. 

When I first started boycotting, I thought of only boycotting the parents company brands (ex: only not buying from L’Oreal Paris, Estée Lauder, Natasha Denona but still buying from the brands who are owned by the parent companies). But then I remind myself that if I buy from a brand owned by one of those parent companies; I’m still giving my money to those parent companies and I’m a hypocrite. And I thought of buying from the brands who are cruelty free but still owned by the parent companies but I would still be a hypocrite???

I don’t know, what’s everyone else’s thoughts? (Sorry if all of that made 0 sense😭)",BoycottIsrael,1114.0,2026-01-11 16:39:24,Pinkblushdiva,Question,0,0,2026-01-11 17:39:24,1970-01-01 00:00:01.768149564,1qa3yhh,False,Struggling with Cosmetics,2026-01-11 17:39:24,1.0,hot,14129,False
t2_ei7a7kf1c,boycott_israel_posts_hot.csv,159,159,False,0,https://reddit.com/r/BoycottIsrael/comments/1q9foze/celtics_fans_protesting_the_clubs_reported/,4,,BoycottIsrael,,2026-01-10 21:07:32,johnsmithoncemore,News,0,1,2026-01-10 22:07:32,1970-01-01 00:00:01.768079252,1q9foze,False,"Celtics Fans protesting the club’s reported signing of Jocelin Ta Bi, a winger from Maccabi Netanya",2026-01-10 22:07:32,0.99,hot,14129,False
t2_6batqscc,boycott_israel_posts_hot.csv,56,56,False,0,https://reddit.com/r/BoycottIsrael/comments/1q8tebu/babysense_video_monitors_founded_in_israel/,5,"Babysense baby video monitors are *extremely* popular in the UK and worldwide, but I sadly I found out today that the company is actually founded in Israel. Their intro is ""At Babysense, we believe in developing technologies that enhance the connection between parent &amp; child while not interfering in daily life"" - if only their government followed the same motto...

This is the Israeli CEO Yaniv Shtalryd:  
[https://techround.co.uk/interviews/meet-yaniv-shtalryd-babysense/](https://techround.co.uk/interviews/meet-yaniv-shtalryd-babysense/)  
[https://www.linkedin.com/in/yaniv-ian-shtalryd/](https://www.linkedin.com/in/yaniv-ian-shtalryd/)

Spread the word!",BoycottIsrael,667.0,2026-01-10 03:31:34,Dangermouse0214,Confirmed: boycott,0,0,2026-01-10 04:31:34,1970-01-01 00:00:01.768015894,1q8tebu,False,Babysense video monitors founded in Israel,2026-01-10 04:31:34,0.99,hot,14129,False
t2_1mz6dmw2zb,boycott_israel_posts_hot.csv,87,87,False,0,https://reddit.com/r/BoycottIsrael/comments/1q8ob8s/palantir_and_ai_warfare_how_data_turns_into_profit/,2,,BoycottIsrael,,2026-01-09 23:44:56,librephili,Confirmed: boycott,0,1,2026-01-10 00:44:56,1970-01-01 00:00:01.768002296,1q8ob8s,False,Palantir and AI warfare: how data turns into profit,2026-01-10 00:44:56,0.98,hot,14129,False
t2_6i6fe0y1,boycott_israel_posts_hot.csv,64,64,False,0,https://reddit.com/r/BoycottIsrael/comments/1q8pl1d/bds_steam_games/,10,"Hi,

I am not sure if this is allowed or not in this subreddit but a few of my friends and I made a BDS curator page on steam to show which games financially support the Palestinian cause vs. Israel. We are constantly monitoring new games and updating it as needed. I hope it will help people make the proper ethical decision when buying their games.

Thank you

(Edit: please click the green ""Follow"" button so the curation automatically appear on pertinent games)

[Steam Curator: Palestine Will never Fall !!!](https://store.steampowered.com/curator/962841/)",BoycottIsrael,561.0,2026-01-10 00:39:04,ReachZestyclose,Alternative Suggestions,0,0,2026-01-10 01:39:04,1970-01-01 00:00:01.768005544,1q8pl1d,False,BDS Steam games,2026-01-10 01:39:04,0.99,hot,14129,False
t2_1mz6dmw2zb,boycott_israel_posts_hot.csv,46,46,False,0,https://reddit.com/r/BoycottIsrael/comments/1q8ok1b/the_zionist_occuoation_literary_body_excluded/,1,,BoycottIsrael,,2026-01-09 23:55:36,librephili,News,0,0,2026-01-10 00:55:36,1970-01-01 00:00:01.768002936,1q8ok1b,False,The Zionist occuoation literary body excluded from Bologna fair amid widening cultural boycott,2026-01-10 00:55:36,0.99,hot,14129,False
t2_24bfgjvaeg,boycott_israel_posts_hot.csv,59,59,False,0,https://reddit.com/r/BoycottIsrael/comments/1q6qeho/lol_papa_johns_is_dog_shit_anyways/,2,"It's funny cause I'm with some people and they decided to order papa john's, but the website kept giving them an error, then he tried doing it on the app and it's saying the password is wrong even though he is using the same password as on the computer which let him in Lol.

Trash pizza, trash website, trash politics - fuck papa johns! 

",BoycottIsrael,340.0,2026-01-07 20:18:08,K9Imperium,Confirmed: boycott,0,1,2026-01-07 21:18:08,1970-01-01 00:00:01.767817088,1q6qeho,False,Lol papa john's is dog shit anyways,2026-01-07 21:18:08,0.98,hot,14129,False
t2_q5xryduk,boycott_israel_posts_hot.csv,30,30,False,0,https://reddit.com/r/BoycottIsrael/comments/1q6dz6r/boycott_safe_hiking_shoe_brands/,8,"Any good quality hiking shoe brands that don’t support israhell? 

Also, is my injured knee a justifiable excuse for buying from a boycotted brand? I feel bad that I’m comparing my knee injury to kids being blown up, my injury isn’t major, it’s a small tear in my meniscus. ",BoycottIsrael,274.0,2026-01-07 12:22:57,Novel_Bass6032,Alternative Requests,0,0,2026-01-07 13:22:57,1970-01-01 00:00:01.767788577,1q6dz6r,False,Boycott safe hiking shoe brands?,2026-01-07 13:22:57,0.97,hot,14129,False
t2_7px9e0qw,boycott_israel_posts_hot.csv,260,260,False,0,https://reddit.com/r/BoycottIsrael/comments/1q5vl8r/because_as_in_2026_the_whole_world_sees_scarlett/,22,,BoycottIsrael,,2026-01-06 21:25:36,Financial_Smile4143,Confirmed: boycott,0,5,2026-01-06 22:25:36,1970-01-01 00:00:01.767734736,1q5vl8r,False,"Because as in 2026, the whole world sees Scarlett Johansson for what she is: a terrible actress and even a more terrible person (just like Gal 'Gadot' Greenstein)",2026-01-06 22:25:36,0.98,hot,14129,False
t2_7px9e0qw,boycott_israel_posts_hot.csv,189,189,False,0,https://reddit.com/r/BoycottIsrael/comments/1q5oaou/good_because_if_she_had_been_in_that_movie_i/,22,,BoycottIsrael,,2026-01-06 17:05:30,Financial_Smile4143,Confirmed: boycott,0,5,2026-01-06 18:05:30,1970-01-01 00:00:01.767719130,1q5oaou,False,"Good, because if she had been in that movie, I would have boycotted it!",2026-01-06 18:05:30,0.97,hot,14129,False
t2_ogp2w3n74,boycott_israel_posts_hot.csv,62,62,False,0,https://reddit.com/r/BoycottIsrael/comments/1q5uacc/which_social_media_platform_is_the_most_zionist/,34,"Basically I’m trying to reduce social media apps to a minimum after all the censorship and sketchy behaviour I noticed. Example tiktok hiring a literal zionist.

But then what alternatives do we have?

Probably instagram is quite zionist too but I was wondering,

Which one would you deem the most zionistic? 

Instagram or Tiktok?

Because I wanna delete at least one of them. 

On tiktok we used to get sooo many recordings of what was happening on Palestine but now they have been reduced to a minimum (maybe because of what all the journalists faced…)

And then instagram which is owned by meta and well, I think we all know whats the problem with that. I havent used it much as of the latest few years so I was wondering if any of you could give me more insight.

Thanks in advance to everyone! 💞",BoycottIsrael,801.0,2026-01-06 20:38:57,Ridussey,Question,0,0,2026-01-06 21:38:57,1970-01-01 00:00:01.767731937,1q5uacc,False,Which social media platform is the most zionist?,2026-01-06 21:38:57,1.0,hot,14129,False
t2_1bj0zwyuqy,boycott_israel_posts_hot.csv,63,63,False,0,https://reddit.com/r/BoycottIsrael/comments/1q5lkb8/ignorance_and_privilege/,6,"I am SO sick and tired of people not fully understanding and grasping the concept of boycotting. It is the easiest form of protest, no matter the situation or the cause. It’s a sign of moral and humane principle and control of your own finances. 

I didn’t start taking boycotting seriously until around the late summer of 2025, and since than I have been educating myself and others as much as possible when it comes to boycotting brands and companies that support unethical inhumane and cruel people and governments/regimes. 

Why is it so SO controversial to tell someone and strongly advise people to NOT buy from a brand or company that supports a genocide, harms animals, pollutes the environment, etc.., or a brand that chose MATT RIFE for a cosmetics campaign. It’s not making sense in my head.

Anyways, if anyone else feels the same, please let me know 🩷",BoycottIsrael,864.0,2026-01-06 15:26:14,Pinkblushdiva,Rant,0,0,2026-01-06 16:26:14,1970-01-01 00:00:01.767713174,1q5lkb8,False,Ignorance and Privilege,2026-01-06 16:26:14,0.99,hot,14129,False
t2_a4totq2i5,boycott_israel_posts_hot.csv,20,20,False,0,https://reddit.com/r/BoycottIsrael/comments/1q5uipk/made_a_game_designed_to_show_how_much_companies/,1,"The game aims to put you in the shoes of an investor looking to maximize on returns in 2025 off the evilest companies-I wanted to give the player dissonance by asking them to not care about the consequences of the companies they must invest in to win: starting with Palantir, Elbit Systems, and Lockheed Martin while also showing them what the companies are responsible for. I handwrote descriptions for all 103 evil companies which I found a lot from https://bdsmovement.net

You can play for free here: https://perebite.itch.io/eviletf

If you have any thoughts I’d love to hear!",BoycottIsrael,581.0,2026-01-06 20:47:07,Away-Lavishness-3805,Art,0,0,2026-01-06 21:47:07,1970-01-01 00:00:01.767732427,1q5uipk,False,Made a game designed to show how much companies like Elbit Systems and Palantir made in 2025,2026-01-06 21:47:07,1.0,hot,14129,False
,boycott_israel_posts_hot.csv,15,15,False,0,https://reddit.com/r/BoycottIsrael/comments/1q5tkga/hair_care_products/,4,I'm looking for hair products brands that are effective for brittle dry hair with sensitive itchy scalp. I tried many local brands but they ruined my hair,BoycottIsrael,154.0,2026-01-06 20:12:50,[deleted],Alternative Requests,0,0,2026-01-06 21:12:50,1970-01-01 00:00:01.767730370,1q5tkga,False,Hair care products,2026-01-06 21:12:50,1.0,hot,14129,False
t2_51r61s6q,boycott_israel_posts_hot.csv,147,147,False,0,https://reddit.com/r/BoycottIsrael/comments/1q587px/dont_buy_kirkland_signature_minoxidil/,9,"I'm so fcking disappointed in myself for not noticing this until I got home so I'm posting this here so no one makes the same mistake. The Kirkland Signature topical solution minoxidil is made in Israel, the other forms, like the aerosol and foam, likely are too, but I haven't checked yet. The website says nothing about where it's manufactured. It's just the box and the pamphlet in the smallest letters possible.

Thankfully Costco has a great return policy so I'm getting a refund tomorrow. I genuinely feel nauseous for buying this...",BoycottIsrael,539.0,2026-01-06 04:00:22,winter_in_eden,Confirmed: boycott,0,1,2026-01-06 05:00:22,1970-01-01 00:00:01.767672022,1q587px,False,Don't buy Kirkland Signature Minoxidil,2026-01-06 05:00:22,0.99,hot,14129,False
t2_9xgjp,boycott_israel_posts_hot.csv,216,216,False,0,https://reddit.com/r/BoycottIsrael/comments/1q51lvn/nvidia_builds_second_home_in_israel/,12,"NVIDIA has confirmed it will establish a major new R&amp;D campus in Kiryat Tivon in northern Israel, calling the country a strategic ""second home"" for the company.",BoycottIsrael,164.0,2026-01-05 23:19:45,pimpin_n_stuff,Confirmed: boycott,0,0,2026-01-06 00:19:45,1970-01-01 00:00:01.767655185,1q51lvn,False,"Nvidia builds ""second home"" in Israel",2026-01-06 00:19:45,1.0,hot,14129,False
t2_1mz6dmw2zb,boycott_israel_posts_hot.csv,160,160,False,0,https://reddit.com/r/BoycottIsrael/comments/1q4zxj9/boycott_celebrity_complicity/,1,,BoycottIsrael,,2026-01-05 22:14:50,librephili,Confirmed: boycott,0,0,2026-01-05 23:14:50,1970-01-01 00:00:01.767651290,1q4zxj9,False,Boycott Celebrity Complicity.,2026-01-05 23:14:50,1.0,hot,14129,False
t2_r9852khm2,boycott_israel_posts_hot.csv,13,13,False,0,https://reddit.com/r/BoycottIsrael/comments/1q52hk1/true_dates_snack/,2,"Hello everyone, 

Does anyone know if True Dates by True Company are to boycott? Couldn't find anything on No Thanks app, Boycat or their website - so i am making sure! 

Thanks! 

Update: I asked them directly and apparently they're from Iran. ",BoycottIsrael,245.0,2026-01-05 23:55:14,Asinead666,Question,0,0,2026-01-06 00:55:14,1970-01-01 00:00:01.767657314,1q52hk1,1767729550.0,True dates snack,2026-01-06 00:55:14,1.0,hot,14129,False
t2_epx3wk34,boycott_israel_posts_hot.csv,15,15,False,0,https://reddit.com/r/BoycottIsrael/comments/1q4qq3r/ramonas_hummus/,3,Is this boycott friendly? Looking for a good and safe hummus. ,BoycottIsrael,62.0,2026-01-05 16:44:06,calombia,Question,0,0,2026-01-05 17:44:06,1970-01-01 00:00:01.767631446,1q4qq3r,False,Ramona’s Hummus,2026-01-05 17:44:06,0.95,hot,14129,False
t2_8b3xrdvp,boycott_israel_posts_hot.csv,166,166,False,0,https://reddit.com/r/BoycottIsrael/comments/1q41m21/actor_mark_pellegrino_stands_with_israel/,14,"Mark Pellegrino, the actor who played Lucifer on supernatural, posted “I stand with Israel” on Twitter last week. He was in the first season of Dexter, 27 episodes of 13 reasons Why and was recently in Murdaugh: Death in the Family.

It was Christmas and I personally got into a beef with him after calling him out for that post. I didn’t even remember that I followed him, and after looking at his post history, it’s pretty clear he’s an outspoken Zionist. 

Standing with Israel, at this late date, should come with consequences, especially for celebrities. He has 400k+ followers on twitter and he deserves a different kind of attention. 

I noticed he wasn’t on the list of celebrities who support Israel. So, I just wanted to make sure everyone knows who he is and where he stands, with the genocidal, terrorist ethnostate of Israel. ",BoycottIsrael,839.0,2026-01-04 21:04:27,SnooOwls4954,Rant,0,3,2026-01-04 22:04:27,1970-01-01 00:00:01.767560667,1q41m21,False,"Actor, mark Pellegrino, stands with Israel.",2026-01-04 22:04:27,0.98,hot,14129,False
t2_18v4euhzje,boycott_israel_posts_hot.csv,16,16,False,0,https://reddit.com/r/BoycottIsrael/comments/1q49uww/where_can_i_find_a_boycot_friendly_sour_candy/,6,that's all thanks,BoycottIsrael,17.0,2026-01-05 02:49:40,jodio_hoestar,Alternative Requests,0,0,2026-01-05 03:49:40,1970-01-01 00:00:01.767581380,1q49uww,False,where can I find a boycot friendly sour candy?,2026-01-05 03:49:40,0.95,hot,14129,False
t2_f9o647jv2,boycott_israel_posts_hot.csv,17,17,False,0,https://reddit.com/r/BoycottIsrael/comments/1q43qfw/la_boite_spices/,4,"Sorry please delete if this post is redundant. I love this ""Amber"" Spice blend from La Boite (its a barbecue rub,) but I'm nearly positive the owner is a Zionist. After October 7th he shared a map of ""Israel"" that omitted Palestine, and he sells a set for the ""Modern Israeli Kitchen.""  Was wondering if anyone here has ever tried this spice blend, and if so, if they have a dupe or proposed recipe. For those that haven't tried it, its a pretty sweet forward spice blend with a good bit of smoke. Thanks y'all, I know an overpriced spice blend is a stupid thing to even be making a fuss about but just trying to avoid giving the wrong people my money. ",BoycottIsrael,653.0,2026-01-04 22:30:37,Margiethecat,Question,0,0,2026-01-04 23:30:37,1970-01-01 00:00:01.767565837,1q43qfw,False,La Boite Spices,2026-01-04 23:30:37,0.96,hot,14129,False
t2_1o96afbmo8,boycott_israel_posts_hot.csv,12,12,False,0,https://reddit.com/r/BoycottIsrael/comments/1q3xm53/devices_that_rnt_boycott/,6,Im thinking of buying a new phone and laptop. For the phone is honor safe? If not wt is the alternative. And for laptops wt is safe?,BoycottIsrael,132.0,2026-01-04 18:34:49,BlackberryIcy2214,Alternative Requests,0,0,2026-01-04 19:34:49,1970-01-01 00:00:01.767551689,1q3xm53,False,Devices that rnt boycott,2026-01-04 19:34:49,1.0,hot,14129,False
t2_1skvdhjh87,boycott_israel_posts_hot.csv,171,171,False,0,https://reddit.com/r/BoycottIsrael/comments/1q396v9/if_you_want_more_reasons_to_boycott_nvidia_here/,12,"https://www.vice.com/en/article/nvidia-israel-palestine-charity-giving-causes-rift/

And here is a screenshot of the Boycat app article.",BoycottIsrael,136.0,2026-01-03 23:09:30,PandoraHadess,News,0,1,2026-01-04 00:09:30,1970-01-01 00:00:01.767481770,1q396v9,False,"If you want more reasons to boycott Nvidia, here is an article about what they recently did.",2026-01-04 00:09:30,0.99,hot,14129,False
t2_151dybzvbg,boycott_israel_posts_hot.csv,230,230,False,0,https://reddit.com/r/BoycottIsrael/comments/1q2w386/how_boycotting_israelilinked_brands_reshaped/,5,,BoycottIsrael,,2026-01-03 14:35:45,Able_Compote6571,News,0,0,2026-01-03 15:35:45,1970-01-01 00:00:01.767450945,1q2w386,False,How boycotting Israeli-linked brands reshaped Malaysia's food industry,2026-01-03 15:35:45,1.0,hot,14129,False
t2_116l8aogml,boycott_israel_posts_hot.csv,18,18,False,0,https://reddit.com/r/BoycottIsrael/comments/1q2l1hl/ethical_tech_suggestions/,3,"TLDR: this question has been asked a lot here but replies haven’t been helpful to me. aside from buying second hand on backmarket, fairphone, and okapus.com i don’t know where to look. any suggestions for any second hand websites or ethical companies? doesn’t only have to be tech related, anything helps.

 know this question has been asked so so much but looking through most of the responses hasn’t been very helpful for me. 

buying second hand is my first choice however aside from the back market i don’t know of any other good options for buying second hand. any suggestions for where to buy second hand, doesn’t have to be tech only?

i like what fairphone does ethically, working with the people of congo that mine the cobalt and providing training, safety measures, and not limiting the children to only working in the mines. as well as the removal of e-waste with each purchase equal to the weight of the item in grams.

aside from them and okaipus.com i don’t know what other tech companies are genuinely putting ethics first.",BoycottIsrael,1038.0,2026-01-03 04:31:01,pickl3dguava,Alternative Requests,0,0,2026-01-03 05:31:01,1970-01-01 00:00:01.767414661,1q2l1hl,False,ethical tech suggestions,2026-01-03 05:31:01,0.96,hot,14129,False
t2_1hm0vasme7,boycott_israel_posts_hot.csv,89,89,False,0,https://reddit.com/r/BoycottIsrael/comments/1q23s1u/cnbc_israeli_billionaire_went_and_called_for/,5,,BoycottIsrael,,2026-01-02 16:53:43,Apollo_Delphi,News,0,0,2026-01-02 17:53:43,1970-01-01 00:00:01.767372823,1q23s1u,False,"CNBC: Israeli billionaire went and called for ""LIMITING the First Amendment to protect it"" ... The Government needs to Control all Social Media platforms",2026-01-02 17:53:43,1.0,hot,14129,False
t2_1skvdhjh87,boycott_israel_posts_hot.csv,18,18,False,0,https://reddit.com/r/BoycottIsrael/comments/1q1vo5f/what_is_your_opinion_about_the_boycat_app/,6,"Hello everyone, hope your having a great day or night, I am writing you this post to simply ask you, what is your opinion about the boycat app in general?",BoycottIsrael,154.0,2026-01-02 10:52:29,PandoraHadess,Question,0,0,2026-01-02 11:52:29,1970-01-01 00:00:01.767351149,1q1vo5f,False,What is your opinion about the boycat app?,2026-01-02 11:52:29,0.96,hot,14129,False
t2_gzzaomd81,boycott_israel_posts_hot.csv,61,61,False,0,https://reddit.com/r/BoycottIsrael/comments/1q1hf6y/we_need_to_put_namecheap_on_the_boycott_list/,1,,BoycottIsrael,,2026-01-01 22:41:13,CopiousCool,News,0,0,2026-01-01 23:41:13,1970-01-01 00:00:01.767307273,1q1hf6y,False,We need to put NameCheap on the Boycott list,2026-01-01 23:41:13,1.0,hot,14129,False
t2_111wwebx,boycott_israel_posts_hot.csv,32,32,False,0,https://reddit.com/r/BoycottIsrael/comments/1q1ad6v/wix_website_builder_and_il_makiage/,3,"Just learned Wix is based out of Tel Aviv which might explain why their quality has gone down tremendously over the past few years. I had been using Wix as a website builder for over a decade and it’s gotten worse and worse, and they raise the prices for a subscription while giving you less. You have to pay extra to be able to conduct sales on your website (it didn’t used to be that way when I started using it).

Also IL MAKIAGE (owned by tech company Oddity) is based out of Tel Aviv. People who use this are basically sending their skin color, name, account information, and address over to Israel, as well as a selfie (in order to get the “right shade” of coverup you have to send a selfie). Seems totally harmless until you realize you’re sending this information voluntarily to a terrorist state that is actively committing war crimes based on ethnicity. I’ve had a subscription with them for over a year before I realized where the company was based. I’m pretty upset about that one….",BoycottIsrael,994.0,2026-01-01 17:58:23,butterflyfrenchfry,Confirmed: boycott,0,0,2026-01-01 18:58:23,1970-01-01 00:00:01.767290303,1q1ad6v,1767303570.0,Wix website builder and IL MAKIAGE,2026-01-01 18:58:23,1.0,hot,14129,False
t2_oxqf9yvs,boycott_israel_posts_hot.csv,19,19,False,0,https://reddit.com/r/BoycottIsrael/comments/1q1301p/what_language_learning_apps_are_safe/,7, Besides Duolingo and the ai slop!!,BoycottIsrael,35.0,2026-01-01 12:20:23,Psychological-Gear78,Question,0,0,2026-01-01 13:20:23,1970-01-01 00:00:01.767270023,1q1301p,False,What language learning apps are safe?,2026-01-01 13:20:23,1.0,hot,14129,False
t2_1teidr32,boycott_israel_posts_hot.csv,7,7,False,0,https://reddit.com/r/BoycottIsrael/comments/1q0okdf/doordash_gift_card/,5,"hey all! for christmas i got a $100 doordash giftcard. i dont drive so it was to give me something to order which i appreciate but... 😅 it's definitely being boycotted.

but its obviously already paid for, and i don't want to just let it rot obviously, + if i used it some money might go to local restaurants and drivers... but still obviously its not good. would it be okay to use it up?",BoycottIsrael,388.0,2025-12-31 22:00:51,littleeeloveee,Question,0,0,2025-12-31 23:00:51,1970-01-01 00:00:01.767218451,1q0okdf,False,doordash gift card?,2025-12-31 23:00:51,0.89,hot,14129,False
t2_4a4p5rw,boycott_israel_posts_hot.csv,22,22,False,0,https://reddit.com/r/BoycottIsrael/comments/1q0ear5/manifesting_revolution_gaza_is_the_compass/,0,,BoycottIsrael,,2025-12-31 14:30:20,Puripuri_Purizona,Alternative Suggestions,0,0,2025-12-31 15:30:20,1970-01-01 00:00:01.767191420,1q0ear5,False,Manifesting Revolution - Gaza is the Compass - YouTube - Rev &amp; Reve,2025-12-31 15:30:20,1.0,hot,14129,False
t2_1mz6dmw2zb,boycott_israel_posts_hot.csv,96,96,False,0,https://reddit.com/r/BoycottIsrael/comments/1pzudvz/spain_seeks_removal_of_ads_for_rentals_in_illegal/,0,,BoycottIsrael,,2025-12-30 21:31:12,librephili,News,0,0,2025-12-30 22:31:12,1970-01-01 00:00:01.767130272,1pzudvz,False,Spain seeks removal of ads for rentals in illegal Zionist settlements,2025-12-30 22:31:12,1.0,hot,14129,False
t2_b6xrb52g,boycott_israel_posts_hot.csv,11,11,False,0,https://reddit.com/r/BoycottIsrael/comments/1pzvkfe/is_caudalie_safe/,4,"I’m trying to buy new skincare since I ran out of my old stuff. I want to try caudalie it’s widely available where I live. I looked it up and found that’s it’s generally safe, Idon’t know if it’s TRULY pro Palestine, since a lot of French brands tend to be zionist. Does anyone know for sure ??",BoycottIsrael,294.0,2025-12-30 22:19:58,Effective_Nothing519,Question,0,0,2025-12-30 23:19:58,1970-01-01 00:00:01.767133198,1pzvkfe,False,Is Caudalie safe ?,2025-12-30 23:19:58,1.0,hot,14129,False
t2_vl89ld541,boycott_israel_posts_hot.csv,57,57,False,0,https://reddit.com/r/BoycottIsrael/comments/1pzdhwy/cult_beauty_draws_a_blue_star_using_an_urban/,1,I’m fully aware it’s not the Star of David but unfortunately I really do think it’s that deep and very telling. There are 7 different shades and the only one with a star is the blue shade. I know Urban Decay is owned by L’oréal and Cult Beauty stock their products. Thoughts? ,BoycottIsrael,276.0,2025-12-30 09:10:55,CryingInTheGrass,Rant,0,6,2025-12-30 10:10:55,1970-01-01 00:00:01.767085855,1pzdhwy,False,Cult Beauty draws a blue star using an Urban Decay eyeliner in their product image,2025-12-30 10:10:55,0.9,hot,14129,False
t2_1mz6dmw2zb,boycott_israel_posts_hot.csv,185,185,False,0,https://reddit.com/r/BoycottIsrael/comments/1pz02k8/lush_ceo_refuses_silence/,1,,BoycottIsrael,,2025-12-29 22:20:21,librephili,News,0,1,2025-12-29 23:20:21,1970-01-01 00:00:01.767046821,1pz02k8,False,Lush CEO Refuses Silence,2025-12-29 23:20:21,0.99,hot,14129,False
t2_ysskcuyx6,boycott_israel_posts_hot.csv,20,20,False,0,https://reddit.com/r/BoycottIsrael/comments/1pz1018/is_lego_on_boycott_list/,4,I havent been there in a long time and my friend told me they actually have some Palestinian stuff in some shops so i wanted to know if I should boycott or not :0,BoycottIsrael,162.0,2025-12-29 22:57:59,Kekeegan,Question,0,0,2025-12-29 23:57:59,1970-01-01 00:00:01.767049079,1pz1018,False,Is lego on boycott list?,2025-12-29 23:57:59,1.0,hot,14129,False
t2_h3hc6sax8,boycott_israel_posts_hot.csv,8,8,False,0,https://reddit.com/r/BoycottIsrael/comments/1pz4779/are_bad_dragon_boycotted/,4,"Hi guys and gals, I’m looking to make a purchase from bad dragon and was wondering if they support genocide or if theres a better brand to purchase from, thanks! ",BoycottIsrael,162.0,2025-12-30 01:13:27,Rich_Ask3503,Question,0,0,2025-12-30 02:13:27,1970-01-01 00:00:01.767057207,1pz4779,False,Are bad dragon boycotted?,2025-12-30 02:13:27,0.91,hot,14129,False
t2_oug2tmtu,boycott_israel_posts_hot.csv,27,27,False,0,https://reddit.com/r/BoycottIsrael/comments/1pyhlki/lidl_kaufland/,5,I live in poland and someone told me that lidl and kaufland owners are zionists and it's boycott is that true ?,BoycottIsrael,111.0,2025-12-29 09:06:37,aym0_0n,Question,0,0,2025-12-29 10:06:37,1970-01-01 00:00:01.766999197,1pyhlki,False,Lidl &amp; Kaufland,2025-12-29 10:06:37,0.97,hot,14129,False
t2_ezpt03ka,boycott_israel_posts_hot.csv,19,19,False,0,https://reddit.com/r/BoycottIsrael/comments/1py4dm9/glasses_brands/,4,"I need to have new pair of glasses. I was looking for Essilor but I have learned that is high impact boycott. I also looking for Kodak lenses but they are also owned by Essilor. Which glasses (lenses) is safe to go? I see [https://masjidalaqsa.com/boycott/essilorluxottica-israel-bds](https://masjidalaqsa.com/boycott/essilorluxottica-israel-bds) this when i'm searching but I know Zeiss is too expensive for my budget, i don't know if there is good price/performance Hoya glasses as well, might me overpriced also.  
Any recommendations ?  
salamun alaykum",BoycottIsrael,557.0,2025-12-28 22:22:34,Virtual-Tale7778,Alternative Suggestions,0,0,2025-12-28 23:22:34,1970-01-01 00:00:01.766960554,1py4dm9,False,Glasses Brands,2025-12-28 23:22:34,1.0,hot,14129,False
t2_1mz6dmw2zb,boycott_israel_posts_hot.csv,109,109,False,0,https://reddit.com/r/BoycottIsrael/comments/1px94tb/how_boycotting_israelilinked_brands_reshaped/,1,,BoycottIsrael,,2025-12-27 21:29:11,librephili,News,0,1,2025-12-27 22:29:11,1970-01-01 00:00:01.766870951,1px94tb,False,How boycotting Israeli-linked brands reshaped Malaysia's food industry,2025-12-27 22:29:11,0.99,hot,14129,False
t2_d05o4eeg,boycott_israel_posts_hot.csv,100,100,False,0,https://reddit.com/r/BoycottIsrael/comments/1px8idl/western_media_has_been_hysteric_over_propalestine/,1,,BoycottIsrael,,2025-12-27 21:02:14,Beneficial-Network91,News,0,0,2025-12-27 22:02:14,1970-01-01 00:00:01.766869334,1px8idl,False,Western media has been hysteric over pro-Palestine chants for over two years while ignoring daily incitement to genocide in Israeli media,2025-12-27 22:02:14,1.0,hot,14129,False
t2_1ii8x2jizb,boycott_israel_posts_hot.csv,40,40,False,0,https://reddit.com/r/BoycottIsrael/comments/1px3t6t/is_it_true_that_fedora_linux_boycotted_since_red/,13,.,BoycottIsrael,1.0,2025-12-27 17:47:21,Squidieyy,Question,0,1,2025-12-27 18:47:21,1970-01-01 00:00:01.766857641,1px3t6t,False,Is it true that Fedora Linux boycotted since Red Hat (its sponsor) supports the Zionist state?,2025-12-27 18:47:21,0.97,hot,14129,False
t2_wcbio3zup,boycott_israel_posts_hot.csv,41,41,False,0,https://reddit.com/r/BoycottIsrael/comments/1pwlxeo/for_those_looking_for_skincare_fragrances_etc_try/,5,"If you are in need of fragrances, skin-care products, or bath-products, then Lush is one of the to-go places. They make no effort in hiding the fact that they support Palestine! (I'm not being paid to advertise for them).",BoycottIsrael,221.0,2025-12-27 02:13:51,tyuptyupolpolp,News,0,0,2025-12-27 03:13:51,1970-01-01 00:00:01.766801631,1pwlxeo,False,"For those looking for skin-care, fragrances, etc, try Lush!",2025-12-27 03:13:51,1.0,hot,14129,False
t2_gpyuls3a,boycott_israel_posts_hot.csv,31,31,False,0,https://reddit.com/r/BoycottIsrael/comments/1pwjz20/entertainment_companies_that_arent_associated/,1,"*This is not an official list. This is based on extensive research completed by me.*

*What I will do from now is that, rather than post new lists after updates, if I add someone to the list, I will add them in bold so you know it's been edited.*

**Blinding Edge**: Remain (2026), Caddo Lake (2024), Trap (2024), The Watchers (2024), Knock at the Cabin (2023), Old (2021), Glass (2019), Split (2017), The Visit (2015), After Earth (2013), Devil (2010), The Last Airbender (2010), The Happening (2008), Lady in the Water (2006), The Village (2004), Signs (2002), Unbreakable (2000)

**Dark Horse**: 30 Days of Night (2007), Hellboy (2004), Timecop (1994), The Mask (1994)

**Icon Productions**: Flight Risk (2025), Hellboy: The Crooked Man (2024), Hotel Mumbai (2018), Finding Fatimah (2017), Hacksaw Ridge (2016), You're Next (2013), Get the Gringo (2012), The Black Balloon (2008), Mr Magorium's Wonder Emporium (2007), Apocalypto (2006), Little Fish (2005), Paparazzi (2004), We Were Soldiers (2002), What Women Want (2000), The Little Vampire (2000), Payback (1999), Braveheart (1995)

**Mandalay Pictures**: Archangel (2026), Brazen (2022), Little Evil (2017), Horns (2014), The Kids Are All Right (2010), The Jacket (2005), Beyond Borders (2003), The Score (2001), Enemy at the Gates (2001), Sleepy Hollow (1999), The Deep End of the Ocean (1999), Les Miserables (1998), Wild Things (1998), I Know What You Did Last Summer (1997), Double Team (1997), Donnie Brasco (1997)",BoycottIsrael,1477.0,2025-12-27 00:42:15,Hopeful_Worth315,Confirmed: safe,0,0,2025-12-27 01:42:15,1970-01-01 00:00:01.766796135,1pwjz20,1767323165.0,Entertainment companies that aren't associated with israel and their notable movies,2025-12-27 01:42:15,1.0,hot,14129,False
t2_23u47uyqyd,boycott_israel_posts_hot.csv,153,153,False,0,https://reddit.com/r/BoycottIsrael/comments/1puyvmx/israel_should_be_banned_from_all_cultural_and/,3,,BoycottIsrael,,2025-12-24 22:22:30,palilibre,News,0,1,2025-12-24 23:22:30,1970-01-01 00:00:01.766614950,1puyvmx,False,"Israel should be banned from all cultural and sporting events, not just Eurovision: Irish cartoonist",2025-12-24 23:22:30,0.99,hot,14129,False
t2_23u47uyqyd,boycott_israel_posts_hot.csv,124,124,False,0,https://reddit.com/r/BoycottIsrael/comments/1puqxdt/during_the_holiday_season_dont_forget_about_the/,1,,BoycottIsrael,,2025-12-24 16:13:11,palilibre,Confirmed: boycott,0,1,2025-12-24 17:13:11,1970-01-01 00:00:01.766592791,1puqxdt,False,"During the holiday season, don’t forget about the boycott targets. The people of Palestine need our attention and steadfastness more than ever.",2025-12-24 17:13:11,0.99,hot,14129,False
t2_3qtngw2g,boycott_israel_posts_hot.csv,11,11,False,0,https://reddit.com/r/BoycottIsrael/comments/1pv3z20/good_alternatives_for_ole_henriksen_lip_treatment/,4,"Hi, looking for an actually good alternative for Ole Henriksen Lip Treatment as it’s owned my LVMH and so it’s not BDS safe. It doesn’t have to be a “dupe” - im willing to pay (nothing outrageous tho lol) if it’s good!

I use the clear one and i like that it has a subtle citrus scent. I am mainly looking for an alternative to the clear one that is BDS safe. Thanks! 🤍

———

**UPDATE:** I recently bought the Cocokind lip balm and LOVE it! i bought the tinted one and the color is pretty pigmented when builded but the moisture is thick and lasts long. you can also wear it sheer too. I really love it and Cocokind is BDS safe! They have a clear one too that i’m gonna try next, once my Ole runs out 🥰

edit: omg and it’s asian ownedddd ❤️",BoycottIsrael,740.0,2025-12-25 03:12:10,VISlONSOFALIFE,Alternative Requests,0,0,2025-12-25 04:12:10,1970-01-01 00:00:01.766632330,1pv3z20,1767655994.0,good alternatives for Ole Henriksen Lip Treatment?,2025-12-25 04:12:10,1.0,hot,14129,False
t2_d05o4eeg,boycott_israel_posts_hot.csv,43,43,False,0,https://reddit.com/r/BoycottIsrael/comments/1puvas9/how_the_media_lies_bout_the_intifada/,0,,BoycottIsrael,,2025-12-24 19:28:09,Beneficial-Network91,News,0,0,2025-12-24 20:28:09,1970-01-01 00:00:01.766604489,1puvas9,False,How the media lies bout the Intifada,2025-12-24 20:28:09,0.98,hot,14129,False
t2_1haavjnzft,boycott_israel_posts_hot.csv,185,185,False,0,https://reddit.com/r/BoycottIsrael/comments/1pttc3x/greta_arrested/,3,"Solidarity to Greta Thunberg, arrested for holding a sign in support of Palestine Action.  I am ashamed of our government making up the “rules” as it goes along, to squash peaceful protest. Someone tell me why the UK and US governments are so beholden to Israel that they push thousands of innocent people under a bus. ",BoycottIsrael,319.0,2025-12-23 13:00:08,Enough_Credit_8199,News,0,0,2025-12-23 14:00:08,1970-01-01 00:00:01.766494808,1pttc3x,False,Greta Arrested,2025-12-23 14:00:08,1.0,hot,14129,False
t2_1jjiqfpchs,boycott_israel_posts_hot.csv,19,19,False,0,https://reddit.com/r/BoycottIsrael/comments/1pu193q/better_and_better_from_the_same_hyperamnesic/,1,,BoycottIsrael,,2025-12-23 18:27:39,Wolf4612,Rant,0,0,2025-12-23 19:27:39,1970-01-01 00:00:01.766514459,1pu193q,False,Better and better! From the same Hyperamnesic hypermarket.,2025-12-23 19:27:39,1.0,hot,14129,False
t2_1u3s1et1il,boycott_israel_posts_hot.csv,27,27,False,0,https://reddit.com/r/BoycottIsrael/comments/1ptsufs/music_apps_that_arent_israel/,7,"I listen to a lot of music, but I hate how every music app out there supports Israel. I was considering buying music through iTunes so it’s a one time thing and I don’t have to give money monthly to Apple Music. Would I still be giving a lot of my money is Israel? Is there a better way to go about this? I know about piracy but I’d still like to support my fav artists!",BoycottIsrael,370.0,2025-12-23 12:34:29,Sp1dderxyz,Question,0,0,2025-12-23 13:34:29,1970-01-01 00:00:01.766493269,1ptsufs,False,Music apps that aren’t Israel?,2025-12-23 13:34:29,1.0,hot,14129,False
t2_1wrozf9cy4,boycott_israel_posts_hot.csv,7,7,False,0,https://reddit.com/r/BoycottIsrael/comments/1ptxlvc/is_subway_boycott/,3,"Hey guys, just wondering if Subway (the food place) is boycott and if yes then what are their ties to israel? Thanks!
",BoycottIsrael,118.0,2025-12-23 16:04:08,Responsible-Term4482,Question,0,0,2025-12-23 17:04:08,1970-01-01 00:00:01.766505848,1ptxlvc,False,Is subway boycott?,2025-12-23 17:04:08,0.9,hot,14129,False
t2_1jjiqfpchs,boycott_israel_posts_hot.csv,207,207,False,0,https://reddit.com/r/BoycottIsrael/comments/1pswave/hypermarket_hyperamnesic/,16,,BoycottIsrael,,2025-12-22 10:25:48,Wolf4612,Question,0,2,2025-12-22 11:25:48,1970-01-01 00:00:01.766399148,1pswave,False,Hypermarket = Hyperamnesic?,2025-12-22 11:25:48,0.99,hot,14129,False
t2_15nem8w0tn,boycott_israel_posts_hot.csv,24,24,False,0,https://reddit.com/r/BoycottIsrael/comments/1psrtgw/indigo_boycotted/,4,"Hi. 

Since Amazon and Indigo are both in the boycott list, I’m wondering where are you gonna purchase books from in Canada, especially ON? I don’t have any local bookstores near me and BookOutlet doesn’t always have what I want. So any ideas?

And before you say libraries, I want to own books, but I do use my local library a lot. ",BoycottIsrael,333.0,2025-12-22 05:44:43,SylviaPlathsDaughter,Question,0,0,2025-12-22 06:44:43,1970-01-01 00:00:01.766382283,1psrtgw,False,Indigo Boycotted,2025-12-22 06:44:43,1.0,hot,14129,False
t2_17skh5twsh,boycott_israel_posts_hot.csv,11,11,False,0,https://reddit.com/r/BoycottIsrael/comments/1prli38/what_to_do_with_a_chapters_gift_card/,7,"Hey friends, I have already searched here for ""gift cards"" but wasn't satisfied by the answers. A teacher friend of mine recently asked what she should do with a Chapters gift card that a student gave her. Chapters is boycotted because of Heather Reisman's Heseg Foundation. 

  
When people ask me what to do with Starbucks (or other food) gift cards, I usually say give it to an unhoused person. For Amazon gift cards, I say give it to a shelter or the food bank or something. You can't usually get a refund for gift cards. But what about a Chapters card? Is there a place you can donate such a thing, do you think? What do you guys usually do if you receive a gift card for a boycotted business, especially if it isn't food? ",BoycottIsrael,728.0,2025-12-20 18:43:59,comrade-sunflower,Question,0,0,2025-12-20 19:43:59,1970-01-01 00:00:01.766256239,1prli38,False,What to do with a Chapters gift card?,2025-12-20 19:43:59,1.0,hot,14129,False
t2_evdtgw8v,boycott_israel_posts_hot.csv,6,6,False,0,https://reddit.com/r/BoycottIsrael/comments/1pr0c3f/the_ethics_of_consuming_media/,2,For context: I have ASD and possible OCD so some of the behaviors I have bc of that. So a few days ago or maybe a couple of months ago I became obsessed with a children’s series and trying to unearth lost content from it. I feel like i shouldn’t be spending my time trying to get ppl to find something so stupid and crappy that nobody would wanna find anyways. Not to mention I promote this type of content whether it’d be via mentioning it or posting fanart of it online in hopes that ppl would like my work or just out of sheer boredom. I could’ve spent my time trying to help more Palestinians instead of obsessing over a stupid children’s series. ,BoycottIsrael,651.0,2025-12-20 00:10:17,Ilovedia,Rant,0,3,2025-12-20 01:10:17,1970-01-01 00:00:01.766189417,1pr0c3f,False,The ethics of consuming media,2025-12-20 01:10:17,0.65,hot,14129,False
t2_6jwmy0q3,boycott_israel_posts_hot.csv,174,174,False,0,https://reddit.com/r/BoycottIsrael/comments/1pqe21j/modern_family_fanstake_a_look_at_julie_bowens/,11,"For context: Julie Bowen was tagged in a Hanukkah video she did with Noah T\*\*\*\*y, where they talk about her obsession with ""Jewish culture and history"" after she learned about October 7th.

I don't think I've ever been more disgusted and disappointed in a celebrity like this before. ​In one part, they are talking about the history of Judaism and she excitedly rushes off camera and comes back with a FOLDER of information about ""the history of Is\*\*\* and the events leading up to October 7th"". HOW can you do all of that ""research"" and still be that ignorant? What sources was she getting that information from exactly? From there, I ended up falling down a brief rabbit hole and ended up finding pictures of her at an IDF fundraiser event. I am sick with disgust. 

As a Middle Eastern woman, the anti-Arab sentiment (i.e. ANTI-SEMITISM) that fuels this movement is so beyond devastating and heartbreaking. ​Modern Family is one of my favorite comfort shows, and this has absolutely ruined it for me. I freaking hate it here, man. ​I hate it. ",BoycottIsrael,1052.0,2025-12-19 06:26:00,cats_and_coffee15,Rant,0,5,2025-12-19 07:26:00,1970-01-01 00:00:01.766125560,1pqe21j,False,Modern Family Fans....take a look at Julie Bowen's most recent video on Instagram.,2025-12-19 07:26:00,0.97,hot,14129,False
t2_iixo4rxw,boycott_israel_posts_hot.csv,18,18,False,0,https://reddit.com/r/BoycottIsrael/comments/1pq614y/fast_food_in_canada_that_is_safe/,7,"Help Im so desperate in the middle of a migraine and I need food but I can’t think of ONE fast food joint in Canada that isn’t sucking up to Israel😭I’m feeling really hopeless right now 

Tim’s = cooked

McDonald’s = cooked 

Wendy’s = cooked 

Burger King = cooked 

Robins = cooked (owned by Tim’s)",BoycottIsrael,300.0,2025-12-18 23:44:31,walkyslaysh,Question,0,0,2025-12-19 00:44:31,1970-01-01 00:00:01.766101471,1pq614y,False,Fast food in Canada that is safe,2025-12-19 00:44:31,1.0,hot,14129,False
t2_q6amfvuy,boycott_israel_posts_hot.csv,29,29,False,0,https://reddit.com/r/BoycottIsrael/comments/1pprh11/skincare_brands_available_in_new_zealand_that/,3,"Being in New Zealand I have limitations on available drug store brands for skin care. Recently I have learned the ordinary is no longer safe as it’s owned by L’Oréal. A couple of questions 
- as a whole are most kbeauty brands safe? 
- what are some other brands to 100% avoid",BoycottIsrael,276.0,2025-12-18 13:58:49,hanandmeow,Alternative Suggestions,0,0,2025-12-18 14:58:49,1970-01-01 00:00:01.766066329,1pprh11,False,Skincare brands available in New Zealand that don’t break the bank,2025-12-18 14:58:49,0.98,hot,14129,False
t2_ghz7geui,boycott_israel_posts_hot.csv,11,11,False,0,https://reddit.com/r/BoycottIsrael/comments/1ppyjg0/does_anyone_know_if_phyto_is_on_the_list_if_so/,2,As the title suggests got my hair dyed a few months back and have been using purple shampoo to maintain it been using Phyto but im worried it is on the list ive researched but didn't get a direct answer does anyone know if it is on the list? If so do let me know of any replacements please  ,BoycottIsrael,291.0,2025-12-18 18:41:05,Amoonthedollygirl,Question,0,0,2025-12-18 19:41:05,1970-01-01 00:00:01.766083265,1ppyjg0,False,Does anyone know if Phyto is on the list? If so any replacements for purple shampoo?,2025-12-18 19:41:05,0.93,hot,14129,False
t2_1odxvqurkv,boycott_israel_posts_hot.csv,7,7,False,0,https://reddit.com/r/BoycottIsrael/comments/1ppyrl4/i_am_in_a_bit_of_trouble/,3,"The only way to renew my subscription on osn+ is (Google pay) I tried everything else it doesn't work paying from the website didn't work because the card I have is a crypto card it doesn't accept it so the only way that I can renew is Google pay by my card 
What should I do?",BoycottIsrael,276.0,2025-12-18 18:49:55,Ambitious-Narwhal158,Question,0,0,2025-12-18 19:49:55,1970-01-01 00:00:01.766083795,1ppyrl4,False,I am in a bit of trouble,2025-12-18 19:49:55,1.0,hot,14129,False
t2_ebuz68xm,boycott_israel_posts_hot.csv,22,22,False,0,https://reddit.com/r/BoycottIsrael/comments/1ppm6t1/music_apps/,23,"which music apps can I use that have the same features as Spotify but aren’t boycott? (ex. following people, shared playlists and blends, rewinds etc.)

edit: is anghami a good option? atleast compared to Spotify ",BoycottIsrael,213.0,2025-12-18 08:57:14,SamZ025,Alternative Suggestions,0,0,2025-12-18 09:57:14,1970-01-01 00:00:01.766048234,1ppm6t1,False,music apps,2025-12-18 09:57:14,0.97,hot,14129,False
t2_1mz6dmw2zb,boycott_israel_posts_hot.csv,61,61,False,0,https://reddit.com/r/BoycottIsrael/comments/1poenm9/what_are_israel_bonds_and_why_have_they_become_a/,2,,BoycottIsrael,,2025-12-16 21:47:46,librephili,News,0,0,2025-12-16 22:47:46,1970-01-01 00:00:01.765921666,1poenm9,False,"What are Israel Bonds, and why have they become a target for BDS?",2025-12-16 22:47:46,1.0,hot,14129,False
t2_1odxvqurkv,boycott_israel_posts_hot.csv,16,16,False,0,https://reddit.com/r/BoycottIsrael/comments/1pnysxo/is_jumia_on_the_boycott_list/,10,I need to buy some stuff I think maybe jumia is safe to buy from is it?,BoycottIsrael,71.0,2025-12-16 10:38:47,Ambitious-Narwhal158,Question,0,1,2025-12-16 11:38:47,1970-01-01 00:00:01.765881527,1pnysxo,False,Is jumia on the boycott list?,2025-12-16 11:38:47,0.92,hot,14129,False
t2_1mz6dmw2zb,boycott_israel_posts_hot.csv,49,49,False,0,https://reddit.com/r/BoycottIsrael/comments/1pnjduo/slovenias_culture_minister_backs_state/,0,,BoycottIsrael,,2025-12-15 21:21:52,librephili,News,0,0,2025-12-15 22:21:52,1970-01-01 00:00:01.765833712,1pnjduo,False,Slovenia’s Culture Minister Backs State Broadcaster’s Eurovision Withdrawal over Israel,2025-12-15 22:21:52,1.0,hot,14129,False
t2_izb4qwjv,boycott_israel_posts_hot.csv,6,6,False,0,https://reddit.com/r/BoycottIsrael/comments/1pnmgoe/ethical_dating_apps/,8,"Looking for dating apps and heard that Hinge blocked someone defending their stance on another Reddit thread. Did some of my own research but only Muslim dating apps, which love, but I’m agnostic. ",BoycottIsrael,197.0,2025-12-15 23:27:19,90stvkid,Question,0,0,2025-12-16 00:27:19,1970-01-01 00:00:01.765841239,1pnmgoe,False,Ethical Dating Apps,2025-12-16 00:27:19,0.88,hot,14129,False
t2_1hzvvhz7d2,boycott_israel_posts_hot.csv,55,55,False,0,https://reddit.com/r/BoycottIsrael/comments/1pmydix/hasbara_youtube_propaganda/,3,"I just came across a YouTube ad that was trying to show how there’s “no apartheid in Israel” with some weird AI voice and some stupid camera shots. It’s crazy how deeply Israeli propaganda has penetrated  the United States. By the way, the organization that created the ad was called “facts for peace.” It’s some weird Zionist propaganda outlet I believe is funded by the Israeli government.

Crazy.",BoycottIsrael,399.0,2025-12-15 04:25:28,Unfair_Enthusiasm696,Rant,0,1,2025-12-15 05:25:28,1970-01-01 00:00:01.765772728,1pmydix,False,Hasbara YouTube Propaganda,2025-12-15 05:25:28,0.97,hot,14129,False
t2_1mz6dmw2zb,boycott_israel_posts_hot.csv,59,59,False,0,https://reddit.com/r/BoycottIsrael/comments/1pmomdg/17_portuguese_artists_announce_boycott_of/,0,,BoycottIsrael,,2025-12-14 20:50:39,librephili,News,0,0,2025-12-14 21:50:39,1970-01-01 00:00:01.765745439,1pmomdg,False,17 Portuguese artists announce boycott of Eurovision,2025-12-14 21:50:39,1.0,hot,14129,False
t2_gzzaomd81,boycott_israel_posts_hot.csv,187,187,False,0,https://reddit.com/r/BoycottIsrael/comments/1pma03n/netflix_recently_deleted_most_their_palestinian/,10,,BoycottIsrael,,2025-12-14 09:23:23,CopiousCool,Confirmed: boycott,0,0,2025-12-14 10:23:23,1970-01-01 00:00:01.765704203,1pma03n,False,Netflix recently deleted most their palestinian content from their platform furthering the censorship and erasure of Palestinian culture. #BoycottNetflix,2025-12-14 10:23:23,1.0,hot,14129,False
t2_78uxter,boycott_israel_posts_hot.csv,11,11,False,0,https://reddit.com/r/BoycottIsrael/comments/1pmt575/buying_christmas_presents/,4,So in 2023 there was a whole thing about not buying Christmas presents to stimulate the economy or something to that degree. obviously wouldn't buy anything boycotted for someone but are we still doing this? or should we stick to supporting small business and anything not supporting israel?,BoycottIsrael,291.0,2025-12-15 00:06:06,peachemistry,Question,0,0,2025-12-15 01:06:06,1970-01-01 00:00:01.765757166,1pmt575,False,Buying Christmas presents?,2025-12-15 01:06:06,0.93,hot,14129,False
t2_gzzaomd81,boycott_israel_posts_hot.csv,132,132,False,0,https://reddit.com/r/BoycottIsrael/comments/1pma873/time_to_get_watermelon/,0,,BoycottIsrael,,2025-12-14 09:39:03,CopiousCool,Alternative Suggestions,0,0,2025-12-14 10:39:03,1970-01-01 00:00:01.765705143,1pma873,False,Time to get Watermelon+,2025-12-14 10:39:03,1.0,hot,14129,False
t2_bll1r6i41,boycott_israel_posts_hot.csv,85,85,False,0,https://reddit.com/r/BoycottIsrael/comments/1pm1p0h/what_are_your_thoughts_on_boycotting_youtube/,32,"I recently got on the no thanks app after watching Freedom Flotilla 2018's attempt to break the blockade. I've always been trying to boycott big tech so boycotting Israel's products is a continuation of that journey.

My curiousity is that I don't see any big movement against boycotting say YouTube. I don't see many people trying to move to alternative hosting sites like vimeo, dailymotion, bitchute, rumble etc. What are your thoughts and would you guys collectively want to campaign for that? I feel YouTube is too much of a monolith for us to boycott because everyone is largely still on it.",BoycottIsrael,597.0,2025-12-14 01:28:25,Ok-Bicycle-12345,Question,0,0,2025-12-14 02:28:25,1970-01-01 00:00:01.765675705,1pm1p0h,False,What are your thoughts on boycotting YouTube?,2025-12-14 02:28:25,1.0,hot,14129,False
t2_1vcsb4psya,boycott_israel_posts_hot.csv,14,14,False,0,https://reddit.com/r/BoycottIsrael/comments/1pm7gqb/grey_market/,1,"I would like to buy a perfume from Frederic Malle. Unfortunately, they have ties to the zionists due to being owned by Estee Lauder. However, could I dodge it by buying it on the grey market? There are people selling it for cheaper and it is still authentic. Does the brand and Estee Lauder still earn money this way? Or do I just find an alternative? Thanks in advance. 🙏🏻",BoycottIsrael,373.0,2025-12-14 06:38:11,ComfortableJello508,Question,0,0,2025-12-14 07:38:11,1970-01-01 00:00:01.765694291,1pm7gqb,False,Grey market,2025-12-14 07:38:11,0.95,hot,14129,False
t2_2o1f6tj3,boycott_israel_posts_hot.csv,5,5,False,0,https://reddit.com/r/BoycottIsrael/comments/1pm50kl/is_there_a_similar_app_to_no_thanks_for/,3,"Hey, is there a similar app to boycott brands that fund and Support Turkey/Azerbaijan?",BoycottIsrael,86.0,2025-12-14 04:18:50,GermanLetsKotz,Question,0,2,2025-12-14 05:18:50,1970-01-01 00:00:01.765685930,1pm50kl,False,"Is there a similar app to ""No Thanks"" for Turkey/Azerbaijan?",2025-12-14 05:18:50,0.69,hot,14129,False
t2_5rub6jfe,boycott_israel_posts_hot.csv,21,21,False,0,https://reddit.com/r/BoycottIsrael/comments/1plsgdu/is_ms_ok/,27,"And if no, are there alternatives?

Edit: Thank you for your answers.
For alternatives what about clothing as well as groceries?",BoycottIsrael,128.0,2025-12-13 18:33:52,KrackalackinKraken,Confirmed: boycott,0,1,2025-12-13 19:33:52,1970-01-01 00:00:01.765650832,1plsgdu,1765665779.0,Is M&amp;S ok?,2025-12-13 19:33:52,0.93,hot,14129,False
t2_1y88v5pdew,boycott_israel_posts_hot.csv,10,10,False,0,https://reddit.com/r/BoycottIsrael/comments/1pltdpu/is_shoppers_drug_mart_boycott_safe/,1,I was looking to buy some skin care things and I realized Walmart wasn't safe. I was wondering if Shopper's Drug Mart is a safe alternative,BoycottIsrael,139.0,2025-12-13 19:11:56,SystemNo524,Question,0,0,2025-12-13 20:11:56,1970-01-01 00:00:01.765653116,1pltdpu,False,Is Shopper's Drug Mart boycott safe?,2025-12-13 20:11:56,1.0,hot,14129,False
t2_cl5vwz6f,boycott_israel_posts_hot.csv,115,115,False,0,https://reddit.com/r/BoycottIsrael/comments/1pl5b5f/eurovision_winner_nemo_returns_trophy_in_protest/,0,"**Eurovision winner Nemo returns trophy in protest over Israel’s inclusion**

Singer’s statement follows walkout by five countries after organisers cleared Israel to participate in next year’s contest.

Swiss Eurovision winner Nemo said they will return their 2024 victory trophy because Israel is being allowed to compete in the pop music competition.

The singer, who won the 2024 edition with operatic pop track, The Code, posted a video on Instagram showing them placing the trophy in a box to be sent back to the Geneva headquarters of the European Broadcasting Union (EBU).

“Eurovision says it stands for unity, for inclusion and dignity for all people,” Nemo said, adding that Israel’s participation amid its ongoing genocidal war on Gaza showed those ideals were at odds with organisers’ decisions.

The EBU, which organises Eurovision, cleared Israel last week to take part in next year’s event in Austria, prompting Spain, the Netherlands, Ireland, Slovenia and Iceland to announce they would be boycotting the contest.

“When entire countries withdraw, it should be clear that something is deeply wrong,” Nemo said on Thursday.",BoycottIsrael,1139.0,2025-12-12 22:36:44,FlabbyShabby,News,0,2,2025-12-12 23:36:44,1970-01-01 00:00:01.765579004,1pl5b5f,False,Eurovision winner Nemo returns trophy in protest over Israel’s inclusion,2025-12-12 23:36:44,0.98,hot,14129,False
t2_1mz6dmw2zb,boycott_israel_posts_hot.csv,66,66,False,0,https://reddit.com/r/BoycottIsrael/comments/1pks91w/greek_leftist_opposition_party_urges_govt_to/,0,,BoycottIsrael,,2025-12-12 13:45:31,librephili,News,0,0,2025-12-12 14:45:31,1970-01-01 00:00:01.765547131,1pks91w,False,Greek leftist opposition party urges gov’t to withdraw from 2026 Eurovision over Israel’s participation,2025-12-12 14:45:31,0.99,hot,14129,False
t2_1joqz7o1lk,boycott_israel_posts_hot.csv,4,4,False,0,https://reddit.com/r/BoycottIsrael/comments/1pkxnu5/can_i_still_play_the_game_even_if_they_collab/,0,"I'm trying to boycott israel as much as possible. I've dropped coke, and many more brands that support Israel. But when I look into anything somehow somewhere most of the companies have some connections to israel. I want to boycott artist, games, food but sometimes its like the artist doesn't directly support but the label does and I'm conflicted if I should listen to the artist or not. ",BoycottIsrael,390.0,2025-12-12 17:24:09,Justarandomguy-fuck,Rant,0,0,2025-12-12 18:24:09,1970-01-01 00:00:01.765560249,1pkxnu5,False,Can I still play the game even if they Collab with a company that supports genocide?,2025-12-12 18:24:09,0.83,hot,14129,False
t2_63n1y1is,boycott_israel_posts_hot.csv,21,21,False,0,https://reddit.com/r/BoycottIsrael/comments/1pkiw0g/alternatives_to_loréal/,6,"hi! i'm honestly not too sure if this is the proper sub for this question or if i should ask in like r/haircare or something since this is pretty specific, *but* i was wondering if anyone knew of any good alternatives to l'oréals elvive haircare line? i heard they were on the list and don't want to support them (duh)

i would prefer something on the cheaper side but any and all recommendations are greatly appreciated. thank you in advance!!",BoycottIsrael,444.0,2025-12-12 04:33:59,_maeverie,Question,0,0,2025-12-12 05:33:59,1970-01-01 00:00:01.765514039,1pkiw0g,False,alternatives to l'oréal?,2025-12-12 05:33:59,0.97,hot,14129,False
t2_g0l9e3vhm,boycott_israel_posts_hot.csv,19,19,False,0,https://reddit.com/r/BoycottIsrael/comments/1pk0sos/is_cracked_spotify_an_option_pls_mods_dont_take/,8,"I've been searching for apps which are spotify alternatives because of the Ai military drones stuff

I thought im probably gonna just use an mp3 player, as that would be the most easy way to hear all the music you want without supporting any Isreal funding brand

I just now came to think how I could just skip a couple steps and be able to not give spotify money, so it should just be that simple right?",BoycottIsrael,404.0,2025-12-11 15:47:39,thatsjustarandomname,Question,0,1,2025-12-11 16:47:39,1970-01-01 00:00:01.765468059,1pk0sos,False,Is cracked spotify an option? (Pls mods dont take this down),2025-12-11 16:47:39,0.95,hot,14129,False
t2_aznl8ayi,boycott_israel_posts_hot.csv,261,261,False,0,https://reddit.com/r/BoycottIsrael/comments/1piobvs/fiverr_is_on_the_list/,15,Will we ever be able to escape this country?,BoycottIsrael,44.0,2025-12-10 00:33:59,Fit_Fisherman_3317,Confirmed: boycott,0,2,2025-12-10 01:33:59,1970-01-01 00:00:01.765326839,1piobvs,False,Fiverr is on the list 🤦🏻‍♂️,2025-12-10 01:33:59,0.99,hot,14129,False
t2_gnvtanpc,boycott_israel_posts_hot.csv,247,247,False,0,https://reddit.com/r/BoycottIsrael/comments/1pigb2v/add_this_to_the_list/,14,Never realised sea salt was on the list. And just happened to stumble upon it. Any suggestions on any different brand?,BoycottIsrael,118.0,2025-12-09 19:14:57,ResearchWorking3402,Confirmed: boycott,0,0,2025-12-09 20:14:57,1970-01-01 00:00:01.765307697,1pigb2v,False,Add this to the list.,2025-12-09 20:14:57,1.0,hot,14129,False
t2_wcbio3zup,boycott_israel_posts_hot.csv,84,84,True,0,https://reddit.com/r/BoycottIsrael/comments/1piiirw/israeli_personnel_utilize_dogs_to_rape/,3,"*""Soldiers brought dogs that climbed on us and urinated on me. Then one of the dogs raped me—the dog did it deliberately, knowing exactly what it was doing,* ""

I need not say more.",BoycottIsrael,181.0,2025-12-09 20:37:01,tyuptyupolpolp,,0,0,2025-12-09 21:37:01,1970-01-01 00:00:01.765312621,1piiirw,False,Israeli personnel utilize dogs to rape Palestinian prisoners,2025-12-09 21:37:01,0.99,hot,14129,False
t2_yjs8iox8q,boycott_israel_posts_hot.csv,10,10,False,0,https://reddit.com/r/BoycottIsrael/comments/1piufml/what_is_camera_brands_who_support_israel/,6,"I wanna to buy a camera in further, for practice all of My Photography techniques. But, i still confusing what are Camera Brands who support Israel, so i can buy another camera as alternative suggestion and avoid to buy those Boycott brands. Are famous Camera brands like Hasselblad, Canon, DJI, Sony, Fujifilm, Nikon, Pentax and Olympus include to the boycott list, What about you?. ",BoycottIsrael,384.0,2025-12-10 05:26:41,Late-Test2209,Question,0,0,2025-12-10 06:26:41,1970-01-01 00:00:01.765344401,1piufml,False,What is Camera Brands who support israel,2025-12-10 06:26:41,0.92,hot,14129,False
t2_evdtgw8v,boycott_israel_posts_hot.csv,16,16,False,0,https://reddit.com/r/BoycottIsrael/comments/1piq896/any_diazepam_that_isnt_made_by_teva/,6,"I was taking my pills and i looked at the other side, i saw that it was manufactured by Teva which [is a company located in israhell](https://gaza.nu/brands/?id=659&amp;la=en). Are there other brands the manufacture this medcine that aren't teva or their subsidaries???",BoycottIsrael,269.0,2025-12-10 01:59:14,Ilovedia,Alternative Suggestions,0,0,2025-12-10 02:59:14,1970-01-01 00:00:01.765331954,1piq896,False,any diazepam that isnt made by teva??,2025-12-10 02:59:14,1.0,hot,14129,False
t2_7clqbllq8,boycott_israel_posts_top.csv,750,750,False,0,https://reddit.com/r/BoycottIsrael/comments/1p4iw4q/x_rolls_out_feature_that_shows_users_country_of/,52,Via @ceolawyer on Instagram  - Nothing to see here right?,BoycottIsrael,57.0,2025-11-23 09:51:39,pumpkinzh,News,0,7,2025-11-23 10:51:39,1970-01-01 00:00:01.763891499,1p4iw4q,False,X rolls out feature that shows users country of origin - then suddenly removes it,2025-11-23 10:51:39,0.99,top,14128,False
t2_1dhmt8svgy,boycott_israel_posts_top.csv,670,670,False,0,https://reddit.com/r/BoycottIsrael/comments/1jpksc7/boycott_dr_mike_youtuber_a_genocide_supporter_of/,49,,BoycottIsrael,,2025-04-02 09:51:42,ElectricalChance3664,News,0,0,2025-04-02 10:51:42,1970-01-01 00:00:01.743587502,1jpksc7,False,Boycott Dr. Mike (YouTuber) A Genocide Supporter Of Israel,2025-04-02 10:51:42,1.0,top,14128,False
t2_92q6d427,boycott_israel_posts_top.csv,637,637,False,0,https://reddit.com/r/BoycottIsrael/comments/1nd2x2q/fuck_israel_by_evie_templeton/,34,,BoycottIsrael,,2025-09-10 02:51:38,OkShelter6459,,0,6,2025-09-10 03:51:38,1970-01-01 00:00:01.757472698,1nd2x2q,False,Fuck Israel by Evie Templeton,2025-09-10 03:51:38,0.99,top,14128,False
t2_d6dwzpqe,boycott_israel_posts_top.csv,589,589,False,0,https://reddit.com/r/BoycottIsrael/comments/1lgsi0t/crow_removed_the_zionist_flag/,29,,BoycottIsrael,,2025-06-21 09:25:18,MrLabbrow,,0,0,2025-06-21 10:25:18,1970-01-01 00:00:01.750497918,1lgsi0t,False,crow removed the Zionist flag.,2025-06-21 10:25:18,1.0,top,14128,False
t2_1smplo0g0o,boycott_israel_posts_top.csv,589,589,False,0,https://reddit.com/r/BoycottIsrael/comments/1nwlmwx/new_bds_target_just_dropped/,38,Crunchyroll subtitling staff are reportedly being forced to abandon their old software and switch to an Israeli one.,BoycottIsrael,116.0,2025-10-03 01:07:18,KingofTrilobites123,Confirmed: boycott,0,0,2025-10-03 02:07:18,1970-01-01 00:00:01.759453638,1nwlmwx,False,New BDS Target Just Dropped,2025-10-03 02:07:18,1.0,top,14128,False
t2_fr1x0gg0,boycott_israel_posts_top.csv,566,566,False,0,https://reddit.com/r/BoycottIsrael/comments/1ohou0c/who_knew_saying_no_thanks_to_genocide_supporters/,19,,BoycottIsrael,,2025-10-27 20:00:57,Akram-Brahimi,Confirmed: boycott,0,0,2025-10-27 21:00:57,1970-01-01 00:00:01.761595257,1ohou0c,False,Who knew saying no thanks to genocide supporters could feel this powerful,2025-10-27 21:00:57,1.0,top,14128,False
t2_wruvntiyp,boycott_israel_posts_top.csv,558,558,False,0,https://reddit.com/r/BoycottIsrael/comments/1mrr3od/model_unfurls_palestinian_flag_during_fashion/,7,,BoycottIsrael,,2025-08-16 10:13:39,Sea_Banana882,News,0,0,2025-08-16 11:13:39,1970-01-01 00:00:01.755339219,1mrr3od,False,Model unfurls Palestinian flag during fashion show in Copenhagen,2025-08-16 11:13:39,1.0,top,14128,False
t2_1tfgx06n6z,boycott_israel_posts_top.csv,548,548,False,0,https://reddit.com/r/BoycottIsrael/comments/1m54gca/university_of_helsinki_boycotting_israeli_students/,31,,BoycottIsrael,,2025-07-21 00:17:00,nesmacon,Confirmed: safe,0,0,2025-07-21 01:17:00,1970-01-01 00:00:01.753057020,1m54gca,False,University of Helsinki Boycotting Israeli Students,2025-07-21 01:17:00,1.0,top,14128,False
t2_1iv4acsmit,boycott_israel_posts_top.csv,543,543,False,0,https://reddit.com/r/BoycottIsrael/comments/1p5stna/stranger_things_boycott/,42,Stranger Things Season 5 in 3 days. And we will stand against it(I hope so),BoycottIsrael,75.0,2025-11-24 20:52:43,CatacaX,Question,0,0,2025-11-24 21:52:43,1970-01-01 00:00:01.764017563,1p5stna,False,Stranger things boycott,2025-11-24 21:52:43,1.0,top,14128,False
t2_vuxmu214c,boycott_israel_posts_top.csv,507,507,False,0,https://reddit.com/r/BoycottIsrael/comments/1n176gn/mcdonalds/,2,https://www.tumblr.com/theinconvenientlifestyle/784254989436600320,BoycottIsrael,66.0,2025-08-27 04:05:52,Practical_Chef_7897,Confirmed: boycott,0,0,2025-08-27 05:05:52,1970-01-01 00:00:01.756267552,1n176gn,False,McDonald’s,2025-08-27 05:05:52,1.0,top,14128,False
t2_1v3iakyh33,boycott_israel_posts_top.csv,489,489,False,0,https://reddit.com/r/BoycottIsrael/comments/1nrx2op/appalled_to_see_that_costco_is_openly_stocking/,34,,BoycottIsrael,,2025-09-27 14:47:07,Altruistic-Look6136,Confirmed: boycott,0,0,2025-09-27 15:47:07,1970-01-01 00:00:01.758984427,1nrx2op,False,Appalled to see that Costco is openly stocking Israeli products!!,2025-09-27 15:47:07,1.0,top,14128,False
t2_1mz8yq2syf,boycott_israel_posts_top.csv,483,483,False,0,https://reddit.com/r/BoycottIsrael/comments/1obwtte/if_you_consider_yourself_above_humanity_you/,21,,BoycottIsrael,,2025-10-20 23:07:51,TonkaMaze,,0,4,2025-10-21 00:07:51,1970-01-01 00:00:01.761001671,1obwtte,False,If you consider yourself above humanity — you should be treated as separate from it.,2025-10-21 00:07:51,0.99,top,14128,False
t2_1dhmt8svgy,boycott_israel_posts_top.csv,436,436,False,0,https://reddit.com/r/BoycottIsrael/comments/1jwpvqb/your_favorite_celebrity_is_a_zionist_yet_you/,31,Taken from: [https://x.com/Inhumansoflate1/status/1909673621439889598](https://x.com/Inhumansoflate1/status/1909673621439889598),BoycottIsrael,128.0,2025-04-11 13:28:34,ElectricalChance3664,Confirmed: boycott,0,4,2025-04-11 14:28:34,1970-01-01 00:00:01.744378114,1jwpvqb,False,Your favorite celebrity is a Zionist yet you continue  to glaze them,2025-04-11 14:28:34,0.99,top,14128,False
t2_vuxmu214c,boycott_israel_posts_top.csv,431,431,False,0,https://reddit.com/r/BoycottIsrael/comments/1n0b2yj/starbucks/,14,https://www.tumblr.com/troythecatfish/747425308959997952,BoycottIsrael,56.0,2025-08-26 03:16:11,Practical_Chef_7897,Confirmed: boycott,0,0,2025-08-26 04:16:11,1970-01-01 00:00:01.756178171,1n0b2yj,False,Starbucks,2025-08-26 04:16:11,1.0,top,14128,False
t2_gzzaomd81,boycott_israel_posts_top.csv,423,423,False,0,https://reddit.com/r/BoycottIsrael/comments/1olrn33/hahahah_keep_it_up/,6,"There's no redemption for supporting genocide, crash and burn Pizza Hut",BoycottIsrael,71.0,2025-11-01 16:07:33,CopiousCool,News,0,0,2025-11-01 17:07:33,1970-01-01 00:00:01.762013253,1olrn33,False,HAHAHAH ... Keep it up,2025-11-01 17:07:33,1.0,top,14128,False
t2_2bgo7bfk,boycott_israel_posts_top.csv,416,416,False,0,https://reddit.com/r/BoycottIsrael/comments/1nl39g7/in_gaza/,9,"A lone infant—without an embrace to hold her, without a heart to protect her!

How can one look past such an image, go about their day as if it were nothing? A fragile body, wrapped in dust, shaded only by a tattered piece of cloth. In one hand she clutches something too weak to hold her, while the other draws an innocent soul close to her chest.

A terrifying scene—just one moment among thousands of horrifying moments—that will remain an unshakable testimony. How is it that a childhood so young falls asleep in death, and dies in sleep, as if fleeing the darkness of a life too cruel to endure… 💔

رضيعة وحيدة بلا حضنٍ يَضُمُّها ولا قلب يَحميها!

كيف للإنسان أن يتجاوز هذه الصّورة، أن يكون يومه وتفاصيله، جسد غَضّ، يَحُفُّه التّراب، يستَظِلُّ بقطعة قماشٍ بالية، تُمسِكُ بيَدها ما لا يُقيمُ يَدَها، وتَضُمّ الأخرىٰ بريئةً إليها، مشهد مخيف، ولحظة من آلاف اللّحظات المُرعِبة، ستبقىٰ شاهدةً ثابتة، كيف لطفولةٍ صغيرةٍ تنامُ مَوتًا، وتَموتُ نومًا، كأنّما تَهرُب من تفاصيل حياةٍ مُظلِمة.. 💔",BoycottIsrael,989.0,2025-09-19 13:14:35,m7mdhassballa,,0,0,2025-09-19 14:14:35,1970-01-01 00:00:01.758287675,1nl39g7,False,In Gaza,2025-09-19 14:14:35,1.0,top,14128,False
t2_ykt3x3780,boycott_israel_posts_top.csv,397,397,False,0,https://reddit.com/r/BoycottIsrael/comments/1nskbi4/paramore_joins_the_no_music_for_genocide_campaign/,17,,BoycottIsrael,,2025-09-28 09:49:07,Tr0jan___,,0,0,2025-09-28 10:49:07,1970-01-01 00:00:01.759052947,1nskbi4,False,Paramore joins the “No Music for Genocide” campaign and removes music from streaming in Israel,2025-09-28 10:49:07,1.0,top,14128,False
,boycott_israel_posts_top.csv,390,390,False,0,https://reddit.com/r/BoycottIsrael/comments/1krc01q/a_brave_israeli_woman/,63,"And they say, ""Why there is antisemetism, why people hate Israelis,😭😭😥, we are chosen people""",BoycottIsrael,93.0,2025-05-20 18:15:42,[deleted],,0,12,2025-05-20 19:15:42,1970-01-01 00:00:01.747764942,1krc01q,False,A brave Israeli woman,2025-05-20 19:15:42,0.97,top,14128,False
t2_h0b0ukn9,boycott_israel_posts_top.csv,381,381,False,0,https://reddit.com/r/BoycottIsrael/comments/1mh5vg1/makeup_brands_that_has_no_ties_to_israel/,70,"can someone confirm that these in no way, shape or form support israel",BoycottIsrael,70.0,2025-08-04 06:18:11,J3ssM,Question,0,3,2025-08-04 07:18:11,1970-01-01 00:00:01.754288291,1mh5vg1,False,Make-Up Brands that has no ties to Israel :),2025-08-04 07:18:11,0.99,top,14128,False
t2_1mz6dmw2zb,boycott_israel_posts_top.csv,376,376,False,0,https://reddit.com/r/BoycottIsrael/comments/1m2r1zn/greek_dockworkers_block_arms_to_israel/,24,,BoycottIsrael,,2025-07-18 02:51:52,librephili,News,0,0,2025-07-18 03:51:52,1970-01-01 00:00:01.752807112,1m2r1zn,False,Greek dockworkers block arms to Israel.,2025-07-18 03:51:52,1.0,top,14128,False
t2_4dsjiakm,boycott_israel_posts_top.csv,373,373,False,0,https://reddit.com/r/BoycottIsrael/comments/1op7nlx/the_war_ended_outside_but_its_still_alive_inside/,10,"During the war, many foreign friends stood with us in ways I’ll never forget. Some donated, some wrote, some just stayed present through messages when everything around us was falling apart. One of them once told me she wanted to find a psychologist for me and my family.

At first, I didn’t even know how to react. I felt shocked, almost offended. I told her, please don’t ever say that again. I thought she didn’t understand us that we just needed food, safety, maybe a roof. Not therapy. But she gently insisted, saying it might help after everything we’ve been through.

I stopped replying to her messages for a while after that. Something about her words made me feel small, or maybe seen in a way I wasn’t ready for. And over the weeks that followed, I began noticing changes in myself: how short my temper had become, how easily I snapped at my brother or got angry at small things.

Then I realized they were right. Something in us changed. The way we see and understand things isn’t the same anymore. We’ve become quick to judge, quick to shout, and always on edge. We interpret every word and gesture through our pain.

It’s terrifying when you notice it when you realize that the war might have ended outside, but it’s still alive inside you.

We’re people who survived the bombs physically, yes but I can say with certainty that 99% of us in Gaza have been deeply wounded psychologically. We don’t see things as they are anymore, only as our wounds let us see them.

I’ll end with a quote from Mikhail Naimy’s Memoirs of the Vagrant, a passage I read long ago, and now it makes painful sense:

“If I were to engrave three words at the end of every book ever written,
and carve them beneath every statue, paint them beneath every portrait,
or whisper them at the end of every poem or speech,
they would be these: ‘That’s what I thought.’
For no matter how precise and eloquent we try to be,
language is too small to contain the depth of our emotions and thoughts.
Truth lives in silence, not in speech.
And silence is veiled by the words that try to express it.”",BoycottIsrael,2073.0,2025-11-05 16:33:47,Amr_Abu_Ouda,,0,0,2025-11-05 17:33:47,1970-01-01 00:00:01.762360427,1op7nlx,False,"The war ended outside, but it’s still alive inside us.",2025-11-05 17:33:47,1.0,top,14128,False
t2_biwqf9n4,boycott_israel_posts_top.csv,367,367,False,0,https://reddit.com/r/BoycottIsrael/comments/1ldfbwm/boycott_nike/,25,,BoycottIsrael,,2025-06-17 05:42:14,Early_Bad_,Confirmed: boycott,0,3,2025-06-17 06:42:14,1970-01-01 00:00:01.750138934,1ldfbwm,False,Boycott Nike,2025-06-17 06:42:14,0.99,top,14128,False
t2_fsvto101,boycott_israel_posts_top.csv,362,362,False,0,https://reddit.com/r/BoycottIsrael/comments/1oi6h9q/do_not_shop_at_tesco/,19,"Good morning friends.

If you live in the UK, please do not shop at Tesco as you can see that they sell Israel flags on their site. ",BoycottIsrael,132.0,2025-10-28 11:11:45,Accomplished-Low9635,Confirmed: boycott,0,3,2025-10-28 12:11:45,1970-01-01 00:00:01.761649905,1oi6h9q,False,Do not shop at Tesco,2025-10-28 12:11:45,0.99,top,14128,False
t2_gzzaomd81,boycott_israel_posts_top.csv,359,359,False,0,https://reddit.com/r/BoycottIsrael/comments/1nvablm/oh_dear/,24,,BoycottIsrael,,2025-10-01 14:51:15,CopiousCool,News,0,0,2025-10-01 15:51:15,1970-01-01 00:00:01.759330275,1nvablm,False,Oh dear ...,2025-10-01 15:51:15,1.0,top,14128,False
t2_w48x1bl0t,boycott_israel_posts_top.csv,357,357,False,0,https://reddit.com/r/BoycottIsrael/comments/1osh48h/all_of_them_can_go_to/,22,,BoycottIsrael,,2025-11-09 11:31:54,Witty-Savings-2048,Confirmed: boycott,0,3,2025-11-09 12:31:54,1970-01-01 00:00:01.762687914,1osh48h,False,All of them can go to…,2025-11-09 12:31:54,0.99,top,14128,False
t2_1r0p5r19ry,boycott_israel_posts_top.csv,339,339,False,0,https://reddit.com/r/BoycottIsrael/comments/1l5utp9/free_palestine/,7,,BoycottIsrael,,2025-06-07 20:48:45,Fantastic_Bag1560,,0,0,2025-06-07 21:48:45,1970-01-01 00:00:01.749329325,1l5utp9,False,Free Palestine ✌️❤️,2025-06-07 21:48:45,1.0,top,14128,False
t2_151dybzvbg,boycott_israel_posts_top.csv,339,339,False,0,https://reddit.com/r/BoycottIsrael/comments/1o2ztkn/van_jones_joked_about_dead_babies_in_gaza_then/,18,"Sumer, a Palestinian activist in DC, says “our deaths are not a joke.”  
Every life is precious. Why can’t the media reflect that?",BoycottIsrael,130.0,2025-10-10 12:41:57,Able_Compote6571,Confirmed: boycott,0,3,2025-10-10 13:41:57,1970-01-01 00:00:01.760100117,1o2ztkn,False,Van Jones joked about “dead babies in Gaza” then blamed Iran and Qatar for showing the world the truth.,2025-10-10 13:41:57,0.99,top,14128,False
t2_fr1x0gg0,boycott_israel_posts_top.csv,340,340,False,0,https://reddit.com/r/BoycottIsrael/comments/1oj8e02/boycott_emirates_the_dogs_of_israel_for_their/,18,,BoycottIsrael,,2025-10-29 15:58:54,Akram-Brahimi,,0,0,2025-10-29 16:58:54,1970-01-01 00:00:01.761753534,1oj8e02,False,Boycott Emirates (The dogs of Israel) for their crimes in Sudan,2025-10-29 16:58:54,1.0,top,14128,False
t2_vuxmu214c,boycott_israel_posts_top.csv,339,339,False,0,https://reddit.com/r/BoycottIsrael/comments/1o0jw9f/samsung/,49,https://www.instagram.com/p/DOxh4oPCucl/?igsh=bDlsb3hoamJzNnJ3,BoycottIsrael,62.0,2025-10-07 16:40:04,Practical_Chef_7897,News,0,3,2025-10-07 17:40:04,1970-01-01 00:00:01.759855204,1o0jw9f,False,Samsung,2025-10-07 17:40:04,0.99,top,14128,False
t2_1enrv6nlgx,boycott_israel_posts_top.csv,337,337,False,0,https://reddit.com/r/BoycottIsrael/comments/1ky56o6/fixed_gal_gadot_walk_of_fame_star_that_she_buy/,6, ,BoycottIsrael,1.0,2025-05-29 08:02:56,Forward-Molasses4404,,0,3,2025-05-29 09:02:56,1970-01-01 00:00:01.748505776,1ky56o6,False,Fixed Gal Gadot walk of fame star ( that she buy with money ),2025-05-29 09:02:56,0.99,top,14128,False
t2_fr1x0gg0,boycott_israel_posts_top.csv,332,332,False,0,https://reddit.com/r/BoycottIsrael/comments/1oywvx6/samsung_is_not_safe/,31,,BoycottIsrael,,2025-11-16 20:54:31,Akram-Brahimi,Confirmed: boycott,0,0,2025-11-16 21:54:31,1970-01-01 00:00:01.763326471,1oywvx6,False,Samsung is not safe,2025-11-16 21:54:31,1.0,top,14128,False
,boycott_israel_posts_top.csv,336,336,False,0,https://reddit.com/r/BoycottIsrael/comments/1jixk53/the_journalist_of_al_jazeera_channel_mahmoud/,5,,BoycottIsrael,,2025-03-24 18:13:59,[deleted],,0,0,2025-03-24 19:13:59,1970-01-01 00:00:01.742840039,1jixk53,False,"The journalist of Al Jazeera channel, Mahmoud Mansour, who was m.artyered today, his father tells him: ""Hold the mic and speak. Even if you're d.ead, speak. The image is what conveys the message. You must keep speaking."" 😢😢 🇵🇸",2025-03-24 19:13:59,1.0,top,14128,False
t2_1dhmt8svgy,boycott_israel_posts_top.csv,330,330,False,0,https://reddit.com/r/BoycottIsrael/comments/1kop8hq/do_you_condemn_hamas_piers_morgen/,5,,BoycottIsrael,,2025-05-17 09:47:36,ElectricalChance3664,,0,0,2025-05-17 10:47:36,1970-01-01 00:00:01.747475256,1kop8hq,False,"""Do You Condemn Hamas"" - Piers Morgen",2025-05-17 10:47:36,1.0,top,14128,False
t2_fr1x0gg0,boycott_israel_posts_top.csv,331,331,False,0,https://reddit.com/r/BoycottIsrael/comments/1ojp5f0/boycott_works_better_than_you_can_imagine_real/,7,,BoycottIsrael,,2025-10-30 03:20:50,Akram-Brahimi,Confirmed: boycott,0,0,2025-10-30 04:20:50,1970-01-01 00:00:01.761794450,1ojp5f0,False,Boycott works better than you can imagine! Real power for normal people,2025-10-30 04:20:50,1.0,top,14128,False
t2_m2xibzw9,boycott_israel_posts_top.csv,326,326,False,0,https://reddit.com/r/BoycottIsrael/comments/1k3f63g/boycott_stranger_things/,7,,BoycottIsrael,,2025-04-20 05:09:44,abenites99,,0,0,2025-04-20 06:09:44,1970-01-01 00:00:01.745125784,1k3f63g,False,Boycott stranger things,2025-04-20 06:09:44,1.0,top,14128,False
t2_9h1u5fiq,boycott_israel_posts_top.csv,326,326,False,0,https://reddit.com/r/BoycottIsrael/comments/1nqc2ge/too_fcking_late_everyone_is_dead_microsoft/,18,,BoycottIsrael,,2025-09-25 16:53:48,Zealousideal-Item607,Confirmed: boycott,0,3,2025-09-25 17:53:48,1970-01-01 00:00:01.758819228,1nqc2ge,False,Too fcking late. Everyone is dead Microsoft.,2025-09-25 17:53:48,0.99,top,14128,False
t2_1mz6dmw2zb,boycott_israel_posts_top.csv,324,324,False,0,https://reddit.com/r/BoycottIsrael/comments/1l3kwm1/spain_officially_cancel_israeli_arms_deals/,8,,BoycottIsrael,,2025-06-04 23:51:23,librephili,News,0,3,2025-06-05 00:51:23,1970-01-01 00:00:01.749081083,1l3kwm1,False,Spain officially cancel Israeli arms deals,2025-06-05 00:51:23,0.99,top,14128,False
t2_151dybzvbg,boycott_israel_posts_top.csv,315,315,False,0,https://reddit.com/r/BoycottIsrael/comments/1otlmq2/mariah_carey_shows_support_for_netanyahu_another/,17,,BoycottIsrael,,2025-11-10 18:26:14,Able_Compote6571,Confirmed: boycott,0,3,2025-11-10 19:26:14,1970-01-01 00:00:01.762799174,1otlmq2,False,Mariah Carey shows support for NETANYAHU! (ANOTHER ONE SOLD THEIR SOUL TO THE DEVIL),2025-11-10 19:26:14,0.99,top,14128,False
t2_4othn18k,boycott_israel_posts_top.csv,313,313,False,0,https://reddit.com/r/BoycottIsrael/comments/1ndg2xv/i_was_a_zionist_until_recently_now_im_pro/,30,"I'm a 22 year old Canadian Atheist, growing up I had an Israeli occupational therapist which was why for the longest time I was pro Israel because of her. She didn't make me a Zionist, don't blame her as she is still one of the best people in my life, I became a Zionist because I believed in it but recently I began to see that Israel is a colonialist apartheid state.

I started to question Zionism and Israel back in 2023 during the October 7 attacks, after doing more research I became a critical supporter of Israel. But now after learning more I have rejected Zionism and Israel as they are committing genocide against the Palestinians and are proud of it, what makes me angrier is that it isn't just the Israeli government but the majority of Israelis are taking part.

I am not very much Pro Palestine, this genocide and war needs to end along with the State of Israel. I should have realized I was brainwashed be being a Zionist but its better late then never. I will proudly stand with the Palestinians against Isreal and show my support at protests. 🇵🇸🍉",BoycottIsrael,1064.0,2025-09-10 14:41:51,NewPatron-St,,0,6,2025-09-10 15:41:51,1970-01-01 00:00:01.757515311,1ndg2xv,False,I was a Zionist until recently now I'm Pro Palestine,2025-09-10 15:41:51,0.98,top,14128,False
t2_10p67yzm16,boycott_israel_posts_top.csv,312,312,False,0,https://reddit.com/r/BoycottIsrael/comments/1qajesh/do_not_support_these_game_developers/,12,"I don’t even know what to say anymore other than I am disappointed by the person who thought this was a good idea to run this ad. 

Video highlights advertising for mobile game titled: Supremacy: World War 3

Sold by: Stillfront Supremacy GmbH

DOG PRODUCTIONS LTD

Dorado Games

FREE PALESTINE. FREE SUDAN. FREE CONGO. FREE US ALL FROM AMERICAN IMPERIALISM. MAY TRUMP, NETANYAHU AND ASSOCIATES FAIL.",BoycottIsrael,400.0,2026-01-12 02:57:21,LofiOcean131,Rant,0,3,2026-01-12 03:57:21,1970-01-01 00:00:01.768186641,1qajesh,False,Do not support these Game Developers,2026-01-12 03:57:21,0.99,top,14128,False
t2_rz64t7wbl,boycott_israel_posts_top.csv,307,307,False,0,https://reddit.com/r/BoycottIsrael/comments/1oi83np/rjewish_is_unfettered_racist_zionism/,23,"I came across r/Jewish which is being used a space for Zionists to wallow in self pity and be fascists, repeating IDF lies. So a complete conflation with Judaism which is so disingenuous to the many wonderful Jews calling out Israeli terror but I genuinely am AGHAST at the posts! Just wtf.",BoycottIsrael,290.0,2025-10-28 12:33:00,ChangePrestigious702,,0,6,2025-10-28 13:33:00,1970-01-01 00:00:01.761654780,1oi83np,False,r/Jewish is unfettered racist Zionism,2025-10-28 13:33:00,0.98,top,14128,True
t2_1xe8jj5d6v,boycott_israel_posts_top.csv,305,305,False,0,https://reddit.com/r/BoycottIsrael/comments/1npbma2/game_over_israel/,2,"Boycott Israel, Israeli club teams, and ban Israeli players. While this campaign is focused on football (soccer),   this should extend to every sport in which Israel participates at both a individual, club, or international level.

Here's the campaign's Linktree: [https://linktr.ee/game.over.israel](https://linktr.ee/game.over.israel)

And need we say more...while athletes from this rogue, genocidal, apartheid state freely participate in competitions across the globe, their military continues to wantonly murder Palestinian athletes, whether they be amateurs or professionals, children, adolescents, or adults.

An excerpt from just one of the many articles reporting on this matter (over the past two years):

""Palestinian athletes have not been spared from the nearly two-year-long genocide in Gaza, with 672 martyred by the Israeli occupation forces (IOF) in what Palestinian officials call a systematic assault targeting both people and infrastructure.""

[https://english.palinfo.com/news/2025/08/20/345969/](https://english.palinfo.com/news/2025/08/20/345969/)",BoycottIsrael,1070.0,2025-09-24 13:05:41,Moth_Man_68,,0,3,2025-09-24 14:05:41,1970-01-01 00:00:01.758719141,1npbma2,1758761203.0,Game Over Israel!,2025-09-24 14:05:41,0.99,top,14128,False
t2_1txro587i3,boycott_israel_posts_top.csv,306,306,False,0,https://reddit.com/r/BoycottIsrael/comments/1mbz4ia/boycotts_work/,4,,BoycottIsrael,,2025-07-29 01:59:05,guibidesc,News,0,0,2025-07-29 02:59:05,1970-01-01 00:00:01.753754345,1mbz4ia,False,Boycotts Work,2025-07-29 02:59:05,1.0,top,14128,False
t2_1mz6dmw2zb,boycott_israel_posts_top.csv,306,306,False,0,https://reddit.com/r/BoycottIsrael/comments/1mazpn0/gaza_genocide_sparks_wave_of_boycotts_at_major/,28,,BoycottIsrael,,2025-07-27 22:37:04,librephili,News,0,0,2025-07-27 23:37:04,1970-01-01 00:00:01.753655824,1mazpn0,False,Gaza genocide sparks wave of boycotts at major European music festivals over KKR’s Israel Links,2025-07-27 23:37:04,1.0,top,14128,False
t2_1mz6dmw2zb,boycott_israel_posts_top.csv,306,306,False,0,https://reddit.com/r/BoycottIsrael/comments/1l3ir97/french_dock_workers_refuse_to_load_weapons_due/,2,,BoycottIsrael,,2025-06-04 22:14:38,librephili,News,0,3,2025-06-04 23:14:38,1970-01-01 00:00:01.749075278,1l3ir97,False,French dock workers refuse to load weapons due for Israel,2025-06-04 23:14:38,0.99,top,14128,False
t2_1mz6dmw2zb,boycott_israel_posts_top.csv,300,300,False,0,https://reddit.com/r/BoycottIsrael/comments/1lv78rr/dock_workers_at_the_port_of_piraeus_have_said/,27,,BoycottIsrael,,2025-07-09 02:17:36,librephili,News,0,0,2025-07-09 03:17:36,1970-01-01 00:00:01.752027456,1lv78rr,False,"Dock workers at the port of Piraeus have said that they will refuse to unload the Ever Golden, a container ship carrying military-grade steel to Israel, when it arrives in Greece.",2025-07-09 03:17:36,1.0,top,14128,False
,boycott_israel_posts_top.csv,303,303,False,0,https://reddit.com/r/BoycottIsrael/comments/1ilc9cb/gen_z_is_boycotting_made_in_israel_products_and/,8,,BoycottIsrael,,2025-02-09 10:53:29,[deleted],News,0,0,2025-02-09 11:53:29,1970-01-01 00:00:01.739098409,1ilc9cb,False,Gen Z is boycotting “Made in Israel” products — and it’s working,2025-02-09 11:53:29,1.0,top,14128,False
t2_evdtgw8v,boycott_israel_posts_top.csv,301,301,False,0,https://reddit.com/r/BoycottIsrael/comments/1on1bvg/israel_burns_christian_town_in_west_bank/,10,,BoycottIsrael,,2025-11-03 03:25:25,Ilovedia,News,0,0,2025-11-03 04:25:25,1970-01-01 00:00:01.762140325,1on1bvg,False,Israel burns Christian Town in West Bank,2025-11-03 04:25:25,1.0,top,14128,False
t2_vuxmu214c,boycott_israel_posts_top.csv,301,301,False,0,https://reddit.com/r/BoycottIsrael/comments/1n70vdk/mcdonalds/,13,https://www.tumblr.com/troythecatfish/755463478856253440,BoycottIsrael,56.0,2025-09-03 00:48:26,Practical_Chef_7897,Confirmed: boycott,0,0,2025-09-03 01:48:26,1970-01-01 00:00:01.756860506,1n70vdk,False,McDonald’s,2025-09-03 01:48:26,1.0,top,14128,False
t2_wruvntiyp,boycott_israel_posts_top.csv,297,297,False,0,https://reddit.com/r/BoycottIsrael/comments/1mr357g/why_isnt_this_covered_by_western_media/,7,,BoycottIsrael,,2025-08-15 16:41:34,Sea_Banana882,News,0,0,2025-08-15 17:41:34,1970-01-01 00:00:01.755276094,1mr357g,False,Why isn’t this covered by Western media?,2025-08-15 17:41:34,1.0,top,14128,False
t2_151dybzvbg,boycott_israel_posts_top.csv,295,295,False,0,https://reddit.com/r/BoycottIsrael/comments/1nwbvot/global_protests_after_israels_kidnapping_of_the/,0,"Never Give Up! 2 million people are counting on us! When we don't stop to put out the fire in our neighbour's home, pretty soon it is our own house that will be on fire. HOW LONG DO WE THINK WE CAN AVOID THIS???

 this is an urgent matter for entire humanity..",BoycottIsrael,260.0,2025-10-02 18:31:25,Able_Compote6571,News,0,0,2025-10-02 19:31:25,1970-01-01 00:00:01.759429885,1nwbvot,False,Global Protests after Israel's kidnapping of the flotilla crew,2025-10-02 19:31:25,1.0,top,14128,False
t2_151dybzvbg,boycott_israel_posts_top.csv,295,295,False,0,https://reddit.com/r/BoycottIsrael/comments/1oa7o6l/the_tide_is_turning_aipacs_grip_is_cracking/,8,"Rep. Seth Moulton just returned AIPAC’s checks, joining Democrats and even Republicans who refuse to be tied to a lobby enabling genocide in Gaza.  
The politicians are finally realizing it is not in their best interest to take AIPAC's money.  
The tide is turning!",BoycottIsrael,265.0,2025-10-18 21:17:08,Able_Compote6571,News,0,0,2025-10-18 22:17:08,1970-01-01 00:00:01.760822228,1oa7o6l,False,The tide is turning- AIPAC'S GRIP IS CRACKING!,2025-10-18 22:17:08,1.0,top,14128,False
t2_1mz6dmw2zb,boycott_israel_posts_top.csv,292,292,False,0,https://reddit.com/r/BoycottIsrael/comments/1llenhv/italian_supermarket_chain_coop_alleanza_30_has/,5,,BoycottIsrael,,2025-06-26 23:13:13,librephili,News,0,0,2025-06-27 00:13:13,1970-01-01 00:00:01.750979593,1llenhv,False,"Italian supermarket chain Coop Alleanza 3.0 has announced it will stop selling Israeli products — including tahini, peanuts and SodaStream — in solidarity with Gaza, as the retail boycott of Israeli goods gathers momentum.",2025-06-27 00:13:13,1.0,top,14128,False
t2_yfwtmuqlc,boycott_israel_posts_top.csv,291,291,False,0,https://reddit.com/r/BoycottIsrael/comments/1mxcjfn/everything_you_need_to_know_about_why_we_boycott/,4,,BoycottIsrael,,2025-08-22 17:18:58,adilbuilds,Confirmed: boycott,0,0,2025-08-22 18:18:58,1970-01-01 00:00:01.755883138,1mxcjfn,False,Everything you need to know about why we boycott ZARA,2025-08-22 18:18:58,1.0,top,14128,False
t2_1pusz86e2i,boycott_israel_posts_top.csv,291,291,False,0,https://reddit.com/r/BoycottIsrael/comments/1ks91l8/the_criminals_israeli_soldiers_killed_this_little/,27,,BoycottIsrael,,2025-05-21 21:02:01,No_Snow2245,,0,2,2025-05-21 22:02:01,1970-01-01 00:00:01.747861321,1ks91l8,False,The Criminals Israeli Soldiers Killed This Little Girl Yesterday 💔😢,2025-05-21 22:02:01,0.99,top,14128,False
t2_1t4eenmne3,boycott_israel_posts_top.csv,282,282,False,0,https://reddit.com/r/BoycottIsrael/comments/1mdfckx/dont_buy_apartheid/,12,,BoycottIsrael,,2025-07-30 19:03:48,Perfect-Parking1536,,0,0,2025-07-30 20:03:48,1970-01-01 00:00:01.753902228,1mdfckx,False,Don't buy Apartheid,2025-07-30 20:03:48,1.0,top,14128,False
t2_5hqz6olf,boycott_israel_posts_top.csv,284,284,False,0,https://reddit.com/r/BoycottIsrael/comments/1ljmjlh/disarm_spotify_now/,38,Cancel your subscription and remove your music from Spotify! Spotify CEO Daniel Ek becomes chairman of an Ai Military startup. Look at swapping to Tidal for music and podbean for podcasts. Please recommend any other suggestions below. ,BoycottIsrael,235.0,2025-06-24 20:47:28,Farley_B,,0,0,2025-06-24 21:47:28,1970-01-01 00:00:01.750798048,1ljmjlh,False,Disarm Spotify Now!,2025-06-24 21:47:28,1.0,top,14128,False
t2_vuxmu214c,boycott_israel_posts_top.csv,281,281,False,0,https://reddit.com/r/BoycottIsrael/comments/1njvpej/ben_and_jerrys/,12,,BoycottIsrael,,2025-09-18 01:48:39,Practical_Chef_7897,Confirmed: boycott,0,0,2025-09-18 02:48:39,1970-01-01 00:00:01.758160119,1njvpej,False,Ben and Jerry’s,2025-09-18 02:48:39,1.0,top,14128,False
t2_uvtjeqzr,boycott_israel_posts_top.csv,276,276,False,0,https://reddit.com/r/BoycottIsrael/comments/1nzlcmg/i_didnt_realize_i_followed_someone_that_stands/,24,"This Kamala Harris impersonator is paid off fs etc. the one Oct. 7th narrative is all the proof needed? Not knowing how Israel came to be and what they did the last 100 + years to Palestine? How they behind the terriost attacks in America? I thought she was being sarcastic at first. Then I seen the comments standing with . I'm sick of ts, and blind, evil
''s. To
support them at this point... after seeing what they did in 4K..",BoycottIsrael,429.0,2025-10-06 14:56:56,HuckleberryFuzzy918,Rant,0,2,2025-10-06 15:56:56,1970-01-01 00:00:01.759762616,1nzlcmg,False,I didn’t realize I followed someone that stands with Israel…,2025-10-06 15:56:56,0.99,top,14128,False
t2_sp8h7zpg,boycott_israel_posts_top.csv,273,273,False,0,https://reddit.com/r/BoycottIsrael/comments/1m99k6r/my_neighbors_are_demanding_i_take_down_my/,34,"Hello everyone,

I'm posting here because I'm in a tense situation with some of my neighbors in the building, and I’d really appreciate your thoughts — whether legal, moral, or human.

A few months ago, I put up a Palestinian flag on my balcony, securely attached, as a gesture of solidarity with civilians enduring an unbearable tragedy. The flag is firmly fixed, doesn’t block anything, doesn’t make noise, and causes no damage. It’s a peaceful, symbolic, and personal act.

But apparently, some neighbors are complaining, and the building concierge came and asked me to take it down. They’re citing certain rules from the condo regulations. I reviewed those rules carefully:

* The first article refers to private annexes (like storage rooms or garages), not the living spaces themselves.
* The second one bans hanging laundry, rugs, commercial signs, or unstable objects. 👉 My flag is none of these things.

The apartment owner is a friend of mine. We met through activism. She told me: *“I understand, but I need to protect myself first.”*  
I’m not sure what that means exactly, or what kind of risk I’m facing. But nothing in the condo rules bans the display of a flag — it’s not laundry, not a rug, not an advertisement.

I’m simply exercising my right to free expression. Besides, I’m supposed to leave the apartment in 10 months, in June 2026, because my friend (the landlord) will be returning from Kourou (she works at the French Guiana spaceport).

I’m willing to defend myself in court, with legal aid if necessary, or whatever it takes.  
This is a moral imperative for me. I’ve been following the genocide — massacred children, food and medicine blockades, and relentless bombings.

I’d rather be evicted than take down this flag. I simply cannot live with myself if I cave in.

So here’s my question:

What can I do to defend myself and delay any legal action?  
I just want to buy time — a few months — so I can stay until my planned departure in June 2026.

Any advice, ideas, or personal stories would mean a lot. Thank you 🙏",BoycottIsrael,2045.0,2025-07-25 20:11:41,ResolutionDull5054,,0,0,2025-07-25 21:11:41,1970-01-01 00:00:01.753474301,1m99k6r,False,My neighbors are demanding I take down my Palestinian flag — I refuse,2025-07-25 21:11:41,1.0,top,14128,False
t2_1m57af1672,boycott_israel_posts_top.csv,273,273,False,0,https://reddit.com/r/BoycottIsrael/comments/1jnoumz/gazas_children_deserve_life/,2,,BoycottIsrael,,2025-03-30 22:47:15,Ok_Strawberry_2143,,0,0,2025-03-30 23:47:15,1970-01-01 00:00:01.743374835,1jnoumz,False,Gaza’s children deserve life 😔,2025-03-30 23:47:15,1.0,top,14128,False
t2_1w7482sycx,boycott_israel_posts_top.csv,273,273,False,0,https://reddit.com/r/BoycottIsrael/comments/1odz4j0/indonesia_boycotts_israel_and_has_no_regrets/,5," International Olympic committee says to Indonesia -
  "" You can't give out invites at school unless you invite everyone in the classroom !  No house party for you this year!""*


 Indonesia:   “ Ohhh Honey.....We totally understand the consequences...but nice try.""* *



*  That's not an actual quote, but it's what I imagined the IOC saying to those boycotting baddies.

** Kinda what Indonesia's sport authority actually said. But in my version, he casually checks his manicure, does a hair toss and then probably rides off on a Harley Davidson.  Idk. ",BoycottIsrael,555.0,2025-10-23 09:53:43,DragonflyNo19,News,0,0,2025-10-23 10:53:43,1970-01-01 00:00:01.761213223,1odz4j0,False,Indonesia Boycotts Israel and has no regrets.,2025-10-23 10:53:43,1.0,top,14128,False
t2_rzdj74gm9,boycott_israel_posts_top.csv,272,272,False,0,https://reddit.com/r/BoycottIsrael/comments/1khrliq/me_hearing_that_apple_supports_israel/,49,"Everything good nowadays supports them 😭

Btw are there any alternatives, what about Samsungs?",BoycottIsrael,94.0,2025-05-08 14:32:57,secret-agent-zero,suggesting alternative,0,5,2025-05-08 15:32:57,1970-01-01 00:00:01.746714777,1khrliq,False,Me hearing that apple supports Israel,2025-05-08 15:32:57,0.98,top,14128,False
t2_1mz6dmw2zb,boycott_israel_posts_top.csv,270,270,False,0,https://reddit.com/r/BoycottIsrael/comments/1ld6uos/france_shuts_down_four_israeli_weapon_stands_at/,18,,BoycottIsrael,,2025-06-16 22:32:44,librephili,News,0,0,2025-06-16 23:32:44,1970-01-01 00:00:01.750113164,1ld6uos,False,France shuts down four Israeli weapon stands at Paris Airshow | AJ,2025-06-16 23:32:44,1.0,top,14128,False
t2_ima73fms,boycott_israel_posts_top.csv,269,269,False,0,https://reddit.com/r/BoycottIsrael/comments/1jw383h/dont_stop_boycotting/,4,,BoycottIsrael,,2025-04-10 17:15:03,Ok_Somewhere9687,Confirmed: boycott,0,0,2025-04-10 18:15:03,1970-01-01 00:00:01.744305303,1jw383h,False,Don't Stop Boycotting.,2025-04-10 18:15:03,1.0,top,14128,False
t2_151dybzvbg,boycott_israel_posts_top.csv,270,270,False,0,https://reddit.com/r/BoycottIsrael/comments/1noc79c/leonardo_dicaprio_on_the_boycott/,8,"Someone made a post about him being on the boycott and reddit's automatic filter removed it. All hollywood stars and celebrities are to boycotted as long as they are complicit, openly supporting or being silent on genocide of the palestinian people!

Long Live Palestine!",BoycottIsrael,271.0,2025-09-23 08:51:22,Able_Compote6571,Confirmed: boycott,0,2,2025-09-23 09:51:22,1970-01-01 00:00:01.758617482,1noc79c,False,Leonardo DiCaprio on the Boycott!!!!,2025-09-23 09:51:22,0.99,top,14128,False
t2_1mz6dmw2zb,boycott_israel_posts_top.csv,267,267,False,0,https://reddit.com/r/BoycottIsrael/comments/1o1r9xa/spain_approves_arms_embargo_on_israel_due_to_gaza/,4,,BoycottIsrael,,2025-10-08 23:54:54,librephili,News,0,0,2025-10-09 00:54:54,1970-01-01 00:00:01.759967694,1o1r9xa,False,Spain approves arms embargo on “Israel” due to Gaza genocide | AJ,2025-10-09 00:54:54,1.0,top,14128,False
t2_idi8cuzu,boycott_israel_posts_top.csv,266,266,False,0,https://reddit.com/r/BoycottIsrael/comments/1nbvaqd/remember_when_amy_schumer_casually_shared_this/,22,,BoycottIsrael,,2025-09-08 18:13:19,Ur_Shado,Rant,0,0,2025-09-08 19:13:19,1970-01-01 00:00:01.757355199,1nbvaqd,False,Remember when Amy Schumer casually shared this?,2025-09-08 19:13:19,1.0,top,14128,False
t2_1mz6dmw2zb,boycott_israel_posts_top.csv,266,266,False,0,https://reddit.com/r/BoycottIsrael/comments/1mogfdk/river_island_which_is_known_for_its_support_of/,6,,BoycottIsrael,,2025-08-12 18:16:49,librephili,,0,0,2025-08-12 19:16:49,1970-01-01 00:00:01.755022609,1mogfdk,False,"River Island, which is known for its support of “Israel”, is taking a huge economic hit",2025-08-12 19:16:49,1.0,top,14128,False
t2_9165wrdh,boycott_israel_posts_top.csv,265,265,False,0,https://reddit.com/r/BoycottIsrael/comments/1otb9r8/the_head_of_moroccos_bds_movement_passed_away_at/,8,"On the 10th of November 2025, Moroccan Jewish activist Sion Assidon passed away after 3 months in a coma caused by a head injury. 

Born in 1948, he lived 77 years. Within his life, he proved his stance again and again in support of the Palestinian cause. 

In 2010, he launched the Moroccan branch of the BDS movement and protested the visit of Israeli tennis player Shahar Pe'er in April 2012.

&gt; ""We should not receive artists or athletes from this country as if nothing had happened. It is abnormal to pretend everything is fine. These are people who are inflicting apartheid on the Palestinian people. We must not receive them but also show solidarity with the Palestinian people.”

&gt; ""We don't want Moroccans to be contributors in the budget of the zionist occupational forces."" 

&gt; ""Every Dirham we pay in exchange for these items becomes, one way or another, a bullet that pierces the chests of our Palestinian brothers."" 

He left a strong impact on how the occupation against Palestine should be fought against, leaving behind a legacy that cannot be erased.",BoycottIsrael,1077.0,2025-11-10 11:25:47,VanillaAdventurous74,News,0,2,2025-11-10 12:25:47,1970-01-01 00:00:01.762773947,1otb9r8,False,The head of Morocco's BDS movement passed away at the 7th of November,2025-11-10 12:25:47,0.99,top,14128,False
t2_aznl8ayi,boycott_israel_posts_top.csv,266,266,False,0,https://reddit.com/r/BoycottIsrael/comments/1piobvs/fiverr_is_on_the_list/,15,Will we ever be able to escape this country?,BoycottIsrael,44.0,2025-12-10 00:33:59,Fit_Fisherman_3317,Confirmed: boycott,0,2,2025-12-10 01:33:59,1970-01-01 00:00:01.765326839,1piobvs,False,Fiverr is on the list 🤦🏻‍♂️,2025-12-10 01:33:59,0.99,top,14128,False
t2_deg0gkwu,boycott_israel_posts_top.csv,264,264,False,0,https://reddit.com/r/BoycottIsrael/comments/1qetr8y/why_exactly_are_we_proud_of_this/,22,"i know this isn’t boycotting related really but i just had to share this person who i saw on pinterest, why exactly are we proud of this?? why is this like a funny quirky thing i keep seeing zionist’s do??? it annoys me so much 🥲",BoycottIsrael,229.0,2026-01-16 22:06:38,Miserable-Spinach867,Rant,0,2,2026-01-16 23:06:38,1970-01-01 00:00:01.768601198,1qetr8y,False,why exactly are we proud of this..?,2026-01-16 23:06:38,0.99,top,14128,False
t2_7px9e0qw,boycott_israel_posts_top.csv,259,259,False,0,https://reddit.com/r/BoycottIsrael/comments/1q5vl8r/because_as_in_2026_the_whole_world_sees_scarlett/,22,,BoycottIsrael,,2026-01-06 21:25:36,Financial_Smile4143,Confirmed: boycott,0,5,2026-01-06 22:25:36,1970-01-01 00:00:01.767734736,1q5vl8r,False,"Because as in 2026, the whole world sees Scarlett Johansson for what she is: a terrible actress and even a more terrible person (just like Gal 'Gadot' Greenstein)",2026-01-06 22:25:36,0.98,top,14128,False
,boycott_israel_posts_top.csv,259,259,False,0,https://reddit.com/r/BoycottIsrael/comments/1nzq64b/take_action_on_the_7_oct/,2,,BoycottIsrael,,2025-10-06 17:53:17,[deleted],,0,2,2025-10-06 18:53:17,1970-01-01 00:00:01.759773197,1nzq64b,False,Take Action on the 7 oct,2025-10-06 18:53:17,0.99,top,14128,False
t2_151dybzvbg,boycott_israel_posts_top.csv,255,255,False,0,https://reddit.com/r/BoycottIsrael/comments/1js71d1/nobody_can_claim_they_didnt_know_b0ycott_these/,5,,BoycottIsrael,,2025-04-05 16:15:48,Able_Compote6571,,0,0,2025-04-05 17:15:48,1970-01-01 00:00:01.743869748,1js71d1,False,NOBODY can claim they didn't know!  (b0ycott these unhinged psychopaths on a killing spree),2025-04-05 17:15:48,1.0,top,14128,False
t2_vopzr7vu,boycott_israel_posts_top.csv,259,259,False,0,https://reddit.com/r/BoycottIsrael/comments/1o40dkv/call_to_action_on_1021bibis_birthday_boycott/,6,"10/21 is Netanyahu's birthday and I think we should celebrate by putting up these wanted posters all over the world.  The QR code in the above image links to the ICC page about his crimes, and I'm working on another with a link to much more information about his atrocities.  Please share the image and date on social media and in your Palestine groups; I'd love to see these really become a thing.  I want it to get enough attention that he hears about it, and I want people to come face-to-face with that he's a wanted war criminal the US and other governments are supporting.  Any suggestions about what to include in the second poster or any other ideas in general are very welcome. ",BoycottIsrael,687.0,2025-10-11 16:43:59,TheAlphaKiller17,Alternative Suggestions,0,0,2025-10-11 17:43:59,1970-01-01 00:00:01.760201039,1o40dkv,False,Call to action on 10/21--Bibi's Birthday Boycott,2025-10-11 17:43:59,1.0,top,14128,False
t2_1t2cqeenz2,boycott_israel_posts_top.csv,257,257,False,0,https://reddit.com/r/BoycottIsrael/comments/1o8mloa/more_and_more_americans_are_supporting_palestine/,1,,BoycottIsrael,,2025-10-17 00:09:21,YamFrosty6169,News,0,0,2025-10-17 01:09:21,1970-01-01 00:00:01.760659761,1o8mloa,False,More and more Americans are supporting Palestine!,2025-10-17 01:09:21,1.0,top,14128,False
t2_evdtgw8v,boycott_israel_posts_top.csv,252,252,False,0,https://reddit.com/r/BoycottIsrael/comments/1nfmtx5/they_suspended_their_twitter/,21,"WTF man 



They truly want you to forget about Gaza rn like this is censorship ",BoycottIsrael,80.0,2025-09-13 03:12:15,Ilovedia,News,0,0,2025-09-13 04:12:15,1970-01-01 00:00:01.757733135,1nfmtx5,False,They suspended their twitter!!!!!!!!,2025-09-13 04:12:15,1.0,top,14128,False
t2_665tv2u5,boycott_israel_posts_top.csv,253,253,False,0,https://reddit.com/r/BoycottIsrael/comments/1m6d393/just_a_gentle_reminder_to_avoid_the_upcoming/,31,"Marvel is part of Disney, so that's part of DBS. Marvel has a history of publishing racist, anti Muslim/ Palestinian and pro Israel and propaganda comics (i.e. Moon Knight Vol 1 16 - 20-ish, some others during 2008). 

While it does have Pedro Pasca and Vanessa Kirby, who has been outspoken about Palestine before, it also includes a literal Israeli actress as well as a bunch of other potential Zionists. 

https://en.m.wikipedia.org/wiki/Julia_Garner


The Thing actor, Ebon Moss-Bachrach, has spoken about Ukraine for years but nothing here. That is because he works - or rather promotes a Zionist activist for Ukraine often.  https://www.instagram.com/p/CykKntArbXx/?igsh=cnA5cGgzb3R5NHBs

Natasha Lyonne is also another Zionist. Lived in Israel. 
https://www.instagram.com/p/DGzEG0Zvny-/?igsh=MWhpa3U1dWlvZmRqaA==

Paul Walter Hauser is another zio https://www.instagram.com/p/CySS8KpLi7g/?igsh=MWZzNTR6NHRjMWpkYQ==


Edit; Obviously, piracy is an option. As long as they don't see your money )",BoycottIsrael,1000.0,2025-07-22 12:44:01,CrossingVoid,Confirmed: boycott,0,5,2025-07-22 13:44:01,1970-01-01 00:00:01.753188241,1m6d393,1753220009.0,Just a gentle reminder to avoid the upcoming Fantastic Four movie,2025-07-22 13:44:01,0.98,top,14128,False
t2_1haavjnzft,boycott_israel_posts_top.csv,248,248,False,0,https://reddit.com/r/BoycottIsrael/comments/1l1w6p8/hurrah/,9,"I never thought I’d say this about RyanAir, but Hurrah! I’d still be wary about booking them though. Their planes are manufactured by Boeing, who make weapons that are used against Israel. But it’s a step (or maybe a flight) in the right direction. ",BoycottIsrael,249.0,2025-06-02 22:49:22,Enough_Credit_8199,News,0,0,2025-06-02 23:49:22,1970-01-01 00:00:01.748904562,1l1w6p8,False,Hurrah!,2025-06-02 23:49:22,1.0,top,14128,False
t2_gnvtanpc,boycott_israel_posts_top.csv,248,248,False,0,https://reddit.com/r/BoycottIsrael/comments/1pigb2v/add_this_to_the_list/,14,Never realised sea salt was on the list. And just happened to stumble upon it. Any suggestions on any different brand?,BoycottIsrael,118.0,2025-12-09 19:14:57,ResearchWorking3402,Confirmed: boycott,0,0,2025-12-09 20:14:57,1970-01-01 00:00:01.765307697,1pigb2v,False,Add this to the list.,2025-12-09 20:14:57,1.0,top,14128,False
t2_d3nbi,boycott_israel_posts_top.csv,250,250,False,0,https://reddit.com/r/BoycottIsrael/comments/1nt1j9c/im_not_saying_we_should_reviewbomb_one_battle_at/,9,,BoycottIsrael,,2025-09-28 22:24:43,venrir,Confirmed: boycott,0,2,2025-09-28 23:24:43,1970-01-01 00:00:01.759098283,1nt1j9c,False,"I'm not saying we should review-bomb One Battle At A Time, but I am saying Fuck LDC",2025-09-28 23:24:43,0.99,top,14128,False
,boycott_israel_posts_top.csv,248,248,False,0,https://reddit.com/r/BoycottIsrael/comments/1h1hiat/lush_publicly_advocates_for_palestine_and_gaza/,15,"Lush is CURRENTLY selling watermelon soap with 100% of the profits will be donated to mental health services and trauma counselling for children in Gaza and the West Bank. Well done Lush

On October 12th, 2023 Lush supported “the upholding of international law and the human rights of all peoples.”",BoycottIsrael,298.0,2024-11-27 22:59:40,[deleted],,0,2,2024-11-27 23:59:40,1970-01-01 00:00:01.732748380,1h1hiat,False,LUSH Publicly Advocates For PALESTINE And GAZA,2024-11-27 23:59:40,0.99,top,14128,False
t2_1i36dsqfrx,boycott_israel_posts_top.csv,247,247,False,0,https://reddit.com/r/BoycottIsrael/comments/1nq6m9b/starbucks_boycotts_are_working/,6,"The boycotts against Starbucks are working. Over 2,000 jobs lost this year alone and over 900 stores to be closed soon.

They won't admit it as all of the mainstream news article fail to mention any boycotts. But we know they know it's the boycotts!

[https://www.newsweek.com/starbucks-store-closures-2025-coffee-jobs-us-canada-10728453](https://www.newsweek.com/starbucks-store-closures-2025-coffee-jobs-us-canada-10728453)

[https://www.bloomberg.com/news/articles/2025-09-25/starbucks-to-close-stores-cut-jobs-in-1-billion-restructuring](https://www.bloomberg.com/news/articles/2025-09-25/starbucks-to-close-stores-cut-jobs-in-1-billion-restructuring)

[https://finance.yahoo.com/news/starbucks-announces-plans-to-cut-another-900-jobs-and-close-more-stores-as-its-turnaround-struggles-continue-120332919.html](https://finance.yahoo.com/news/starbucks-announces-plans-to-cut-another-900-jobs-and-close-more-stores-as-its-turnaround-struggles-continue-120332919.html) ",BoycottIsrael,970.0,2025-09-25 13:21:37,Icy_Giraffe3903,Rant,0,0,2025-09-25 14:21:37,1970-01-01 00:00:01.758806497,1nq6m9b,1758806713.0,Starbucks boycotts are working!,2025-09-25 14:21:37,1.0,top,14128,False
t2_1mz6dmw2zb,boycott_israel_posts_top.csv,247,247,False,0,https://reddit.com/r/BoycottIsrael/comments/1ktw7r8/former_microsoft_employees_disrupt_ai_event_for/,1,,BoycottIsrael,,2025-05-23 22:17:55,librephili,,0,0,2025-05-23 23:17:55,1970-01-01 00:00:01.748038675,1ktw7r8,False,Former Microsoft employees disrupt AI event for Gaza,2025-05-23 23:17:55,1.0,top,14128,False
,boycott_israel_posts_top.csv,246,246,False,0,https://reddit.com/r/BoycottIsrael/comments/1jxezzs/why_we_need_boycott/,5,"This drawing describes how if we stop buying Israeli supporting brands, then Israel will get practically zero money.

Look, Israel gets most of its money from It's Allies right?

Then Where do those Allies get their money?

 They get their money from their companies (KFC,etc)

Unsuspecting people buy them and ultimately Fund Israel.

Israel uses this money to create its own companies (Soda stream,etc)
And also to fund the Genocide of Palestinians.

If anyone says ""Boycotting never works!"" Then tell them this because Boycotting does work and if we stop buying Israeli supporting brands, Israel will get less money to murder Palestinian Children.


",BoycottIsrael,653.0,2025-04-12 11:17:25,[deleted],,0,0,2025-04-12 12:17:25,1970-01-01 00:00:01.744456645,1jxezzs,False,Why We need Boycott,2025-04-12 12:17:25,1.0,top,14128,False
t2_ei7a7kf1c,boycott_israel_posts_top.csv,243,243,False,0,https://reddit.com/r/BoycottIsrael/comments/1p0e0lb/is_this_verified/,34,,BoycottIsrael,,2025-11-18 14:55:07,johnsmithoncemore,Question,0,0,2025-11-18 15:55:07,1970-01-01 00:00:01.763477707,1p0e0lb,False,Is this verified?,2025-11-18 15:55:07,1.0,top,14128,False
t2_151dybzvbg,boycott_israel_posts_top.csv,240,240,False,0,https://reddit.com/r/BoycottIsrael/comments/1nqg30q/sumud_flotilla_crew_singsthe_whole_world_sees/,6,"The best message from flotilla crew to israel and their supporters! Long Live Palestine!   
Boycott israel! Break the siege!!!!!!",BoycottIsrael,129.0,2025-09-25 19:26:20,Able_Compote6571,News,0,2,2025-09-25 20:26:20,1970-01-01 00:00:01.758828380,1nqg30q,False,"Sumud Flotilla Crew sings-The whole world sees your ""psychopathy""!",2025-09-25 20:26:20,0.99,top,14128,False
t2_2uri7zq9,boycott_israel_posts_top.csv,237,237,False,0,https://reddit.com/r/BoycottIsrael/comments/1nrkfy7/starbucks_will_close_hundreds_of_stores_this/,7,"To everyone who boycotted and still is, Alhamdoulillah, we did it, every penny counts, may Allah reward us all and guide us, yarab.",BoycottIsrael,131.0,2025-09-27 03:00:04,tallbigbear,Confirmed: boycott,0,0,2025-09-27 04:00:04,1970-01-01 00:00:01.758942004,1nrkfy7,False,Starbucks will close hundreds of stores this month and will lay off staff at its headquarters as the chain continues to struggle,2025-09-27 04:00:04,1.0,top,14128,False
t2_151dybzvbg,boycott_israel_posts_top.csv,230,230,False,0,https://reddit.com/r/BoycottIsrael/comments/1mbvci4/leonardo_dicaprio_to_build_ecofriendly_resort_in/,17,,BoycottIsrael,,2025-07-28 23:06:20,Able_Compote6571,,0,0,2025-07-29 00:06:20,1970-01-01 00:00:01.753743980,1mbvci4,False,Leonardo DiCaprio to Build 'Eco-Friendly' Resort in Apartheid Israel,2025-07-29 00:06:20,1.0,top,14128,False
,boycott_israel_posts_top.csv,230,230,False,0,https://reddit.com/r/BoycottIsrael/comments/1nwx0df/dont_use_your_phone_on_saturdaybella_ciao/,23,,BoycottIsrael,,2025-10-03 11:53:35,[deleted],,0,4,2025-10-03 12:53:35,1970-01-01 00:00:01.759492415,1nwx0df,False,DON'T USE YOUR PHONE ON SATURDAY....BELLA CIAO,2025-10-03 12:53:35,0.98,top,14128,False
t2_151dybzvbg,boycott_israel_posts_top.csv,228,228,False,0,https://reddit.com/r/BoycottIsrael/comments/1q2w386/how_boycotting_israelilinked_brands_reshaped/,5,,BoycottIsrael,,2026-01-03 14:35:45,Able_Compote6571,News,0,0,2026-01-03 15:35:45,1970-01-01 00:00:01.767450945,1q2w386,False,How boycotting Israeli-linked brands reshaped Malaysia's food industry,2026-01-03 15:35:45,1.0,top,14128,False
t2_151dybzvbg,boycott_israel_posts_top.csv,229,229,False,0,https://reddit.com/r/BoycottIsrael/comments/1ni61wb/4000_artists_sign_a_pledge_to_boycott_israel/,6,Paramount tries to defend genocide by criticizing those that spoke against it!,BoycottIsrael,78.0,2025-09-16 02:52:28,Able_Compote6571,News,0,0,2025-09-16 03:52:28,1970-01-01 00:00:01.757991148,1ni61wb,False,4000 artists sign a pledge to boycott israel!,2025-09-16 03:52:28,1.0,top,14128,False
t2_1mz6dmw2zb,boycott_israel_posts_top.csv,230,230,False,0,https://reddit.com/r/BoycottIsrael/comments/1l8cvxw/a_cisco_employee_disrupted_the_companys_event/,1,,BoycottIsrael,,2025-06-10 22:49:25,librephili,News,0,0,2025-06-10 23:49:25,1970-01-01 00:00:01.749595765,1l8cvxw,False,"A Cisco employee disrupted the company’s event, calling on Cisco to cut all ties with the Israeli military and pledge not to work with ICE or any agency complicit in human rights abuses.",2025-06-10 23:49:25,1.0,top,14128,False
t2_1m57af1672,boycott_israel_posts_top.csv,229,229,False,0,https://reddit.com/r/BoycottIsrael/comments/1jrczu7/this_is_what_the_occupation_does_to_the_homes_of/,4,,BoycottIsrael,,2025-04-04 14:18:01,Ok_Strawberry_2143,,0,0,2025-04-04 15:18:01,1970-01-01 00:00:01.743776281,1jrczu7,False,This is what the occupation does to the homes of my people in Gaza.,2025-04-04 15:18:01,1.0,top,14128,False
t2_wruvntiyp,boycott_israel_posts_top.csv,227,227,False,0,https://reddit.com/r/BoycottIsrael/comments/1mqsjks/a_year_ago_muhammad_abu_alqumsan_went_to_collect/,2,,BoycottIsrael,,2025-08-15 09:15:00,Sea_Banana882,,0,0,2025-08-15 10:15:00,1970-01-01 00:00:01.755249300,1mqsjks,False,"A year ago, Muhammad Abu Al-Qumsan went to collect his newborn twins’ birth certificates, returning only to find them and their mother killed by the Israeli machinery of war. We will never forget you",2025-08-15 10:15:00,1.0,top,14128,False
t2_151dybzvbg,boycott_israel_posts_top.csv,225,225,False,0,https://reddit.com/r/BoycottIsrael/comments/1o3482l/israels_honeypot_campaign/,8,,BoycottIsrael,,2025-10-10 15:34:30,Able_Compote6571,News,0,4,2025-10-10 16:34:30,1970-01-01 00:00:01.760110470,1o3482l,False,Israel's HONEYPOT CAMPAIGN!,2025-10-10 16:34:30,0.98,top,14128,False
t2_ut7i8cc,boycott_israel_posts_top.csv,225,225,False,0,https://reddit.com/r/BoycottIsrael/comments/1kyjnsq/pledge_to_boycott_taylor_swifts_upcoming_album/,31,"Hello! I am not sure whether this is allowed, but I wanted to share a social media campaign that I have created in order to attempt to pressure Taylor Swift to speak out publicly in favor of a ceasefire in Israel and Palestine. I am asking fellow Swifties of conscience to join me in pledging to donate the money that we would have spent on Taylor's new album to organizations that deliver lifesaving aid to Palestinians instead. You can find out more and sign below! And if this isn't your thing, feel free to just ignore. I am certain I will get backlash for this, but as Ms. Rachel said, the lives of Palestinian children are worth more than any harassment I might have to endure.

[https://www.change.org/boycottTaylorSwiftforGaza](https://www.change.org/boycottTaylorSwiftforGaza)

If you decide to make a post, please use the hashtag #boycottTaylorSwift! And if you have any experience running successful social media campaigns, please reach out to me.",BoycottIsrael,958.0,2025-05-29 19:23:09,doctormelody18,Confirmed: boycott,0,6,2025-05-29 20:23:09,1970-01-01 00:00:01.748546589,1kyjnsq,False,Pledge to boycott Taylor Swift's upcoming album for Gaza,2025-05-29 20:23:09,0.97,top,14128,False
t2_ufs4insc,boycott_israel_posts_top.csv,223,223,False,0,https://reddit.com/r/BoycottIsrael/comments/1o17gf5/unicef_double_standards/,15,Apparently the 50 thousand dead Palestinian children aren’t worth empathizing with according to UNICEF. Catherine Russel is a Zionist ,BoycottIsrael,134.0,2025-10-08 11:08:15,No_Degree3814,News,0,2,2025-10-08 12:08:15,1970-01-01 00:00:01.759921695,1o17gf5,False,UNICEF double standards,2025-10-08 12:08:15,0.99,top,14128,False
t2_7px9e0qw,boycott_israel_posts_top.csv,223,223,False,0,https://reddit.com/r/BoycottIsrael/comments/1qa28xq/shes_just_trying_to_get_a_job/,8,,BoycottIsrael,,2026-01-11 15:32:47,Financial_Smile4143,Confirmed: boycott,0,2,2026-01-11 16:32:47,1970-01-01 00:00:01.768145567,1qa28xq,False,She's just trying to get a job,2026-01-11 16:32:47,0.99,top,14128,False
t2_9h1u5fiq,boycott_israel_posts_top.csv,133,133,False,0,https://reddit.com/r/BoycottIsrael/comments/1nlgu69/boycott_leonardo_dicaprio_movies/,6,I am boycotting all Hollywood actors who don't speak out against the genocide. Especially this guy who is backing a five-star hotel in the occupied lands. ,BoycottIsrael,155.0,2025-09-19 22:03:08,Zealousideal-Item607,Confirmed: boycott,0,7,2025-09-19 23:03:08,1970-01-01 00:00:01.758319388,1nlgu69,False,Boycott Leonardo DiCaprio movies.,2025-09-19 23:03:08,0.95,top,14128,False
